COUNTS
3
3
POLY I1
4 40 0
-5 38 1
2 36 2
4 34 3
-5 22 1
4 6 17
2 21 1
-7 20 2
-5 4 18
4 18 3
2 2 19
-5 17 3
2 16 4
4 0 20
-4 15 4
2 14 5
-2 13 5
-2 12 6
7 11 6
-2 10 7
8 9 7
2 8 8
5 7 8
2 6 9
-1 5 9
4 4 10
-7 3 10
-7 2 11
-1 1 11
-5 0 12
5 6 0
2 5 1
-1 4 2
1 3 2
8 2 3
-8 2 2
-1 1 3
-8 0 4
-3 0 3
END
POLY I2
-8 36 18
-1 34 19
-7 18 35
3 33 19
-2 32 20
8 32 19
1 31 20
-8 30 21
-7 31 19
-6 30 20
1 29 21
-6 28 22
4 30 19
-4 29 20
8 28 21
7 27 22
-3 26 23
5 29 19
1 28 20
-5 27 21
1 26 22
-4 25 23
-1 24 24
2 28 19
6 27 20
-4 26 21
8 25 22
-8 24 23
-1 23 24
1 22 25
-6 27 19
-7 26 20
8 25 21
8 24 22
3 23 23
1 22 24
-5 21 25
-2 20 26
1 26 19
-7 25 20
-6 24 21
5 23 22
7 22 23
4 21 24
3 20 25
5 19 26
-2 18 27
-3 25 19
5 24 20
4 23 21
4 22 22
-7 21 23
-8 20 24
6 19 25
-1 18 26
-8 24 19
-7 23 20
-1 22 21
2 21 22
-2 20 23
4 19 24
-4 18 25
7 23 19
-2 22 20
-7 21 21
-2 20 22
8 19 23
2 18 24
-4 22 19
4 21 20
-8 20 21
-7 19 22
3 18 23
-5 21 19
3 20 20
8 19 21
3 18 22
-2 20 19
4 19 20
2 18 21
6 19 19
-4 18 20
-3 18 19
1 17 19
-6 16 20
7 1 35
-8 0 36
-3 16 19
3 15 20
5 14 21
-8 15 19
-4 14 20
-3 13 21
3 12 22
7 14 19
-2 13 20
-3 12 21
-5 11 22
-2 10 23
-4 13 19
-6 12 20
2 11 21
7 10 22
-6 9 23
-1 8 24
-5 12 19
-5 11 20
-6 10 21
3 9 22
-7 8 23
-6 7 24
-6 6 25
-2 11 19
6 10 20
6 9 21
2 8 22
5 7 23
4 6 24
-7 5 25
6 4 26
6 10 19
5 9 20
1 8 21
6 7 22
-6 6 23
-6 4 25
6 3 26
5 2 27
-1 9 19
-4 8 20
-2 7 21
-7 6 22
6 5 23
4 4 24
4 3 25
-4 2 26
-2 1 27
5 0 28
3 8 19
-6 7 20
-8 6 21
3 5 22
-3 4 23
-3 2 25
3 1 26
-6 0 27
8 7 19
-7 6 20
-7 5 21
-8 4 22
-3 3 23
1 2 24
-6 1 25
-7 0 26
-7 6 19
-7 5 20
-5 4 21
-6 3 22
-3 2 23
-5 1 24
-5 0 25
4 5 19
6 4 20
-2 3 21
-7 2 22
6 1 23
1 0 24
5 4 19
1 3 20
-7 2 21
-6 1 22
1 0 23
2 3 19
1 2 20
5 1 21
-5 0 22
-6 2 19
6 1 20
-7 0 21
8 2 18
-8 1 19
-2 0 20
END
POLY I3
4 57 17
-4 40 34
-5 55 18
5 38 35
2 53 19
-2 36 36
4 51 20
-4 34 37
1 47 18
8 46 19
2 45 20
1 44 21
7 43 22
-7 42 23
-1 41 24
-2 40 25
-8 39 26
-1 38 27
-8 46 18
-5 45 19
6 44 20
4 43 21
-1 41 23
4 40 24
-3 39 25
-6 38 26
8 37 27
1 36 28
2 45 18
-6 44 19
8 43 20
3 42 21
5 41 22
4 40 23
-3 39 24
-5 38 25
8 37 26
-1 36 27
-2 35 28
4 34 29
-1 44 18
4 43 19
-3 42 20
-6 41 21
-1 40 22
-3 39 23
3 38 24
-4 37 25
-3 36 26
-1 35 27
-2 34 28
7 43 18
5 41 20
1 40 21
-1 38 23
3 37 24
-1 36 25
-5 35 26
8 34 27
7 42 18
-1 41 19
-4 40 20
-3 39 21
1 38 22
4 37 23
-1 36 24
-7 35 25
4 34 26
-1 41 18
-4 40 19
-3 39 20
-3 38 21
3 37 22
1 36 23
-4 35 24
-6 34 25
2 40 18
-3 39 19
5 38 20
-4 37 21
1 36 22
-7 35 23
6 34 24
-4 40 17
-4 39 18
2 38 19
8 37 20
3 36 21
-5 35 22
-4 34 23
8 23 34
-4 22 35
2 38 18
5 37 19
5 36 20
-1 35 21
-8 34 22
-6 21 35
3 20 36
7 35 20
1 34 21
1 19 36
8 18 37
-2 30 18
2 29 19
4 28 20
4 26 22
4 25 23
-5 24 24
3 23 25
-3 22 26
-6 21 27
-1 20 28
-1 29 18
1 28 19
1 27 20
4 25 22
4 24 23
-7 23 24
-1 22 25
2 21 26
2 20 27
3 19 28
-8 18 29
-4 28 18
5 27 19
4 26 20
-6 25 21
-7 24 22
-1 23 23
-5 22 24
-5 21 25
4 20 26
-6 19 27
4 18 28
2 27 18
6 26 19
4 25 20
-6 24 21
-7 23 22
-7 22 23
-1 21 24
8 19 26
1 18 27
3 26 18
8 25 19
-7 24 20
5 23 21
-2 22 22
7 21 23
-2 20 24
-4 19 25
-8 18 26
3 25 18
2 24 19
-6 23 20
7 22 21
6 21 22
-8 20 23
1 19 24
-5 18 25
2 24 18
3 22 20
3 20 22
4 19 23
5 18 24
-4 23 18
-8 22 19
4 21 20
6 20 21
-6 19 22
8 18 23
-4 23 17
-1 22 18
4 21 19
-1 20 20
4 19 21
-1 18 22
-4 6 34
4 5 35
-1 4 36
3 21 18
8 20 19
-5 19 20
-2 18 21
1 4 35
-1 3 36
-4 2 37
1 13 18
7 12 19
7 11 20
1 10 21
-2 9 22
-1 8 23
-5 7 24
-7 6 25
-2 5 26
-2 4 27
-1 3 28
4 2 29
-8 12 18
4 11 19
-1 10 20
8 9 21
7 8 22
-2 7 23
4 6 24
-8 5 25
8 4 26
7 3 27
-2 2 28
2 11 18
1 10 19
-3 9 20
-5 8 21
6 7 22
-2 6 23
-3 5 24
-1 4 25
-3 3 26
8 2 27
-1 10 18
7 9 19
-6 7 21
8 6 22
-8 5 23
2 4 24
-6 3 25
4 2 26
7 9 18
-8 8 19
-8 7 20
-5 5 22
3 3 24
-6 2 25
7 8 18
-1 7 19
8 6 20
8 5 21
3 4 22
3 3 23
6 2 24
-1 7 18
4 6 19
-2 5 20
-8 4 21
-6 3 22
-4 2 23
2 6 18
-6 5 19
-2 4 20
-3 3 21
-8 2 22
4 6 17
5 5 18
-4 4 19
-6 3 20
1 2 21
END
POLY T1
1 0 21
5 0 20
END
POLY T2
1 1 20
5 0 20
END
POLY T3
1 40 0
3 38 1
-8 36 2
1 34 3
3 22 1
-8 21 1
-6 20 2
1 18 3
3 17 3
-8 16 4
8 0 20
-1 15 4
-8 14 5
8 13 5
8 12 6
6 11 6
8 10 7
2 9 7
-8 8 8
-3 7 8
-8 6 9
4 5 9
1 4 10
-6 3 10
-6 2 11
4 1 11
3 0 12
-3 6 0
-8 5 1
4 4 2
-4 3 2
2 2 3
-2 2 2
4 1 3
-2 0 4
-5 0 3
END
POLY M1_1
5 69 19
6 68 20
-2 67 21
-3 66 22
-7 65 23
2 64 24
-5 63 25
2 62 26
-8 61 27
-3 60 28
-6 59 29
5 58 30
1 57 31
8 56 32
-2 55 33
7 54 34
-1 53 35
6 52 36
-2 50 38
-3 49 39
-2 48 40
1 47 41
-6 46 42
-7 45 43
8 44 44
-6 43 45
-1 42 46
7 41 47
-5 40 48
1 39 49
-7 38 50
5 37 51
1 36 52
6 35 53
-6 34 54
4 33 55
6 32 56
-8 31 57
-3 30 58
-6 29 59
5 28 60
-8 26 62
7 25 63
5 24 64
4 23 65
8 22 66
-8 21 67
5 20 68
-2 69 18
-3 68 19
-3 67 20
-4 66 21
-5 65 22
-8 63 24
-1 62 25
5 61 26
8 60 27
-7 59 28
3 58 29
4 57 30
3 56 31
-4 55 32
-6 54 33
5 53 34
-3 52 35
1 51 36
-7 50 37
-3 49 38
-4 48 39
-6 47 40
-4 46 41
8 45 42
1 44 43
-7 43 44
7 42 45
1 40 47
-7 39 48
-6 38 49
-3 37 50
3 36 51
-5 35 52
2 34 53
-7 33 54
7 32 55
-8 31 56
6 30 57
-5 29 58
-7 28 59
-6 27 60
-1 26 61
-3 24 63
-5 23 64
4 22 65
-7 21 66
-8 20 67
-8 19 68
-7 18 69
-8 68 18
-2 67 19
1 66 20
-6 65 21
-8 64 22
-3 62 24
4 61 25
-6 60 26
2 59 27
-4 58 28
-3 57 29
-2 56 30
4 55 31
1 54 32
-1 53 33
6 52 34
7 51 35
-5 50 36
7 49 37
4 47 39
4 46 40
4 45 41
-4 44 42
-2 43 43
8 42 44
1 41 45
-7 40 46
-4 39 47
-8 38 48
6 37 49
-2 35 51
-2 34 52
4 33 53
2 32 54
-7 31 55
-3 29 57
2 28 58
-3 27 59
-1 26 60
-2 25 61
-7 24 62
-7 23 63
-8 22 64
-5 21 65
-5 20 66
-7 19 67
1 18 68
5 67 18
-2 66 19
-3 65 20
4 64 21
-1 63 22
-3 62 23
2 61 24
8 60 25
6 59 26
2 58 27
-3 57 28
-2 56 29
6 55 30
-2 54 31
1 53 32
-5 52 33
6 49 36
7 48 37
-1 47 38
-4 46 39
4 45 40
-7 44 41
-5 43 42
-3 42 43
-8 41 44
-2 39 46
-7 38 47
3 37 48
6 36 49
-8 35 50
5 34 51
4 33 52
-7 32 53
2 31 54
-6 30 55
4 29 56
8 28 57
3 27 58
8 26 59
-8 25 60
-7 24 61
-2 23 62
-5 22 63
7 21 64
-7 20 65
6 19 66
7 18 67
2 66 18
-8 65 19
3 64 20
8 63 21
-1 61 23
-3 60 24
-2 59 25
2 58 26
-4 57 27
-7 56 28
-4 55 29
7 53 31
1 52 32
-8 50 34
-6 48 36
7 47 37
-1 46 38
8 45 39
-8 44 40
6 43 41
8 42 42
4 41 43
7 40 44
-1 39 45
6 37 47
-1 36 48
1 35 49
4 34 50
-3 33 51
7 32 52
5 31 53
4 29 55
3 28 56
-5 27 57
-1 26 58
8 25 59
7 24 60
-3 22 62
-8 21 63
-3 20 64
-5 19 65
-1 18 66
5 65 18
5 64 19
-6 63 20
5 62 21
-2 61 22
-2 60 23
1 59 24
-2 58 25
1 57 26
2 56 27
-8 55 28
-6 54 29
-1 53 30
-5 52 31
4 51 32
-5 50 33
4 49 34
-6 48 35
2 47 36
-8 46 37
6 45 38
8 44 39
-4 43 40
-3 42 41
8 41 42
-5 40 43
-5 39 44
3 38 45
6 37 46
6 36 47
7 35 48
2 34 49
4 33 50
1 31 52
-6 30 53
-5 29 54
-8 28 55
1 27 56
-6 26 57
-7 25 58
7 24 59
-8 23 60
-1 22 61
1 21 62
2 20 63
3 19 64
4 18 65
-8 64 18
2 63 19
-7 62 20
-5 61 21
8 59 23
8 58 24
-4 57 25
-3 56 26
5 55 27
-5 54 28
2 53 29
6 52 30
2 51 31
1 49 33
4 48 34
5 47 35
-3 46 36
-2 45 37
-3 44 38
7 43 39
3 42 40
1 41 41
4 40 42
-8 39 43
-4 38 44
-8 37 45
5 36 46
6 35 47
-3 34 48
4 33 49
-2 32 50
3 31 51
2 30 52
-4 29 53
8 28 54
3 27 55
-7 26 56
-7 25 57
-2 24 58
-2 23 59
-6 22 60
-5 21 61
5 20 62
7 19 63
4 18 64
6 63 18
-3 62 19
3 61 20
-2 60 21
1 59 22
-7 58 23
5 56 25
4 55 26
3 54 27
1 53 28
2 52 29
3 51 30
-6 50 31
-8 49 32
3 48 33
-6 47 34
-1 46 35
-4 45 36
-5 44 37
-3 43 38
-2 42 39
4 41 40
-2 40 41
2 39 42
-3 38 43
1 36 45
2 35 46
-8 34 47
-4 33 48
-6 32 49
-6 31 50
7 30 51
8 29 52
-6 28 53
8 27 54
-1 26 55
1 25 56
-8 24 57
-3 23 58
-8 22 59
1 21 60
3 20 61
1 19 62
-8 18 63
-1 62 18
5 61 19
-2 59 21
-1 58 22
7 57 23
8 56 24
4 55 25
-2 54 26
-7 53 27
-7 52 28
-2 51 29
5 50 30
4 49 31
-2 48 32
-5 47 33
2 46 34
2 45 35
1 44 36
8 43 37
-8 42 38
6 41 39
-2 40 40
-2 39 41
8 38 42
-4 37 43
-4 36 44
-4 35 45
-1 34 46
-2 33 47
-7 32 48
6 31 49
7 30 50
6 29 51
7 28 52
2 27 53
-4 26 54
1 25 55
-8 24 56
-2 23 57
-5 22 58
-4 21 59
-3 20 60
4 18 62
-8 61 18
-8 60 19
-4 59 20
5 58 21
-3 56 23
2 55 24
1 54 25
6 53 26
1 52 27
-6 51 28
1 50 29
2 49 30
6 48 31
2 47 32
-1 46 33
-4 45 34
-8 44 35
3 43 36
8 42 37
4 41 38
-4 40 39
-8 39 40
3 38 41
-2 37 42
6 36 43
2 35 44
5 34 45
6 33 46
4 32 47
6 31 48
7 30 49
7 29 50
-3 28 51
-3 27 52
3 26 53
-4 25 54
-5 24 55
-2 23 56
-5 22 57
-7 21 58
-3 20 59
1 19 60
-3 18 61
-7 60 18
-2 59 19
-6 58 20
4 57 21
7 56 22
3 54 24
1 53 25
2 52 26
-2 50 28
3 48 30
2 46 32
-7 45 33
-4 44 34
-2 43 35
-5 42 36
-4 41 37
-5 40 38
-5 39 39
6 37 41
-6 36 42
4 35 43
5 34 44
-3 33 45
-5 32 46
4 31 47
-3 30 48
-5 29 49
-1 28 50
1 27 51
-6 26 52
2 25 53
1 24 54
-8 23 55
1 22 56
-1 21 57
-7 20 58
1 19 59
-4 18 60
-4 17 61
-6 16 62
8 59 18
-6 57 20
6 56 21
4 55 22
4 54 23
6 53 24
5 52 25
4 51 26
6 50 27
1 49 28
-4 48 29
4 47 30
2 46 31
-6 45 32
3 43 34
-3 42 35
-1 41 36
-8 40 37
5 39 38
8 37 40
-1 36 41
-6 34 43
4 33 44
8 32 45
-6 31 46
-8 30 47
7 29 48
8 28 49
-8 27 50
7 26 51
-6 25 52
4 24 53
6 23 54
-3 22 55
-7 21 56
-8 20 57
5 18 59
7 17 60
3 16 61
8 59 17
-1 58 18
-2 57 19
-8 56 20
-3 55 21
-7 54 22
4 53 23
-8 52 24
-4 51 25
-5 50 26
2 49 27
6 47 29
-2 45 31
5 44 32
-8 43 33
3 42 34
-2 41 35
8 40 36
4 39 37
4 38 38
-1 37 39
-3 36 40
-4 35 41
-2 34 42
6 33 43
8 32 44
6 31 45
6 30 46
-2 29 47
3 28 48
6 27 49
5 26 50
4 25 51
-5 24 52
-2 23 53
-4 22 54
-3 21 55
1 20 56
-7 19 57
5 18 58
-7 17 59
8 16 60
3 58 17
8 57 18
-5 56 19
1 55 20
-7 54 21
-8 53 22
-1 52 23
-3 51 24
5 50 25
-1 49 26
7 48 27
6 47 28
-3 46 29
-6 45 30
1 44 31
3 43 32
6 41 34
-6 40 35
-6 39 36
-8 38 37
-6 37 38
4 36 39
2 35 40
-5 34 41
5 33 42
2 32 43
-6 31 44
3 30 45
-5 29 46
-8 28 47
-4 27 48
3 26 49
5 25 50
-3 24 51
-8 23 52
6 22 53
-4 21 54
6 20 55
-1 19 56
-8 18 57
1 17 58
-6 16 59
-4 57 17
-7 56 18
-8 55 19
-5 54 20
-5 53 21
-5 52 22
-6 51 23
4 50 24
8 49 25
4 47 27
7 46 28
8 45 29
-8 44 30
4 43 31
6 42 32
-6 41 33
-6 40 34
3 39 35
-2 38 36
4 37 37
4 36 38
2 35 39
-1 34 40
-8 33 41
3 32 42
3 31 43
8 30 44
6 29 45
7 28 46
-1 27 47
-2 26 48
6 25 49
-8 24 50
3 22 52
-4 21 53
-2 20 54
8 19 55
8 18 56
7 17 57
5 16 58
5 56 17
-4 55 18
8 54 19
-5 52 21
6 50 23
5 49 24
2 48 25
8 46 27
-3 45 28
7 44 29
7 43 30
2 42 31
5 41 32
-5 40 33
7 39 34
-4 38 35
6 37 36
-6 36 37
5 35 38
-4 34 39
-7 33 40
4 32 41
6 31 42
-5 30 43
7 29 44
-4 28 45
-3 27 46
2 26 47
-5 25 48
3 24 49
-1 23 50
-1 22 51
-1 21 52
4 20 53
-8 19 54
7 18 55
-4 17 56
-4 16 57
-3 55 17
-1 54 18
-8 53 19
-8 51 21
-1 50 22
-7 49 23
3 48 24
-8 47 25
4 46 26
6 45 27
-6 44 28
7 43 29
6 42 30
-3 41 31
-6 40 32
-8 39 33
8 38 34
8 36 36
-3 35 37
-7 34 38
8 33 39
8 32 40
1 31 41
-7 30 42
-6 29 43
3 28 44
-8 27 45
-1 26 46
-1 25 47
-2 23 49
2 22 50
2 21 51
-3 20 52
-7 19 53
1 18 54
2 17 55
7 16 56
6 54 17
-4 52 19
-3 51 20
-5 50 21
-8 49 22
-2 48 23
-7 47 24
-3 46 25
4 45 26
-7 44 27
4 43 28
7 42 29
-6 41 30
-7 40 31
-5 39 32
2 38 33
5 37 34
4 36 35
-6 35 36
-3 34 37
2 32 39
-5 31 40
6 30 41
8 29 42
-7 28 43
-4 27 44
8 26 45
-1 25 46
2 24 47
-7 23 48
-3 22 49
2 21 50
3 20 51
-7 19 52
-6 18 53
8 16 55
1 15 56
-7 14 57
6 13 58
5 12 59
-7 11 60
-4 10 61
8 9 62
-4 8 63
3 7 64
-8 6 65
-1 5 66
5 4 67
-2 3 68
-4 2 69
1 53 17
7 52 18
-6 51 19
-8 50 20
-2 49 21
-2 48 22
-6 47 23
-2 46 24
-8 45 25
-7 44 26
-6 43 27
2 42 28
1 41 29
6 40 30
2 39 31
8 38 32
-7 37 33
-2 36 34
-6 35 35
-8 34 36
4 33 37
2 32 38
-1 31 39
-7 29 41
-4 28 42
-8 27 43
6 26 44
8 25 45
-1 24 46
5 23 47
6 22 48
-2 21 49
-8 20 50
4 18 52
8 17 53
5 16 54
2 15 55
-1 14 56
-3 13 57
7 12 58
-6 11 59
-2 10 60
-1 9 61
-6 8 62
3 7 63
4 6 64
-3 4 66
-6 2 68
-7 1 69
-8 0 70
5 52 17
-6 50 19
-6 49 20
5 48 21
4 47 22
-8 46 23
-7 45 24
-6 44 25
-2 43 26
-6 42 27
1 41 28
5 39 30
8 38 31
-1 37 32
-5 36 33
1 35 34
5 34 35
2 33 36
-2 32 37
-4 31 38
-2 30 39
-1 29 40
-7 28 41
-7 27 42
6 26 43
4 25 44
-5 24 45
-2 23 46
-3 22 47
-7 21 48
6 20 49
-2 19 50
-1 18 51
7 17 52
4 16 53
5 15 54
6 14 55
-8 13 56
3 12 57
-3 11 58
-2 10 59
-4 8 61
-5 7 62
-1 6 63
8 4 65
-8 3 66
-6 2 67
8 1 68
6 0 69
4 51 17
-3 50 18
-1 49 19
8 48 20
4 47 21
-3 46 22
-3 45 23
-5 44 24
-7 43 25
4 42 26
-1 41 27
7 40 28
2 39 29
8 38 30
5 37 31
-3 36 32
-4 35 33
-8 34 34
-7 33 35
-8 32 36
2 31 37
-3 30 38
-1 28 40
-1 27 41
5 26 42
3 24 44
4 23 45
1 22 46
8 21 47
-7 20 48
8 19 49
4 18 50
-3 17 51
3 16 52
7 15 53
2 14 54
4 13 55
-6 12 56
-1 11 57
-6 10 58
-7 9 59
5 8 60
-7 7 61
-6 6 62
-7 5 63
-3 4 64
-2 3 65
3 2 66
-5 1 67
8 0 68
6 49 18
-4 48 19
-3 47 20
-7 46 21
3 45 22
4 44 23
-4 42 25
6 41 26
7 40 27
8 39 28
-5 38 29
3 37 30
-1 36 31
2 35 32
-8 34 33
-6 32 35
-2 31 36
3 30 37
-7 29 38
-3 28 39
2 27 40
4 26 41
5 25 42
-1 24 43
3 23 44
-5 22 45
6 21 46
2 20 47
-3 19 48
3 18 49
-3 17 50
-4 16 51
-3 15 52
4 14 53
6 13 54
6 12 55
-5 11 56
5 9 58
3 8 59
7 7 60
8 6 61
3 5 62
7 4 63
6 3 64
4 2 65
5 1 66
-6 0 67
1 48 18
4 47 19
5 46 20
6 45 21
5 44 22
8 43 23
-4 42 24
6 41 25
5 40 26
6 39 27
-1 38 28
-1 37 29
-3 36 30
5 35 31
5 34 32
5 33 33
-4 32 34
5 31 35
-3 30 36
-1 29 37
2 28 38
3 27 39
7 26 40
5 25 41
4 24 42
-2 22 44
-5 21 45
1 20 46
-8 19 47
-3 18 48
7 17 49
2 16 50
2 15 51
8 14 52
2 13 53
-3 12 54
-5 11 55
3 10 56
7 9 57
-3 8 58
2 7 59
-1 6 60
4 5 61
-7 4 62
4 3 63
-8 2 64
-3 1 65
7 0 66
3 47 18
-1 46 19
-2 45 20
-3 44 21
3 43 22
-6 41 24
-5 40 25
-3 39 26
-8 38 27
-1 37 28
-5 36 29
-5 35 30
7 34 31
7 33 32
-7 32 33
-6 31 34
7 30 35
-8 29 36
3 28 37
-1 27 38
-4 26 39
-3 25 40
-2 24 41
8 23 42
-8 22 43
7 20 45
-3 19 46
-1 18 47
6 17 48
-1 16 49
5 15 50
-1 14 51
4 13 52
4 12 53
-1 11 54
1 10 55
-5 9 56
-8 8 57
-6 7 58
-1 6 59
-6 5 60
3 4 61
-1 3 62
6 2 63
4 1 64
7 0 65
-3 46 18
-7 45 19
7 44 20
6 43 21
-8 42 22
4 41 23
6 40 24
-7 39 25
-3 38 26
8 37 27
4 36 28
-4 35 29
2 33 31
3 31 33
-1 29 35
4 28 36
2 27 37
-2 26 38
5 25 39
5 24 40
5 23 41
-6 22 42
-4 21 43
-8 20 44
1 19 45
-3 18 46
1 17 47
-5 16 48
-6 15 49
-4 14 50
2 13 51
-1 12 52
-4 10 54
-5 9 55
-8 8 56
-4 7 57
-7 6 58
-5 5 59
-4 4 60
3 3 61
-3 1 63
3 0 64
6 45 18
-4 44 19
3 43 20
6 42 21
-5 41 22
-1 40 23
4 39 24
-2 38 25
-7 37 26
5 36 27
-3 35 28
-8 34 29
2 33 30
5 32 31
-1 31 32
-6 30 33
-2 29 34
-3 28 35
-5 27 36
-4 26 37
-8 25 38
-2 24 39
-1 23 40
6 22 41
-6 21 42
-7 20 43
-3 19 44
2 18 45
5 17 46
7 16 47
8 15 48
-5 14 49
-6 13 50
7 12 51
4 11 52
2 10 53
4 9 54
6 8 55
6 7 56
1 5 58
-8 4 59
5 3 60
5 2 61
-4 1 62
7 0 63
1 44 18
3 43 19
2 42 20
2 41 21
-3 40 22
1 39 23
4 38 24
-1 37 25
2 36 26
1 35 27
-6 34 28
-6 33 29
-2 32 30
-3 31 31
-2 30 32
8 29 33
-8 28 34
-5 27 35
-4 26 36
6 25 37
5 24 38
-5 23 39
-1 22 40
-3 21 41
-6 20 42
5 19 43
5 18 44
-4 17 45
5 16 46
-1 15 47
-8 14 48
-7 13 49
5 11 51
-3 10 52
-1 9 53
-1 8 54
5 7 55
6 6 56
-1 5 57
-5 4 58
-3 3 59
-4 2 60
7 1 61
4 0 62
-2 43 18
5 42 19
5 41 20
-2 40 21
1 38 23
-6 37 24
8 35 26
6 34 27
8 32 29
-8 31 30
6 30 31
-6 28 33
5 27 34
6 26 35
-7 25 36
8 24 37
-7 23 38
-6 22 39
1 21 40
-5 20 41
-3 19 42
7 18 43
3 17 44
-3 16 45
-1 15 46
-3 14 47
-2 13 48
2 12 49
-4 11 50
-8 10 51
8 9 52
-2 8 53
-8 7 54
8 6 55
-3 5 56
-5 4 57
-5 3 58
8 1 60
7 0 61
3 42 18
-1 41 19
-5 40 20
3 39 21
-5 38 22
3 37 23
-1 36 24
-1 35 25
-1 34 26
-7 33 27
-6 32 28
-5 31 29
7 30 30
-8 29 31
6 27 33
8 26 34
-2 25 35
-7 24 36
-8 23 37
2 22 38
-5 21 39
6 20 40
-5 19 41
-7 18 42
-1 17 43
4 16 44
5 15 45
3 14 46
-8 13 47
-3 12 48
-3 11 49
-7 10 50
-4 9 51
2 8 52
-5 7 53
1 6 54
-1 5 55
1 4 56
-3 3 57
7 2 58
-8 1 59
8 0 60
-8 42 17
1 41 18
-2 40 19
-5 39 20
-4 38 21
-7 37 22
2 36 23
5 35 24
-5 34 25
6 33 26
-4 32 27
-2 31 28
1 30 29
-8 29 30
-7 28 31
-6 27 32
3 26 33
5 25 34
-2 24 35
8 23 36
6 22 37
3 21 38
4 20 39
-4 19 40
7 18 41
8 17 42
-4 16 43
5 15 44
2 14 45
-8 13 46
-8 12 47
7 11 48
-7 10 49
1 9 50
-2 8 51
6 6 53
6 5 54
-8 4 55
1 3 56
3 2 57
-4 1 58
-5 0 59
-3 41 17
-8 40 18
5 39 19
-2 38 20
6 37 21
-6 36 22
2 35 23
3 34 24
-6 33 25
5 32 26
7 31 27
8 30 28
4 29 29
2 28 30
-6 27 31
-6 26 32
-2 25 33
-6 24 34
-8 23 35
-5 22 36
7 21 37
6 20 38
7 19 39
1 18 40
4 17 41
5 16 42
3 15 43
1 13 45
-6 12 46
8 11 47
6 10 48
7 9 49
5 8 50
-3 7 51
-5 6 52
-7 5 53
-3 4 54
6 3 55
7 2 56
3 1 57
-7 0 58
4 40 17
5 39 18
3 38 19
4 37 20
-8 36 21
-1 35 22
-6 34 23
6 33 24
6 32 25
6 31 26
7 30 27
-2 29 28
-4 28 29
-6 27 30
4 25 32
1 24 33
8 23 34
5 22 35
7 20 37
1 19 38
4 18 39
-6 17 40
-1 16 41
-7 15 42
-8 14 43
-3 13 44
-5 12 45
-7 11 46
-1 10 47
-6 8 49
-1 7 50
1 6 51
-5 5 52
-6 4 53
-3 3 54
3 2 55
-1 1 56
-2 0 57
-5 39 17
-5 38 18
3 37 19
4 35 21
7 34 22
8 33 23
5 32 24
-2 30 26
1 29 27
-4 28 28
-8 27 29
3 26 30
3 25 31
3 24 32
2 23 33
-3 22 34
7 21 35
-4 20 36
-2 19 37
7 18 38
1 17 39
-8 16 40
-2 15 41
7 14 42
7 12 44
-1 11 45
-7 10 46
6 9 47
6 8 48
-6 7 49
-1 6 50
-6 5 51
6 3 53
1 2 54
6 1 55
-8 0 56
3 38 17
8 37 18
5 36 19
-2 35 20
4 34 21
4 33 22
7 32 23
4 31 24
5 30 25
2 29 26
-8 28 27
-3 27 28
-8 26 29
4 25 30
-1 24 31
-8 23 32
-8 22 33
-3 21 34
3 20 35
-3 19 36
-4 18 37
-3 17 38
7 16 39
2 15 40
-1 14 41
-7 13 42
6 12 43
4 11 44
-4 10 45
-1 9 46
-6 8 47
5 7 48
-6 6 49
-4 5 50
1 4 51
-8 3 52
4 2 53
8 0 55
-6 37 17
-7 36 18
2 35 19
8 34 20
2 33 21
5 32 22
-7 30 24
-1 29 25
-3 28 26
6 27 27
8 26 28
-1 25 29
4 24 30
-4 23 31
1 22 32
7 21 33
2 20 34
3 19 35
6 18 36
-8 17 37
-7 16 38
6 15 39
-6 14 40
-2 13 41
6 12 42
6 11 43
1 10 44
7 9 45
3 8 46
-4 7 47
-8 6 48
-2 5 49
6 4 50
-7 3 51
-7 2 52
-2 1 53
4 0 54
-1 36 17
6 35 18
-8 34 19
5 33 20
-1 32 21
8 31 22
2 30 23
5 29 24
-5 28 25
8 27 26
-8 26 27
3 25 28
5 24 29
-8 23 30
-8 22 31
-1 21 32
-6 20 33
-8 19 34
-7 18 35
6 16 37
-8 15 38
2 14 39
-1 13 40
-2 12 41
-3 11 42
5 10 43
3 8 45
-2 7 46
6 6 47
7 5 48
4 4 49
-4 3 50
7 2 51
-6 1 52
2 0 53
-5 35 17
-8 34 18
-7 33 19
8 32 20
-3 31 21
8 30 22
-6 29 23
-5 28 24
-6 27 25
-2 26 26
7 25 27
7 24 28
3 23 29
5 22 30
8 21 31
-3 20 32
2 19 33
6 18 34
-5 17 35
-1 16 36
-2 15 37
4 14 38
-1 13 39
4 12 40
-2 11 41
-3 9 43
-2 8 44
8 7 45
2 6 46
3 5 47
-6 4 48
6 3 49
-1 2 50
3 1 51
-8 0 52
-4 34 17
7 33 18
4 32 19
3 31 20
7 30 21
-1 29 22
-8 28 23
1 27 24
-7 26 25
-4 25 26
-8 24 27
-5 23 28
4 22 29
-5 21 30
-3 20 31
-5 19 32
4 18 33
2 17 34
5 16 35
-4 15 36
3 14 37
-8 13 38
5 12 39
1 11 40
-6 10 41
-3 9 42
3 7 44
6 6 45
-2 5 46
1 4 47
-8 3 48
2 2 49
7 1 50
2 0 51
-4 32 18
-5 31 19
-6 30 20
6 29 21
-8 28 22
-6 27 23
-5 26 24
-5 25 25
4 24 26
-7 23 27
5 22 28
-8 21 29
8 20 30
6 19 31
-3 18 32
7 16 34
6 15 35
-7 13 37
-6 12 38
-7 11 39
-7 9 41
3 8 42
8 6 44
-4 5 45
-4 4 46
4 3 47
-7 2 48
-4 1 49
7 0 50
-2 30 19
-7 29 20
8 27 22
8 26 23
7 25 24
3 24 25
-7 23 26
-7 22 27
2 21 28
-1 20 29
1 19 30
3 18 31
4 17 32
7 15 34
-7 14 35
8 13 36
-4 12 37
-4 11 38
8 10 39
6 9 40
-6 8 41
-5 7 42
7 6 43
3 5 44
-3 4 45
-1 3 46
-4 2 47
2 1 48
7 0 49
-3 30 18
6 29 19
3 28 20
6 27 21
-7 26 22
-7 25 23
-7 24 24
-5 22 26
7 21 27
-7 20 28
4 19 29
-5 18 30
5 17 31
-2 16 32
-7 15 33
-5 14 34
-8 13 35
7 12 36
1 11 37
-8 10 38
-5 9 39
-5 8 40
-8 7 41
5 6 42
-8 5 43
-3 4 44
-2 3 45
6 2 46
-6 1 47
-3 0 48
2 29 18
-7 28 19
1 27 20
-7 26 21
-3 25 22
-2 24 23
5 23 24
2 22 25
-8 20 27
-8 19 28
7 18 29
6 17 30
-8 16 31
-3 15 32
6 14 33
-6 13 34
6 12 35
-3 11 36
4 10 37
8 9 38
8 8 39
-6 7 40
1 6 41
-4 5 42
5 4 43
-2 3 44
-6 2 45
8 1 46
2 0 47
-3 27 19
-5 26 20
6 25 21
6 24 22
-3 23 23
8 22 24
-6 21 25
5 20 26
-5 19 27
-2 18 28
8 17 29
-5 16 30
-3 15 31
-7 14 32
-7 13 33
8 12 34
1 11 35
-2 9 37
-4 8 38
-4 7 39
-6 6 40
3 5 41
-4 4 42
6 3 43
-3 2 44
7 1 45
5 0 46
7 27 18
-3 25 20
-1 24 21
-3 23 22
5 22 23
4 21 24
-4 20 25
8 19 26
-8 18 27
-4 17 28
-5 16 29
1 15 30
7 14 31
-5 13 32
-7 12 33
-4 11 34
1 10 35
-6 9 36
-8 8 37
-5 7 38
-7 6 39
-3 5 40
-1 4 41
2 3 42
-7 2 43
-7 1 44
-3 0 45
1 26 18
-3 25 19
8 24 20
8 23 21
-2 22 22
3 21 23
-3 20 24
-4 19 25
-8 18 26
2 17 27
6 16 28
1 15 29
2 14 30
4 12 32
-7 11 33
1 10 34
-5 9 35
-7 8 36
-4 6 38
-5 5 39
7 4 40
2 3 41
1 2 42
8 1 43
-6 0 44
-7 25 18
5 24 19
3 23 20
4 22 21
-7 21 22
2 20 23
8 19 24
-6 18 25
-7 17 26
-5 16 27
-1 15 28
7 14 29
1 13 30
-6 12 31
-7 11 32
-5 10 33
5 9 34
-1 8 35
-2 7 36
8 6 37
3 5 38
-4 4 39
1 3 40
8 2 41
-4 1 42
1 0 43
-8 25 17
7 24 18
-3 23 19
-4 22 20
-5 21 21
5 20 22
-5 19 23
-3 18 24
6 17 25
7 16 26
4 15 27
-8 14 28
7 13 29
-7 12 30
3 11 31
6 10 32
-4 8 34
2 7 35
6 6 36
-1 5 37
3 4 38
8 3 39
-6 2 40
1 1 41
-3 24 17
-1 23 18
-1 22 19
3 21 20
-6 20 21
-2 19 22
1 18 23
-1 17 24
2 16 25
5 14 27
-6 13 28
-5 11 30
4 10 31
-5 9 32
6 8 33
5 7 34
-7 6 35
-1 5 36
-6 4 37
1 3 38
1 2 39
-6 1 40
4 0 41
4 23 17
8 22 18
-1 21 19
4 20 20
-6 19 21
-5 18 22
-8 17 23
-3 16 24
8 15 25
2 14 26
-5 13 27
1 12 28
3 11 29
-7 10 30
-8 9 31
-8 8 32
-3 7 33
-4 5 35
6 4 36
6 3 37
7 2 38
5 1 39
-4 0 40
-5 22 17
-4 21 18
4 20 19
-4 19 20
-6 18 21
3 17 22
-6 16 23
-5 15 24
3 14 25
2 13 26
-4 12 27
-8 11 28
-6 10 29
8 9 30
-8 8 31
-5 7 32
3 6 33
6 5 34
4 4 35
-6 3 36
3 2 37
1 1 38
-5 0 39
3 21 17
-8 20 18
-8 19 19
-2 17 21
-5 16 22
6 15 23
2 14 24
-5 13 25
-5 12 26
7 11 27
-8 10 28
3 9 29
-2 8 30
5 7 31
-4 6 32
-2 4 34
2 3 35
4 2 36
6 1 37
7 0 38
-6 20 17
-4 19 18
-5 18 19
2 17 20
2 16 21
1 15 22
5 14 23
5 13 24
-1 12 25
-1 11 26
2 10 27
5 9 28
-7 8 29
-4 7 30
4 6 31
-6 5 32
-5 4 33
3 3 34
-7 2 35
-4 1 36
-1 19 17
8 18 18
-7 17 19
-8 16 20
-5 15 21
1 14 22
3 13 23
-6 12 24
6 11 25
7 10 26
6 9 27
-3 8 28
4 7 29
-7 6 30
-8 5 31
-7 4 32
8 2 34
-4 1 35
-2 0 36
-5 18 17
7 17 18
6 16 19
-3 15 20
-6 14 21
-8 13 22
7 12 23
7 11 24
-1 10 25
5 9 26
8 8 27
6 7 28
-1 6 29
8 5 30
1 4 31
-6 3 32
6 2 33
7 1 34
-7 0 35
-4 17 17
8 16 18
-6 15 19
4 14 20
4 13 21
-1 12 22
-6 11 23
4 8 26
-3 7 27
-5 6 28
-8 5 29
1 4 30
8 3 31
4 2 32
-2 1 33
-6 0 34
-4 15 18
3 14 19
4 13 20
-5 12 21
6 11 22
-2 10 23
-7 9 24
4 8 25
1 7 26
5 6 27
4 5 28
-5 4 29
-3 3 30
6 2 31
1 1 32
-7 0 33
-6 14 18
-5 13 19
-1 12 20
7 11 21
-8 9 23
3 8 24
-1 7 25
4 6 26
-4 5 27
6 4 28
2 3 29
-2 2 30
5 1 31
4 0 32
8 13 18
3 12 19
-3 11 20
4 10 21
-8 9 22
5 8 23
3 6 25
3 5 26
-4 4 27
7 3 28
-3 2 29
-4 1 30
6 0 31
-5 12 18
-1 11 19
-7 10 20
-2 9 21
-5 8 22
-7 7 23
-6 6 24
6 5 25
4 4 26
-6 3 27
5 2 28
-3 1 29
4 0 30
-5 11 18
5 10 19
2 9 20
-4 8 21
-1 7 22
-1 6 23
-3 5 24
-3 4 25
2 3 26
-3 2 27
-6 0 29
-5 8 20
8 7 21
-6 6 22
1 5 23
6 4 24
5 3 25
-5 2 26
8 1 27
4 0 28
8 9 18
-8 8 19
1 7 20
-2 6 21
-1 5 22
5 4 23
-7 3 24
7 2 25
7 1 26
3 0 27
-4 8 18
-2 7 19
-7 6 20
4 5 21
-1 4 22
-3 3 23
-2 2 24
7 1 25
4 0 26
8 8 17
-7 7 18
2 6 19
2 5 20
-1 4 21
-7 3 22
-1 2 23
-7 1 24
-1 0 25
3 7 17
1 6 18
3 5 19
1 4 20
-5 3 21
-4 2 22
-8 1 23
-3 0 24
-4 6 17
-6 5 18
3 4 19
-6 3 20
-3 2 21
-8 1 22
6 0 23
5 5 17
-4 4 18
1 3 19
6 2 20
4 1 21
-7 0 22
-3 4 17
1 3 18
1 2 19
-3 0 21
6 3 17
-6 2 18
7 1 19
-6 0 20
1 2 17
-2 1 18
3 0 19
5 1 17
-8 0 18
4 0 17
END
POLY M1_2
6 69 19
5 68 20
-2 67 21
-8 66 22
7 65 23
-1 64 24
3 63 25
-5 62 26
-8 61 27
4 60 28
4 59 29
6 58 30
-3 57 31
-2 56 32
-6 55 33
3 54 34
-3 53 35
-3 52 36
-6 51 37
8 50 38
1 49 39
-3 48 40
4 47 41
-8 46 42
-4 45 43
5 44 44
-6 43 45
8 42 46
7 41 47
-5 40 48
-4 38 50
-3 37 51
3 36 52
-3 35 53
1 34 54
-6 33 55
7 32 56
-4 31 57
-3 30 58
5 29 59
-8 28 60
3 27 61
2 26 62
5 25 63
4 24 64
8 23 65
2 22 66
-7 21 67
1 69 18
5 68 19
-5 67 20
-2 66 21
6 65 22
5 64 23
2 63 24
-6 62 25
-5 61 26
5 60 27
4 59 28
7 58 29
1 57 30
7 56 31
-7 55 32
7 54 33
2 53 34
7 52 35
-1 51 36
-3 49 38
6 48 39
4 47 40
-4 46 41
-6 44 43
7 43 44
-6 42 45
8 41 46
-1 40 47
-5 39 48
4 38 49
5 37 50
2 36 51
-6 35 52
-4 34 53
5 33 54
5 32 55
5 31 56
8 30 57
2 29 58
6 28 59
-6 27 60
5 26 61
2 25 62
2 24 63
-2 22 65
3 21 66
5 20 67
-4 19 68
-2 18 69
-4 68 18
3 67 19
-8 66 20
-7 65 21
-8 64 22
-2 63 23
-7 62 24
6 61 25
4 60 26
8 59 27
-2 58 28
2 57 29
-4 56 30
-4 55 31
-6 54 32
6 53 33
-8 52 34
6 51 35
7 50 36
5 49 37
-4 48 38
-8 47 39
4 46 40
-4 45 41
4 44 42
-6 43 43
-5 42 44
3 41 45
5 40 46
6 39 47
-6 38 48
4 37 49
-8 36 50
-6 35 51
7 34 52
2 32 54
5 31 55
4 29 57
-3 28 58
7 27 59
5 26 60
2 25 61
8 24 62
5 23 63
-1 22 64
4 21 65
2 20 66
5 19 67
-7 18 68
-2 67 18
-8 66 19
1 65 20
5 64 21
4 63 22
7 62 23
5 61 24
-2 60 25
2 59 26
1 58 27
-8 57 28
5 56 29
3 55 30
-5 54 31
-1 53 32
8 52 33
6 51 34
-8 50 35
6 49 36
-3 48 37
-4 47 38
-1 46 39
-3 45 40
-7 44 41
-6 43 42
2 42 43
-7 41 44
-6 40 45
4 39 46
-6 38 47
2 37 48
-5 36 49
-6 35 50
3 34 51
8 33 52
-7 32 53
-3 31 54
1 30 55
4 29 56
3 28 57
8 27 58
-2 26 59
-8 25 60
1 24 61
2 23 62
-2 22 63
-1 21 64
-5 20 65
6 19 66
3 18 67
7 66 18
6 65 19
-8 64 20
-5 63 21
3 62 22
3 61 23
8 60 24
3 57 27
4 55 29
-7 54 30
-3 53 31
-2 52 32
5 51 33
-7 50 34
1 49 35
-4 48 36
-7 47 37
4 46 38
1 45 39
2 44 40
8 43 41
-5 42 42
-6 41 43
6 40 44
-1 39 45
-5 38 46
2 37 47
1 36 48
-6 35 49
-6 34 50
-4 33 51
-5 32 52
-8 30 54
-4 29 55
6 28 56
-2 27 57
7 26 58
8 25 59
-1 24 60
-8 23 61
5 22 62
1 21 63
4 20 64
-3 19 65
-7 18 66
-7 65 18
-5 64 19
3 63 20
-6 62 21
-1 61 22
2 60 23
-5 59 24
-2 57 26
8 56 27
2 55 28
-1 54 29
6 53 30
-3 52 31
-7 51 32
-1 50 33
-3 49 34
-7 48 35
-4 47 36
-2 46 37
-6 45 38
-8 44 39
6 43 40
2 42 41
-5 41 42
-1 40 43
-4 39 44
-8 38 45
4 37 46
-4 36 47
4 35 48
8 34 49
4 33 50
2 32 51
-2 31 52
5 30 53
4 29 54
-3 28 55
7 26 57
2 25 58
5 24 59
8 23 60
-8 22 61
8 21 62
-5 20 63
-1 19 64
3 18 65
-8 64 18
-1 63 19
-7 62 20
-2 61 21
8 59 23
2 58 24
8 57 25
5 56 26
-4 55 27
-2 53 29
1 52 30
-8 51 31
-8 50 32
5 49 33
-5 48 34
-8 46 36
-7 45 37
7 44 38
2 43 39
7 42 40
-7 41 41
-2 40 42
3 38 44
3 37 45
-8 36 46
-6 35 47
3 34 48
-3 33 49
8 32 50
5 31 51
-3 30 52
-4 29 53
-3 28 54
6 27 55
-1 26 56
6 25 57
-6 24 58
5 23 59
8 22 60
-1 21 61
-7 20 62
-6 19 63
8 18 64
1 63 18
-7 62 19
-7 60 21
-1 59 22
6 58 23
-5 57 24
1 56 25
3 55 26
8 54 27
-6 53 28
-3 52 29
-6 51 30
-5 50 31
-6 49 32
-2 48 33
8 47 34
8 46 35
-2 45 36
-3 44 37
-6 43 38
-7 42 39
7 41 40
-2 40 41
-2 39 42
-2 38 43
6 37 44
-8 36 45
-1 35 46
5 34 47
-8 33 48
-2 32 49
8 31 50
2 30 51
-8 29 52
-3 28 53
-3 27 54
-1 26 55
-8 25 56
3 24 57
-7 23 58
2 22 59
4 21 60
2 20 61
-7 19 62
-3 18 63
-2 62 18
-1 61 19
-7 60 20
3 59 21
6 58 22
-7 57 23
4 56 24
1 55 25
-2 54 26
-7 53 27
-5 52 28
-7 51 29
-3 50 30
-1 49 31
-8 48 32
7 47 33
-3 46 34
7 45 35
-2 44 36
-8 43 37
2 42 38
1 41 39
3 40 40
3 39 41
3 38 42
-3 37 43
3 36 44
-7 35 45
3 34 46
6 33 47
3 32 48
-2 31 49
2 30 50
1 29 51
-1 27 53
-2 26 54
5 25 55
6 24 56
6 23 57
7 22 58
5 21 59
-2 20 60
-5 19 61
4 18 62
-4 61 18
-5 60 19
7 59 20
-1 58 21
7 57 22
-7 56 23
-3 55 24
-7 54 25
-8 53 26
7 52 27
2 51 28
4 50 29
6 49 30
-5 48 31
1 47 32
-7 46 33
-3 45 34
-1 44 35
4 43 36
8 42 37
2 41 38
-1 40 39
7 39 40
-7 38 41
5 37 42
-6 36 43
4 35 44
8 32 47
6 31 48
4 30 49
5 29 50
4 28 51
3 27 52
5 26 53
1 25 54
-4 24 55
1 23 56
8 21 58
-6 20 59
-1 19 60
3 18 61
3 60 18
4 59 19
-6 58 20
-3 57 21
-2 56 22
-2 55 23
4 54 24
-8 53 25
4 52 26
-7 51 27
7 49 29
-5 48 30
3 47 31
-7 46 32
-8 45 33
5 44 34
-4 43 35
-4 42 36
3 40 38
-7 39 39
-1 38 40
1 37 41
1 36 42
-1 35 43
-6 34 44
-2 33 45
-1 32 46
-3 31 47
4 30 48
2 29 49
7 28 50
-7 27 51
-6 26 52
1 25 53
8 24 54
-6 23 55
8 22 56
7 21 57
-5 20 58
-6 19 59
1 18 60
6 17 61
-1 16 62
6 58 19
-3 57 20
-4 56 21
4 55 22
8 54 23
2 53 24
-8 51 26
-5 50 27
-4 49 28
-7 48 29
8 47 30
2 46 31
-4 45 32
1 44 33
6 43 34
-4 42 35
-7 41 36
-3 40 37
1 39 38
-3 38 39
-6 37 40
1 36 41
-3 35 42
1 34 43
-3 33 44
8 32 45
5 31 46
-1 30 47
-6 29 48
7 28 49
4 27 50
-2 26 51
2 25 52
-4 24 53
6 23 54
-2 22 55
7 21 56
3 20 57
3 19 58
-6 18 59
7 17 60
5 16 61
-4 59 17
-6 58 18
4 57 19
8 56 20
-8 55 21
3 54 22
-3 53 23
8 52 24
-5 51 25
2 50 26
-1 49 27
7 48 28
4 47 29
-1 46 30
6 45 31
6 44 32
4 43 33
4 42 34
-1 41 35
-5 40 36
-4 39 37
-3 38 38
6 37 39
4 36 40
-3 35 41
-2 34 42
-1 33 43
-4 31 45
5 30 46
4 29 47
3 27 49
-3 26 50
7 24 52
-2 23 53
1 22 54
1 21 55
6 20 56
1 18 58
-4 17 59
8 16 60
8 58 17
1 57 18
-6 56 19
6 55 20
-1 54 21
-4 53 22
5 52 23
4 51 24
-5 50 25
-4 49 26
-2 48 27
-2 47 28
-6 46 29
-1 45 30
8 43 32
-4 42 33
-2 41 34
8 40 35
4 39 36
2 38 37
8 37 38
-1 36 39
-1 35 40
-7 34 41
-2 32 43
-4 31 44
7 30 45
4 29 46
3 28 47
-6 27 48
2 26 49
-3 25 50
5 24 51
7 23 52
8 22 53
-7 21 54
-1 20 55
2 19 56
6 17 58
-8 16 59
-7 57 17
5 56 18
6 55 19
-1 54 20
-8 53 21
4 52 22
7 51 23
6 50 24
8 49 25
6 48 26
6 47 27
6 45 29
6 44 30
4 43 31
1 42 32
2 41 33
-6 40 34
-3 39 35
1 38 36
-7 37 37
2 36 38
7 35 39
5 34 40
5 33 41
-8 32 42
-8 31 43
4 30 44
-3 29 45
-5 28 46
2 27 47
4 26 48
5 25 49
-5 24 50
6 23 51
-5 22 52
4 20 54
3 19 55
6 18 56
-1 17 57
-4 16 58
-4 56 17
2 55 18
8 54 19
-8 53 20
6 52 21
6 51 22
8 50 23
-8 49 24
-7 48 25
1 47 26
-2 46 27
2 45 28
3 44 29
-4 43 30
-2 42 31
-1 41 32
3 40 33
4 39 34
2 38 35
2 37 36
8 36 37
-6 35 38
-5 34 39
7 33 40
6 32 41
7 31 42
-3 30 43
-8 28 45
-7 27 46
6 26 47
-5 25 48
4 24 49
7 23 50
3 22 51
-2 21 52
3 20 53
-2 19 54
1 18 55
6 17 56
3 16 57
-4 55 17
-6 54 18
6 53 19
7 52 20
3 51 21
4 50 22
-3 49 23
-2 48 24
-5 47 25
6 46 26
6 45 27
-4 44 28
8 43 29
-7 42 30
5 41 31
-4 40 32
-1 39 33
5 38 34
-3 37 35
-3 36 36
4 35 37
-8 34 38
6 33 39
-1 32 40
-8 31 41
3 30 42
-6 29 43
-7 28 44
-6 27 45
-6 26 46
5 25 47
-3 24 48
6 23 49
7 22 50
8 21 51
7 20 52
3 19 53
-3 18 54
8 16 56
-4 54 17
7 53 18
-7 52 19
-7 51 20
8 50 21
4 49 22
-2 48 23
-8 47 24
-6 46 25
-8 45 26
-1 43 28
8 42 29
4 41 30
6 40 31
1 39 32
8 38 33
-3 37 34
4 34 37
4 33 38
1 32 39
6 31 40
1 30 41
1 29 42
8 28 43
-8 27 44
-2 26 45
-7 25 46
-5 24 47
-8 23 48
-6 22 49
-8 20 51
-4 19 52
4 18 53
2 17 54
8 16 55
8 15 56
-5 14 57
-4 13 58
-6 12 59
4 11 60
-1 9 62
7 8 63
-8 7 64
-1 6 65
-5 5 66
2 4 67
-8 3 68
-4 53 17
4 52 18
-2 51 19
1 50 20
-8 49 21
5 48 22
7 47 23
-1 45 25
4 43 27
-5 42 28
-7 41 29
-3 40 30
-4 38 32
6 37 33
4 36 34
-1 35 35
3 34 36
6 33 37
-4 32 38
-1 30 40
-2 29 41
-5 28 42
3 27 43
-1 26 44
-3 25 45
-2 24 46
-3 23 47
6 22 48
5 21 49
-4 20 50
-1 19 51
-7 18 52
-5 17 53
-2 16 54
8 15 55
8 14 56
5 13 57
-5 12 58
6 11 59
8 10 60
-7 9 61
-6 8 62
-7 7 63
-5 6 64
2 5 65
2 4 66
-4 3 67
-5 1 69
5 0 70
-1 52 17
-3 51 18
2 50 19
-6 49 20
5 48 21
5 47 22
-4 46 23
-4 45 24
3 44 25
7 43 26
-1 42 27
1 41 28
-7 40 29
-4 38 31
-7 37 32
8 36 33
-5 34 35
1 33 36
-7 32 37
-1 31 38
-6 30 39
-7 29 40
4 28 41
-3 27 42
8 26 43
6 25 44
8 24 45
-4 23 46
5 22 47
3 21 48
-1 20 49
3 19 50
-4 18 51
1 17 52
-5 16 53
-1 15 54
4 14 55
-4 13 56
-4 12 57
-7 11 58
-8 10 59
3 9 60
-6 8 61
4 7 62
-8 6 63
-3 5 64
7 4 65
5 3 66
7 2 67
3 1 68
-8 0 69
4 51 17
-1 50 18
-2 49 19
-7 47 21
5 46 22
4 45 23
-7 44 24
-7 43 25
-2 42 26
5 41 27
-1 40 28
1 39 29
1 38 30
3 37 31
7 36 32
-5 35 33
-4 34 34
2 33 35
-4 32 36
-6 31 37
7 30 38
-1 29 39
4 28 40
5 27 41
-6 26 42
4 25 43
-7 24 44
-1 23 45
-1 22 46
3 21 47
-7 20 48
6 19 49
1 18 50
-7 17 51
6 16 52
1 15 53
3 14 54
-1 13 55
4 12 56
4 11 57
-7 10 58
-1 9 59
-4 8 60
2 7 61
4 6 62
-3 5 63
6 4 64
-1 3 65
-2 2 66
-1 1 67
1 0 68
-3 49 18
6 48 19
1 47 20
-3 46 21
2 45 22
-7 44 23
-3 43 24
-5 42 25
3 41 26
5 40 27
3 39 28
-5 38 29
6 37 30
2 35 32
8 34 33
4 33 34
5 32 35
7 31 36
7 30 37
4 29 38
-8 28 39
-4 27 40
-8 26 41
-2 24 43
-5 22 45
1 21 46
3 20 47
-4 19 48
-1 18 49
-8 17 50
5 16 51
7 15 52
-8 13 54
-3 12 55
-7 11 56
2 10 57
-2 9 58
-2 7 60
2 6 61
-2 5 62
-5 4 63
2 3 64
-7 2 65
6 1 66
-8 0 67
6 48 18
3 47 19
-3 46 20
-1 45 21
-1 44 22
-4 43 23
-2 41 25
-1 40 26
3 39 27
-2 38 28
-3 37 29
4 36 30
8 35 31
-6 33 33
-8 32 34
-6 31 35
3 30 36
-8 29 37
6 28 38
-2 27 39
3 26 40
-3 25 41
-6 24 42
4 23 43
6 22 44
5 21 45
1 20 46
-6 19 47
-6 18 48
7 17 49
5 16 50
-6 15 51
-8 14 52
-4 13 53
5 12 54
-4 11 55
5 10 56
5 9 57
8 8 58
7 7 59
5 6 60
5 5 61
-5 4 62
2 3 63
5 2 64
8 1 65
1 0 66
-1 47 18
-5 46 19
-6 45 20
5 44 21
6 43 22
-4 42 23
1 41 24
2 40 25
-3 39 26
-4 38 27
1 37 28
6 36 29
5 35 30
-7 34 31
3 33 32
-8 32 33
4 31 34
-2 30 35
5 29 36
-7 28 37
-3 27 38
2 26 39
-8 25 40
6 24 41
-7 23 42
-6 22 43
-2 21 44
1 20 45
-1 19 46
-1 18 47
-8 17 48
1 15 50
-1 14 51
8 13 52
-1 12 53
7 11 54
-2 10 55
-2 9 56
-7 8 57
2 7 58
-2 6 59
5 5 60
-2 4 61
1 3 62
-2 2 63
7 1 64
-3 0 65
-6 46 18
-4 45 19
-4 44 20
-8 43 21
4 42 22
7 41 23
4 40 24
-2 39 25
3 38 26
-1 37 27
3 36 28
4 35 29
1 34 30
4 33 31
-1 32 32
8 31 33
1 30 34
6 29 35
5 28 36
-7 27 37
3 26 38
-4 25 39
-2 24 40
-3 22 42
1 21 43
3 20 44
6 19 45
1 18 46
3 17 47
-6 16 48
-5 15 49
-8 14 50
8 13 51
-6 12 52
-6 11 53
7 10 54
-3 9 55
1 8 56
-6 7 57
3 6 58
-7 5 59
-4 4 60
5 3 61
2 2 62
-5 1 63
-1 0 64
7 45 18
8 44 19
-3 43 20
1 42 21
6 40 23
-6 39 24
2 38 25
7 36 27
6 35 28
-1 34 29
-2 33 30
7 32 31
-6 31 32
3 30 33
-7 27 36
-6 26 37
7 25 38
-3 24 39
-4 23 40
2 22 41
-8 21 42
5 20 43
-3 19 44
-7 18 45
-2 17 46
-6 16 47
-1 15 48
4 14 49
-2 13 50
-8 12 51
-4 11 52
-2 10 53
7 9 54
-6 8 55
6 7 56
8 6 57
8 5 58
2 4 59
4 3 60
7 0 63
-8 44 18
-2 43 19
-1 42 20
-8 41 21
-1 40 22
-5 39 23
1 38 24
8 37 25
5 36 26
-8 35 27
5 34 28
4 33 29
4 32 30
-7 31 31
-4 30 32
-6 29 33
7 28 34
3 27 35
7 25 37
7 24 38
-6 23 39
-6 22 40
-3 21 41
-2 20 42
-7 19 43
-1 18 44
5 17 45
-5 16 46
-3 15 47
-5 14 48
-3 12 50
-3 11 51
2 10 52
-4 9 53
-5 7 55
8 6 56
1 5 57
6 4 58
2 3 59
-1 2 60
8 1 61
-8 0 62
-5 43 18
3 42 19
1 41 20
-5 40 21
-4 39 22
8 38 23
5 37 24
-7 36 25
-2 35 26
3 34 27
-6 32 29
3 31 30
3 30 31
-8 29 32
-4 28 33
-4 27 34
2 26 35
-8 25 36
6 24 37
-6 23 38
8 22 39
-4 21 40
3 20 41
-2 19 42
3 18 43
6 17 44
-2 16 45
-4 15 46
-7 14 47
7 13 48
-1 12 49
-4 10 51
-2 9 52
-7 8 53
-3 7 54
6 6 55
-6 5 56
-5 4 57
4 3 58
-7 2 59
-8 1 60
5 0 61
-8 42 18
-3 41 19
-4 40 20
-3 39 21
-3 38 22
-7 37 23
5 36 24
3 35 25
5 34 26
6 33 27
-6 32 28
-2 31 29
2 30 30
6 29 31
-7 28 32
-6 27 33
5 26 34
-8 25 35
7 24 36
-3 23 37
-7 22 38
-3 20 40
-7 19 41
3 18 42
-5 17 43
-1 16 44
7 15 45
-6 14 46
8 13 47
-7 12 48
-7 11 49
-8 10 50
-6 9 51
-1 7 53
5 6 54
-4 5 55
3 4 56
1 3 57
5 2 58
-4 1 59
-6 0 60
4 42 17
-7 40 19
-5 39 20
-7 38 21
3 37 22
4 36 23
5 35 24
4 34 25
-6 33 26
3 32 27
-1 31 28
-7 30 29
-4 29 30
-3 28 31
4 27 32
-8 26 33
1 25 34
-6 24 35
8 23 36
-5 22 37
2 21 38
-3 20 39
-7 19 40
-1 18 41
2 17 42
1 16 43
7 15 44
-7 14 45
6 13 46
-7 12 47
-1 11 48
-6 10 49
-7 8 51
-2 7 52
2 6 53
-2 5 54
-4 4 55
7 3 56
6 2 57
-3 1 58
8 0 59
-8 41 17
-5 40 18
7 39 19
3 37 21
-5 35 23
4 34 24
6 33 25
-3 32 26
-1 31 27
-7 30 28
1 29 29
-7 28 30
-5 27 31
5 26 32
-1 25 33
1 24 34
4 23 35
2 22 36
6 21 37
-3 20 38
-2 19 39
4 18 40
6 17 41
-7 16 42
-8 15 43
6 14 44
7 13 45
7 12 46
1 11 47
8 10 48
1 9 49
7 8 50
-1 7 51
8 6 52
-2 5 53
3 4 54
-8 3 55
5 2 56
7 1 57
8 0 58
7 40 17
1 39 18
6 38 19
3 37 20
1 36 21
1 35 22
-1 34 23
-5 33 24
-8 32 25
5 31 26
-6 30 27
-5 29 28
-2 28 29
-6 27 30
7 26 31
-6 25 32
-4 24 33
1 23 34
-7 22 35
8 21 36
-6 20 37
4 19 38
6 18 39
-8 17 40
4 16 41
-5 15 42
-6 13 44
-8 12 45
-1 11 46
8 10 47
8 9 48
4 7 50
-7 6 51
3 5 52
7 4 53
2 3 54
-6 2 55
2 1 56
2 0 57
4 39 17
-6 36 20
-8 35 21
2 34 22
7 33 23
-8 32 24
-5 31 25
-3 30 26
3 29 27
-8 28 28
6 27 29
-1 26 30
-7 25 31
6 24 32
4 23 33
1 22 34
2 20 36
2 19 37
-1 18 38
5 17 39
-7 16 40
-5 15 41
7 14 42
-7 13 43
2 12 44
-8 11 45
-6 10 46
7 9 47
-2 8 48
-7 7 49
2 6 50
6 5 51
7 4 52
1 3 53
6 2 54
-8 1 55
-4 0 56
4 38 17
7 37 18
4 36 19
1 35 20
-7 34 21
6 33 22
7 32 23
8 31 24
-6 30 25
1 29 26
6 28 27
-3 27 28
4 26 29
-4 25 30
-5 24 31
7 23 32
-5 22 33
2 21 34
8 20 35
-4 19 36
-4 18 37
7 17 38
-8 16 39
2 15 40
2 14 41
5 13 42
-8 12 43
-1 11 44
-4 10 45
-3 9 46
-4 8 47
4 7 48
-5 6 49
-6 5 50
-6 4 51
-8 3 52
-2 2 53
4 1 54
5 0 55
4 37 17
-5 36 18
-5 35 19
-4 34 20
-4 33 21
-5 32 22
8 31 23
-8 30 24
-6 28 26
-5 27 27
1 26 28
8 25 29
-8 24 30
2 23 31
3 22 32
4 21 33
1 20 34
-1 19 35
-1 18 36
1 17 37
-1 16 38
-3 15 39
8 14 40
-4 13 41
7 12 42
-5 11 43
-5 10 44
-6 9 45
2 8 46
3 7 47
-4 6 48
6 5 49
-5 4 50
3 3 51
5 2 52
-5 1 53
-2 0 54
4 36 17
4 35 18
1 34 19
5 33 20
-7 32 21
-2 31 22
-7 30 23
8 29 24
8 28 25
-8 27 26
5 26 27
8 23 30
7 22 31
6 21 32
-5 20 33
3 19 34
-1 18 35
1 17 36
-1 16 37
-3 15 38
2 14 39
4 13 40
-3 12 41
-6 11 42
-3 10 43
7 9 44
-7 8 45
-7 7 46
3 6 47
4 5 48
-2 4 49
-3 3 50
6 2 51
1 1 52
5 0 53
1 35 17
-5 34 18
-7 33 19
-2 32 20
-2 31 21
-5 30 22
-1 29 23
2 28 24
1 27 25
4 26 26
-1 25 27
7 24 28
-2 23 29
2 22 30
1 21 31
-3 20 32
-7 19 33
-5 18 34
1 17 35
7 16 36
-2 15 37
6 14 38
7 13 39
-3 12 40
8 11 41
-3 10 42
-5 8 44
-7 7 45
-1 6 46
4 5 47
8 4 48
-7 3 49
1 2 50
-8 1 51
1 0 52
-4 34 17
-6 33 18
-5 32 19
4 31 20
-1 30 21
-3 29 22
-4 28 23
4 27 24
-1 26 25
6 25 26
8 24 27
-5 23 28
-6 22 29
-5 21 30
4 20 31
-1 18 33
5 17 34
-6 16 35
8 15 36
-5 14 37
-4 13 38
-1 12 39
-2 11 40
6 10 41
-2 9 42
1 8 43
8 7 44
-1 6 45
-4 5 46
-1 4 47
-4 3 48
-2 2 49
-8 1 50
-6 0 51
-3 32 18
3 31 19
-7 30 20
-6 29 21
-5 28 22
-5 27 23
1 26 24
-4 25 25
4 24 26
8 23 27
4 22 28
4 21 29
2 20 30
5 19 31
5 18 32
3 17 33
3 16 34
-8 15 35
4 14 36
2 13 37
-8 12 38
7 11 39
3 10 40
-6 9 41
-7 8 42
1 7 43
2 6 44
-4 5 45
5 3 47
-3 2 48
6 1 49
6 0 50
4 31 18
7 30 19
-8 29 20
-6 28 21
-3 27 22
-7 26 23
-4 25 24
1 24 25
4 23 26
2 22 27
7 21 28
2 20 29
6 19 30
-2 18 31
-7 17 32
5 16 33
6 15 34
2 14 35
4 13 36
4 12 37
1 11 38
-2 10 39
-5 9 40
-3 8 41
-5 7 42
-3 5 44
6 4 45
6 2 47
7 1 48
5 30 18
-3 29 19
7 28 20
-3 27 21
-1 26 22
5 25 23
-3 24 24
5 22 26
2 21 27
4 20 28
-2 19 29
6 18 30
8 17 31
4 16 32
4 15 33
-1 14 34
8 13 35
-1 12 36
3 11 37
5 10 38
-6 9 39
7 7 41
6 6 42
-2 5 43
2 4 44
-2 3 45
-7 2 46
-1 0 48
-3 29 18
-2 28 19
3 27 20
7 26 21
1 25 22
-1 23 24
2 22 25
6 21 26
2 20 27
1 19 28
7 18 29
-4 17 30
5 16 31
2 15 32
3 14 33
2 13 34
-7 12 35
-4 11 36
5 10 37
3 9 38
-8 8 39
7 7 40
3 5 42
-6 4 43
-3 3 44
-3 2 45
-3 1 46
4 0 47
-4 28 18
-1 27 19
1 26 20
8 25 21
1 24 22
6 23 23
4 22 24
-8 21 25
-7 20 26
1 19 27
5 18 28
-7 17 29
-2 16 30
-7 15 31
-5 14 32
4 13 33
4 12 34
1 11 35
6 10 36
5 9 37
4 8 38
6 7 39
2 6 40
-2 5 41
1 4 42
-2 3 43
-2 2 44
4 1 45
-2 0 46
2 27 18
-4 26 19
2 24 21
7 23 22
3 22 23
-2 21 24
4 20 25
-2 19 26
-8 18 27
-2 17 28
-5 16 29
7 15 30
2 14 31
-8 13 32
4 12 33
1 11 34
8 10 35
-6 9 36
8 8 37
7 7 38
-5 6 39
-6 5 40
6 4 41
-5 3 42
-4 2 43
-5 1 44
-6 0 45
5 26 18
-1 25 19
6 24 20
6 23 21
5 22 22
-8 21 23
-2 19 25
-1 18 26
6 17 27
2 16 28
-1 15 29
-2 14 30
-8 13 31
4 12 32
-5 11 33
-7 10 34
8 9 35
4 8 36
-5 6 38
-8 5 39
-5 4 40
1 3 41
-8 2 42
5 1 43
-1 25 18
2 24 19
-1 23 20
5 22 21
-6 21 22
-5 20 23
3 19 24
-4 18 25
4 17 26
-6 16 27
6 15 28
-3 14 29
-2 13 30
-7 12 31
2 11 32
-4 10 33
-8 9 34
-4 7 36
-1 6 37
-7 5 38
6 4 39
6 3 40
-7 2 41
-6 1 42
-3 0 43
4 25 17
-6 24 18
-7 23 19
4 22 20
-3 21 21
5 20 22
-1 19 23
2 18 24
2 17 25
-6 16 26
5 15 27
3 14 28
8 13 29
-5 12 30
-5 11 31
-4 10 32
7 9 33
8 8 34
-7 7 35
5 6 36
5 5 37
-5 4 38
-8 3 39
-7 2 40
-3 1 41
-3 0 42
-8 24 17
-4 23 18
6 22 19
5 21 20
6 20 21
-3 19 22
4 18 23
4 15 26
2 14 27
-8 13 28
-2 12 29
-1 11 30
1 10 31
-2 9 32
4 8 33
-2 7 34
3 6 35
1 5 36
-4 4 37
-7 3 38
4 1 40
-7 0 41
7 23 17
-3 22 18
8 21 19
8 20 20
-2 19 21
-8 18 22
2 17 23
8 16 24
6 15 25
-4 14 26
2 13 27
-4 12 28
1 11 29
7 10 30
3 9 31
3 8 32
-7 7 33
-4 6 34
2 5 35
-3 4 36
-7 3 37
2 2 38
8 0 40
4 22 17
7 21 18
-7 20 19
-4 19 20
3 18 21
6 17 22
3 16 23
7 15 24
-1 14 25
-5 13 26
-5 12 27
1 11 28
-7 10 29
-5 9 30
4 8 31
-3 7 32
-4 6 33
-1 5 34
-2 4 35
1 3 36
-4 2 37
-7 1 38
-7 0 39
4 21 17
-8 20 18
3 19 19
-8 18 20
1 17 21
8 16 22
4 15 23
2 14 24
-7 12 26
6 11 27
-2 10 28
2 9 29
-4 8 30
-1 7 31
-3 6 32
-2 5 33
-3 4 34
7 3 35
5 2 36
-4 1 37
-3 0 38
4 20 17
-6 19 18
-5 18 19
1 17 20
4 16 21
2 15 22
2 14 23
2 12 25
4 11 26
7 10 27
-2 9 28
7 8 29
-6 7 30
4 6 31
-2 5 32
6 4 33
-7 3 34
6 2 35
-8 1 36
-8 0 37
4 19 17
2 18 18
6 17 19
4 16 20
8 14 22
1 13 23
-5 12 24
4 11 25
6 10 26
8 9 27
8 8 28
-4 7 29
-4 6 30
-7 5 31
-3 4 32
-6 3 33
7 2 34
4 1 35
4 0 36
1 18 17
-3 17 18
3 16 19
-3 15 20
-7 14 21
7 13 22
-7 12 23
-3 11 24
-8 10 25
-6 9 26
-8 8 27
7 7 28
-1 6 29
-7 5 30
-8 4 31
-5 3 32
4 2 33
8 1 34
1 0 35
-4 17 17
-8 16 18
8 15 19
8 14 20
1 13 21
-5 12 22
3 11 23
5 10 24
5 9 25
1 8 26
-5 7 27
7 6 28
-8 5 29
-5 4 30
-8 3 31
3 2 32
1 1 33
-6 0 34
-1 15 18
7 14 19
-6 13 20
6 12 21
5 10 23
-8 9 24
5 8 25
-4 7 26
-1 6 27
7 5 28
1 4 29
7 3 30
-4 2 31
7 1 32
1 0 33
-3 14 18
1 13 19
-8 12 20
-7 11 21
3 10 22
-3 9 23
-1 8 24
-7 7 25
-2 6 26
4 5 27
1 4 28
3 3 29
2 2 30
2 1 31
-3 0 32
4 13 18
2 12 19
4 11 20
5 10 21
5 9 22
2 8 23
1 7 24
-2 6 25
-7 5 26
8 4 27
-6 3 28
6 2 29
-4 1 30
7 0 31
8 12 18
-8 11 19
-2 10 20
-7 9 21
4 8 22
2 7 23
3 6 24
-1 5 25
-7 4 26
8 3 27
7 2 28
-3 1 29
-8 0 30
-1 11 18
1 10 19
-1 9 20
-5 7 22
-1 6 23
2 5 24
8 4 25
-3 3 26
-7 2 27
-3 1 28
-3 0 29
-7 10 18
8 9 19
2 8 20
3 7 21
7 6 22
4 5 23
1 4 24
8 3 25
8 2 26
-6 1 27
-3 9 18
1 8 19
-5 7 20
4 6 21
2 5 22
-1 4 23
-5 3 24
-4 2 25
-1 1 26
-4 0 27
-8 8 18
-5 7 19
3 6 20
-2 5 21
-8 4 22
5 3 23
5 2 24
2 1 25
-8 0 26
-4 8 17
-5 7 18
-3 6 19
4 5 20
3 4 21
3 3 22
-4 2 23
-8 1 24
-4 0 25
8 7 17
8 6 18
-5 5 19
2 3 21
5 2 22
-4 1 23
6 0 24
-7 6 17
-3 5 18
1 4 19
5 3 20
3 2 21
-3 1 22
1 0 23
-4 5 17
8 4 18
-1 3 19
-2 2 20
3 1 21
2 0 22
-4 4 17
7 3 18
7 2 19
6 1 20
-2 0 21
-4 3 17
4 2 18
7 1 19
-7 0 20
-4 2 17
6 1 18
-7 0 19
-1 1 17
-2 0 18
4 0 17
END
POLY M1_3
8 72 19
5 71 20
7 70 21
4 69 22
-1 68 23
-2 67 24
3 66 25
-5 65 26
-1 64 27
5 63 28
5 62 29
3 61 30
-8 60 31
-3 59 32
1 58 33
7 57 34
-4 55 36
-3 54 37
4 53 38
-1 52 39
4 51 40
-3 50 41
4 48 43
2 47 44
-2 46 45
-6 45 46
-1 44 47
-7 43 48
-4 42 49
8 41 50
2 40 51
2 39 52
3 37 54
6 36 55
-3 35 56
-3 34 57
5 33 58
-3 32 59
1 31 60
-1 30 61
-3 29 62
1 28 63
-2 27 64
-2 26 65
7 25 66
8 24 67
8 23 68
-2 22 69
-4 21 70
-5 20 71
7 72 18
-3 71 19
8 70 20
-3 69 21
-4 68 22
5 67 23
2 66 24
-7 65 25
-7 64 26
4 63 27
-4 62 28
-5 61 29
-7 60 30
3 59 31
1 58 32
8 55 35
-3 54 36
3 53 37
-4 52 38
1 51 39
-5 50 40
2 49 41
-6 48 42
-6 47 43
6 46 44
-6 45 45
7 44 46
4 43 47
-1 42 48
7 41 49
3 40 50
8 38 52
-5 37 53
-1 36 54
-8 35 55
3 34 56
-4 32 58
-4 31 59
-4 30 60
7 29 61
-7 28 62
-2 27 63
3 26 64
-2 25 65
-8 24 66
-3 23 67
-6 21 69
-6 20 70
7 19 71
-2 18 72
-2 71 18
-2 70 19
-3 69 20
-6 68 21
6 67 22
5 66 23
8 65 24
6 64 25
4 63 26
-2 62 27
-2 61 28
8 60 29
7 59 30
-6 58 31
-2 57 32
3 56 33
7 55 34
5 54 35
7 52 37
8 51 38
3 50 39
-4 49 40
-3 48 41
-3 47 42
1 46 43
1 45 44
-1 44 45
3 43 46
-3 42 47
3 41 48
-6 40 49
-5 39 50
1 38 51
-2 37 52
-8 36 53
-7 35 54
7 34 55
3 33 56
-8 32 57
6 31 58
1 30 59
4 29 60
3 28 61
-6 27 62
2 26 63
-2 25 64
-7 24 65
-7 23 66
3 22 67
5 21 68
-8 20 69
-3 19 70
-6 18 71
-7 70 18
-4 69 19
-8 68 20
4 67 21
-3 66 22
-4 65 23
-5 64 24
6 63 25
5 61 27
2 60 28
-1 59 29
2 58 30
4 57 31
-2 56 32
-6 55 33
-3 54 34
-7 53 35
-5 52 36
3 51 37
-5 50 38
-3 49 39
-8 48 40
-2 47 41
-5 46 42
-3 45 43
2 44 44
-8 43 45
3 42 46
5 41 47
7 40 48
6 39 49
7 38 50
-7 37 51
-2 36 52
-5 35 53
7 34 54
-1 33 55
-6 32 56
8 31 57
4 30 58
6 28 60
8 27 61
2 26 62
-2 25 63
2 24 64
-7 23 65
7 22 66
-4 21 67
-5 20 68
1 19 69
-4 18 70
4 69 18
-2 68 19
-4 67 20
-4 66 21
-3 65 22
-8 64 23
3 63 24
5 62 25
3 61 26
-4 60 27
2 59 28
2 58 29
3 57 30
1 55 32
1 54 33
-7 53 34
-4 52 35
-2 50 37
8 49 38
3 48 39
-5 47 40
-1 46 41
-8 45 42
-4 44 43
8 43 44
7 42 45
1 41 46
-3 40 47
-4 39 48
1 38 49
-5 37 50
5 36 51
6 35 52
5 34 53
4 32 55
-8 31 56
-8 30 57
4 29 58
-6 28 59
5 27 60
6 26 61
2 25 62
-6 24 63
-7 22 65
2 21 66
-7 20 67
5 19 68
-8 18 69
7 68 18
3 67 19
-6 66 20
-1 65 21
5 64 22
6 63 23
4 62 24
8 59 27
3 58 28
-2 57 29
2 56 30
4 55 31
5 54 32
2 53 33
-6 52 34
-6 51 35
-5 50 36
-1 49 37
4 48 38
-7 46 40
3 45 41
1 44 42
-8 43 43
-2 42 44
-2 41 45
5 40 46
8 39 47
1 38 48
8 37 49
-6 36 50
6 34 52
3 33 53
-3 32 54
-5 31 55
7 30 56
1 29 57
2 28 58
8 27 59
3 26 60
5 25 61
6 24 62
-1 23 63
7 22 64
8 21 65
-2 20 66
-5 19 67
5 18 68
3 67 18
4 66 19
-7 65 20
-4 64 21
8 63 22
-5 62 23
-7 61 24
-7 60 25
-3 59 26
-1 58 27
2 57 28
-1 56 29
2 55 30
-6 54 31
-3 53 32
-4 52 33
-4 51 34
1 50 35
-8 48 37
-1 46 39
5 45 40
2 44 41
1 43 42
3 41 44
1 40 45
-2 39 46
8 38 47
-5 37 48
4 35 50
3 34 51
-3 33 52
-3 32 53
2 31 54
5 30 55
7 29 56
-4 28 57
3 27 58
-4 26 59
3 25 60
-3 24 61
8 23 62
-7 21 64
1 20 65
1 19 66
-6 18 67
2 66 18
1 65 19
-8 64 20
-8 63 21
7 62 22
-2 61 23
-7 60 24
-1 59 25
-3 58 26
2 57 27
-4 56 28
8 55 29
2 54 30
3 53 31
2 52 32
-8 51 33
1 50 34
-6 48 36
-2 47 37
-1 46 38
4 44 40
-5 43 41
-2 42 42
-2 41 43
2 40 44
-1 39 45
-5 38 46
8 37 47
7 36 48
-3 35 49
-2 34 50
2 33 51
1 32 52
-2 31 53
-6 30 54
-5 29 55
8 28 56
-5 27 57
-2 26 58
-1 25 59
-5 24 60
8 23 61
7 22 62
4 20 64
-6 18 66
-2 65 18
6 63 20
5 61 22
8 60 23
-7 59 24
2 58 25
-8 56 27
-7 55 28
6 54 29
3 53 30
-5 52 31
7 51 32
1 50 33
-1 49 34
-5 48 35
1 47 36
2 46 37
1 45 38
-3 44 39
-7 43 40
-1 42 41
7 41 42
-6 40 43
-3 39 44
-7 38 45
-4 37 46
-5 36 47
-5 35 48
-5 34 49
-6 33 50
2 32 51
-8 31 52
-3 30 53
-5 28 55
2 27 56
8 26 57
7 25 58
-8 24 59
-1 23 60
7 22 61
6 21 62
-5 20 63
5 19 64
6 18 65
-8 64 18
5 63 19
-1 62 20
-2 61 21
6 60 22
-7 59 23
5 58 24
-7 57 25
-2 56 26
-7 55 27
-6 54 28
1 53 29
-3 52 30
5 51 31
4 49 33
-3 47 35
-6 46 36
4 45 37
7 44 38
2 43 39
-4 42 40
1 41 41
-4 40 42
-5 39 43
-3 38 44
2 37 45
2 36 46
4 35 47
-6 34 48
-8 33 49
-3 31 51
2 30 52
-2 29 53
-7 28 54
-3 27 55
1 26 56
-8 25 57
3 24 58
6 23 59
3 22 60
-3 21 61
-6 19 63
-1 18 64
-7 62 19
5 61 20
-7 60 21
6 59 22
-6 58 23
-5 57 24
5 56 25
-1 55 26
-7 54 27
-3 53 28
5 52 29
5 51 30
-7 50 31
-5 49 32
-8 48 33
-5 47 34
3 45 36
4 44 37
-8 43 38
6 42 39
3 40 41
-1 39 42
6 38 43
2 37 44
1 36 45
3 35 46
7 33 48
2 32 49
3 31 50
-3 30 51
5 29 52
-6 28 53
-8 27 54
1 26 55
-5 25 56
-8 24 57
-3 23 58
-1 22 59
-5 20 61
3 19 62
-4 18 63
8 17 64
5 16 65
-1 62 18
-8 61 19
-8 60 20
6 58 22
-8 56 24
8 55 25
8 54 26
7 53 27
3 51 29
-4 50 30
1 49 31
8 48 32
-4 47 33
-4 45 35
3 44 36
2 43 37
-6 42 38
1 41 39
8 40 40
5 39 41
5 37 43
-6 36 44
-1 35 45
-2 34 46
-8 33 47
7 32 48
-4 30 50
-7 28 52
3 27 53
7 26 54
-2 25 55
5 24 56
-8 22 58
-2 21 59
3 20 60
-4 19 61
-7 18 62
1 17 63
-1 16 64
6 62 17
-7 61 18
4 60 19
3 59 20
3 58 21
-8 57 22
1 56 23
3 55 24
7 54 25
5 53 26
6 51 28
-8 50 29
-2 48 31
7 47 32
5 46 33
2 45 34
-2 44 35
-5 42 37
6 41 38
5 40 39
5 39 40
-3 38 41
-1 37 42
8 36 43
6 35 44
-8 33 46
7 32 47
1 31 48
-3 30 49
-1 29 50
-8 28 51
5 27 52
7 26 53
7 25 54
6 24 55
2 22 57
-4 21 58
-6 20 59
-3 19 60
1 18 61
7 17 62
-2 16 63
8 61 17
-4 60 18
-5 59 19
5 58 20
-4 57 21
2 56 22
-5 55 23
4 54 24
8 53 25
-7 52 26
-3 51 27
-4 50 28
-6 49 29
-4 48 30
3 47 31
5 46 32
2 45 33
6 44 34
2 43 35
-7 42 36
-8 41 37
-3 40 38
-8 39 39
-6 38 40
2 37 41
-3 36 42
-8 35 43
2 34 44
6 33 45
-3 32 46
4 31 47
4 30 48
-2 29 49
-5 28 50
-2 27 51
-1 26 52
6 24 54
-2 23 55
2 22 56
3 21 57
5 20 58
8 19 59
2 18 60
6 17 61
7 16 62
-6 60 17
-8 59 18
-1 58 19
-2 57 20
1 56 21
-8 55 22
5 54 23
-6 53 24
-5 52 25
2 51 26
-7 50 27
6 49 28
-4 48 29
-5 47 30
-5 46 31
-8 45 32
5 44 33
3 43 34
-7 42 35
1 41 36
-1 40 37
6 39 38
3 38 39
3 37 40
-8 36 41
1 35 42
-7 34 43
3 33 44
-8 31 46
6 30 47
3 29 48
7 28 49
3 27 50
2 26 51
2 25 52
6 24 53
5 23 54
-8 22 55
-3 21 56
-2 20 57
3 19 58
-3 18 59
5 17 60
7 16 61
-4 59 17
3 58 18
-1 57 19
2 56 20
-2 55 21
4 54 22
-7 52 24
8 51 25
-7 50 26
5 49 27
1 48 28
5 46 30
2 45 31
-3 44 32
-6 43 33
-5 42 34
-4 41 35
8 40 36
-6 39 37
-7 38 38
3 37 39
4 36 40
-5 35 41
1 34 42
5 33 43
-8 32 44
3 31 45
8 30 46
5 29 47
-5 28 48
-6 27 49
-6 26 50
3 25 51
7 24 52
2 23 53
-5 22 54
3 21 55
-1 20 56
-2 19 57
3 18 58
-6 17 59
5 16 60
4 58 17
5 57 18
-1 56 19
7 55 20
7 54 21
7 53 22
5 52 23
2 50 25
3 49 26
2 48 27
-7 47 28
-4 46 29
6 45 30
-2 44 31
3 43 32
-2 41 34
7 40 35
-2 39 36
8 38 37
8 37 38
8 36 39
-8 34 41
1 33 42
2 32 43
8 31 44
-2 30 45
-6 28 47
-2 27 48
-4 26 49
6 25 50
1 24 51
6 23 52
7 21 54
-3 20 55
-8 19 56
1 18 57
-1 17 58
4 57 17
-3 56 18
3 55 19
-4 54 20
1 53 21
-1 52 22
-7 51 23
-5 49 25
-7 48 26
-6 47 27
3 46 28
-7 45 29
2 44 30
-5 43 31
-3 42 32
5 40 34
-7 39 35
-2 38 36
8 37 37
8 36 38
5 35 39
-7 34 40
-2 33 41
-8 32 42
-5 31 43
7 30 44
3 29 45
6 28 46
2 27 47
2 26 48
-7 25 49
-1 24 50
-5 23 51
-7 22 52
-5 21 53
-8 20 54
-2 18 56
3 17 57
7 16 58
-1 15 59
-2 14 60
7 13 61
-3 12 62
-2 11 63
8 10 64
7 9 65
-2 8 66
6 6 68
-1 5 69
-8 4 70
-2 3 71
4 2 72
-3 56 17
8 55 18
-7 54 19
-5 53 20
-8 52 21
-2 51 22
-3 50 23
3 49 24
-5 48 25
6 47 26
-8 46 27
2 45 28
-6 44 29
-5 43 30
1 42 31
-5 41 32
2 40 33
3 39 34
-5 38 35
-5 37 36
-4 36 37
-5 35 38
-8 34 39
3 33 40
-2 32 41
3 31 42
-5 30 43
4 29 44
2 28 45
-5 27 46
8 26 47
-6 25 48
-7 24 49
3 23 50
-3 22 51
1 21 52
-3 20 53
1 19 54
3 18 55
5 17 56
4 15 58
-3 14 59
-3 13 60
3 12 61
-2 11 62
-6 10 63
2 9 64
3 8 65
-4 7 66
6 6 67
-1 5 68
6 4 69
4 3 70
8 2 71
-7 1 72
5 0 73
4 55 17
-5 54 18
1 53 19
-8 52 20
8 51 21
6 50 22
7 49 23
1 48 24
6 47 25
-5 46 26
4 44 28
-6 43 29
-6 42 30
-4 41 31
7 40 32
8 39 33
-6 38 34
-3 37 35
5 36 36
7 35 37
-1 34 38
-6 33 39
-1 32 40
8 31 41
1 30 42
4 29 43
5 28 44
-8 27 45
4 26 46
4 25 47
-3 24 48
1 23 49
-8 22 50
-3 21 51
1 20 52
3 19 53
-6 17 55
-5 16 56
2 15 57
-1 14 58
1 13 59
2 12 60
4 11 61
7 10 62
-4 9 63
-3 8 64
-5 7 65
-1 6 66
6 5 67
-4 4 68
4 3 69
6 2 70
5 1 71
-2 0 72
2 54 17
3 53 18
-6 52 19
-6 51 20
1 50 21
-4 48 23
-5 47 24
-8 45 26
-4 44 27
1 43 28
4 42 29
6 41 30
7 40 31
5 39 32
-6 38 33
6 37 34
3 36 35
-4 35 36
-1 34 37
-7 33 38
-5 32 39
3 31 40
2 30 41
3 29 42
-4 28 43
-4 27 44
4 26 45
7 25 46
2 23 48
2 22 49
-4 21 50
-6 20 51
7 18 53
-5 17 54
-5 16 55
7 15 56
-2 14 57
-4 13 58
-2 12 59
-6 11 60
-6 10 61
-5 9 62
-3 8 63
3 7 64
2 6 65
2 5 66
-5 4 67
-2 3 68
3 2 69
-7 1 70
-7 0 71
-1 53 17
3 52 18
5 51 19
-6 50 20
2 49 21
-1 47 23
-8 46 24
7 45 25
-7 44 26
-3 43 27
-7 42 28
1 41 29
-5 40 30
8 39 31
-2 38 32
2 37 33
8 36 34
-3 35 35
-2 33 37
1 32 38
-5 31 39
1 30 40
-1 29 41
-1 28 42
7 27 43
-7 26 44
3 25 45
3 24 46
6 23 47
8 21 49
1 20 50
-1 19 51
-3 18 52
-4 17 53
7 16 54
-4 15 55
5 14 56
-7 13 57
6 12 58
-1 11 59
5 10 60
7 9 61
1 7 63
-2 6 64
7 5 65
7 4 66
2 3 67
4 2 68
4 1 69
3 0 70
-7 52 17
6 50 19
-5 49 20
3 48 21
-7 47 22
6 46 23
5 45 24
4 44 25
-7 43 26
-5 42 27
6 41 28
5 40 29
6 39 30
1 38 31
7 37 32
5 36 33
1 35 34
7 34 35
4 33 36
-5 32 37
5 31 38
8 30 39
7 29 40
3 28 41
4 27 42
6 26 43
-8 25 44
-8 24 45
-8 23 46
-4 22 47
-6 21 48
2 20 49
6 19 50
3 18 51
1 17 52
-1 16 53
5 15 54
-4 14 55
-1 13 56
4 12 57
-3 11 58
-7 10 59
6 9 60
-4 8 61
7 7 62
3 6 63
4 5 64
-1 3 66
-7 2 67
-1 1 68
-4 0 69
-7 51 17
-3 49 19
-1 48 20
5 47 21
4 46 22
5 45 23
-1 44 24
5 43 25
-7 42 26
6 41 27
-8 40 28
-8 39 29
8 38 30
6 37 31
4 36 32
7 35 33
3 33 35
-4 32 36
4 31 37
2 30 38
4 29 39
3 28 40
7 26 42
4 25 43
-2 24 44
7 23 45
8 22 46
-2 21 47
1 20 48
-4 19 49
1 18 50
3 17 51
-6 16 52
6 15 53
-1 14 54
3 13 55
-5 12 56
-4 11 57
4 10 58
5 9 59
8 8 60
3 6 62
-3 5 63
7 4 64
8 3 65
5 2 66
-5 1 67
-2 0 68
-2 49 18
-5 48 19
4 47 20
-7 46 21
4 45 22
-3 44 23
-7 42 25
-2 41 26
4 40 27
3 38 29
-4 37 30
4 36 31
-5 35 32
-6 34 33
2 33 34
6 32 35
3 31 36
7 30 37
-1 29 38
4 28 39
5 27 40
-7 26 41
8 25 42
-2 24 43
-6 23 44
7 22 45
-8 20 47
3 19 48
3 18 49
-8 17 50
4 16 51
5 15 52
2 14 53
5 13 54
4 12 55
-2 11 56
7 10 57
-2 9 58
-6 8 59
-1 7 60
3 6 61
1 5 62
-1 4 63
-4 3 64
7 2 65
6 1 66
-2 0 67
-2 48 18
-6 47 19
2 46 20
-8 45 21
4 44 22
-5 43 23
-4 42 24
-8 41 25
3 39 27
6 38 28
-8 37 29
3 35 31
3 34 32
8 33 33
-5 32 34
4 31 35
-5 30 36
-2 29 37
-1 28 38
-8 27 39
-8 26 40
2 25 41
-3 24 42
5 23 43
-2 22 44
-6 21 45
-1 20 46
-5 19 47
-4 18 48
2 17 49
4 16 50
5 15 51
8 14 52
-5 13 53
7 12 54
-5 11 55
4 10 56
-6 9 57
-4 8 58
5 6 60
7 5 61
-7 4 62
-6 3 63
7 1 65
2 0 66
8 47 18
-1 46 19
5 45 20
8 44 21
-1 43 22
-6 41 24
-1 40 25
2 39 26
5 38 27
-6 37 28
-7 36 29
-3 35 30
-5 34 31
-1 33 32
1 32 33
-7 30 35
2 29 36
5 28 37
-7 27 38
-3 26 39
-6 25 40
-7 24 41
3 23 42
2 22 43
-4 21 44
3 20 45
1 19 46
5 18 47
2 17 48
-5 16 49
8 15 50
5 14 51
-6 13 52
-1 11 54
-7 10 55
4 9 56
5 8 57
2 7 58
-5 6 59
4 5 60
6 4 61
-7 3 62
1 2 63
1 1 64
-1 0 65
1 46 18
-7 45 19
1 44 20
-3 43 21
-8 42 22
-2 41 23
-8 40 24
-8 39 25
-2 38 26
-8 37 27
2 34 30
-6 33 31
-4 32 32
-3 30 34
5 29 35
-5 28 36
-8 27 37
3 26 38
5 25 39
6 23 41
3 22 42
6 21 43
1 19 45
-5 18 46
2 17 47
2 16 48
-6 15 49
-5 14 50
-4 13 51
5 12 52
-4 11 53
6 8 56
-3 7 57
-1 6 58
7 5 59
-2 4 60
-2 2 62
-5 1 63
-6 0 64
-2 45 18
-3 44 19
6 43 20
-8 42 21
1 41 22
4 40 23
1 39 24
-4 38 25
1 37 26
8 36 27
-4 35 28
4 34 29
2 33 30
-2 32 31
-4 31 32
-6 30 33
2 29 34
7 28 35
4 27 36
-3 26 37
8 25 38
2 24 39
-8 23 40
5 22 41
-1 21 42
-4 20 43
2 19 44
2 18 45
2 17 46
-5 16 47
1 15 48
-6 14 49
3 13 50
7 12 51
-2 11 52
4 10 53
-7 9 54
3 8 55
2 7 56
-5 6 57
5 4 59
-3 3 60
4 2 61
-3 1 62
-6 45 17
-1 44 18
-6 43 19
5 42 20
-3 41 21
2 40 22
2 39 23
6 38 24
-4 37 25
2 36 26
2 35 27
-1 34 28
-6 33 29
5 32 30
-8 31 31
8 30 32
3 29 33
7 28 34
-5 27 35
-3 26 36
8 25 37
-4 24 38
3 23 39
-5 22 40
-6 21 41
6 20 42
2 19 43
-3 18 44
1 17 45
3 16 46
2 15 47
2 14 48
-3 13 49
3 12 50
4 11 51
2 10 52
-7 9 53
-7 8 54
1 7 55
-1 6 56
-2 5 57
-2 4 58
1 3 59
-1 2 60
5 1 61
1 0 62
-8 44 17
-6 43 18
-8 42 19
-6 41 20
-4 40 21
5 39 22
-6 38 23
4 36 25
3 35 26
-5 34 27
8 33 28
4 32 29
-8 31 30
5 30 31
-5 29 32
-6 28 33
7 27 34
-8 26 35
-7 25 36
-7 24 37
8 23 38
5 22 39
-2 21 40
6 20 41
3 19 42
8 18 43
5 17 44
2 16 45
7 15 46
7 14 47
-4 13 48
-6 12 49
-6 11 50
8 10 51
-3 9 52
-4 8 53
5 7 54
-2 6 55
5 5 56
-2 4 57
1 3 58
6 2 59
1 1 60
-3 0 61
6 43 17
-8 42 18
1 41 19
7 40 20
7 39 21
2 38 22
-8 37 23
-8 36 24
4 35 25
5 34 26
-7 33 27
-4 31 29
-2 30 30
-7 29 31
-1 28 32
8 26 34
-4 25 35
-7 23 37
-3 22 38
5 21 39
-5 20 40
3 19 41
-4 18 42
2 17 43
-2 16 44
-2 15 45
5 13 47
7 12 48
-7 11 49
-6 10 50
4 9 51
8 8 52
-1 7 53
1 6 54
4 5 55
-4 4 56
1 3 57
1 2 58
-7 1 59
-6 0 60
4 42 17
-3 41 18
2 40 19
3 39 20
2 38 21
1 37 22
-7 36 23
2 35 24
4 34 25
3 33 26
-6 32 27
6 31 28
4 30 29
4 29 30
-7 28 31
-1 27 32
-5 26 33
-7 24 35
3 23 36
4 22 37
-1 21 38
4 20 39
-5 19 40
-5 18 41
-4 17 42
-1 16 43
7 15 44
2 14 45
3 13 46
-8 12 47
-6 11 48
6 10 49
6 9 50
1 8 51
8 7 52
4 6 53
5 5 54
-5 4 55
-2 3 56
7 2 57
4 1 58
-5 0 59
-4 41 17
2 40 18
3 39 19
7 38 20
-4 37 21
-4 36 22
-2 35 23
6 34 24
3 33 25
-3 32 26
-5 31 27
-1 30 28
5 29 29
-2 28 30
-2 27 31
7 26 32
1 25 33
-4 24 34
4 23 35
-2 22 36
6 21 37
-4 20 38
5 19 39
-5 17 41
-6 16 42
5 15 43
-7 14 44
8 13 45
6 12 46
-8 11 47
8 10 48
-1 9 49
-7 8 50
-8 7 51
1 6 52
-5 5 53
8 4 54
6 3 55
-2 2 56
-7 1 57
1 0 58
-4 40 17
4 39 18
-3 38 19
8 37 20
-7 36 21
4 35 22
3 34 23
-3 33 24
4 32 25
7 31 26
-1 29 28
-1 27 30
5 26 31
-6 25 32
-4 24 33
5 23 34
7 22 35
-1 21 36
-1 20 37
1 19 38
8 18 39
-6 17 40
5 16 41
5 15 42
-7 14 43
3 13 44
-5 12 45
7 11 46
-6 10 47
-7 7 50
-3 6 51
7 5 52
7 4 53
7 3 54
4 2 55
5 1 56
3 39 17
-3 38 18
-2 37 19
-1 36 20
6 35 21
8 34 22
7 33 23
-5 32 24
-6 31 25
-8 30 26
4 29 27
2 28 28
7 27 29
-8 26 30
-8 25 31
4 24 32
3 23 33
-2 21 35
-7 20 36
5 18 38
-3 17 39
8 16 40
1 15 41
-1 14 42
3 13 43
8 12 44
3 11 45
-8 10 46
1 9 47
-5 8 48
8 7 49
-1 6 50
-8 5 51
-3 4 52
5 3 53
-7 2 54
-8 1 55
-5 0 56
-4 38 17
5 37 18
4 36 19
8 35 20
4 34 21
7 33 22
-8 31 24
-7 30 25
-5 29 26
-7 28 27
4 27 28
1 26 29
-8 25 30
5 24 31
-4 23 32
6 22 33
7 21 34
4 20 35
-2 19 36
-1 18 37
-5 17 38
5 16 39
1 15 40
8 14 41
5 13 42
7 12 43
-4 11 44
-2 10 45
-1 9 46
-8 8 47
-4 7 48
-5 6 49
6 5 50
-2 4 51
-5 3 52
-6 1 54
6 0 55
-2 37 17
-6 36 18
4 35 19
2 34 20
-3 33 21
5 32 22
3 31 23
-5 30 24
-5 29 25
3 28 26
6 27 27
-1 26 28
-1 25 29
-7 24 30
3 23 31
-1 22 32
-3 21 33
-2 20 34
6 18 36
6 17 37
8 16 38
7 15 39
-6 14 40
1 13 41
-1 12 42
-7 11 43
7 10 44
2 8 46
-2 6 48
-8 5 49
5 4 50
6 3 51
-1 2 52
7 1 53
-2 0 54
1 36 17
5 35 18
1 34 19
7 32 21
-5 31 22
5 30 23
5 29 24
6 28 25
8 27 26
1 26 27
3 25 28
-1 23 30
-3 22 31
-4 21 32
1 20 33
8 19 34
-5 17 36
3 16 37
-6 14 39
5 13 40
5 12 41
-7 11 42
-5 10 43
3 9 44
-2 8 45
-2 7 46
7 6 47
-3 5 48
3 4 49
6 3 50
-7 2 51
1 1 52
3 0 53
7 35 17
-1 34 18
-8 33 19
7 32 20
4 31 21
-2 30 22
2 29 23
-6 28 24
-6 27 25
-5 26 26
-1 25 27
-5 24 28
-3 23 29
7 22 30
-8 21 31
-1 20 32
2 18 34
-2 17 35
3 16 36
7 13 39
4 12 40
6 11 41
3 10 42
7 9 43
6 8 44
-3 7 45
7 6 46
5 5 47
5 4 48
-6 3 49
4 2 50
5 1 51
-4 0 52
6 34 17
-1 33 18
8 32 19
-4 31 20
-8 30 21
5 29 22
8 28 23
-7 27 24
-3 26 25
7 25 26
-2 24 27
6 23 28
7 22 29
-6 21 30
6 20 31
-2 19 32
8 18 33
8 17 34
-1 16 35
2 15 36
4 14 37
3 13 38
-8 12 39
3 11 40
-4 10 41
-2 9 42
6 8 43
5 7 44
-1 6 45
6 5 46
1 4 47
1 3 48
6 2 49
5 1 50
6 0 51
1 32 18
8 31 19
5 30 20
6 29 21
8 28 22
8 27 23
5 26 24
5 25 25
-6 24 26
-2 23 27
-2 22 28
-7 21 29
5 19 31
1 18 32
7 17 33
8 16 34
5 15 35
-7 14 36
4 13 37
6 12 38
6 11 39
-7 10 40
-4 9 41
7 8 42
2 7 43
-6 6 44
6 5 45
-8 4 46
-2 3 47
-6 2 48
5 1 49
-2 0 50
7 31 18
6 30 19
-6 29 20
4 28 21
-7 27 22
-2 26 23
-8 25 24
2 24 25
8 23 26
-1 22 27
7 21 28
-1 20 29
8 19 30
5 18 31
-5 17 32
2 16 33
4 15 34
-8 14 35
-2 13 36
-4 12 37
-5 11 38
-3 10 39
2 9 40
-4 8 41
5 7 42
6 6 43
4 5 44
-8 4 45
-6 2 47
-1 1 48
7 0 49
8 30 18
6 29 19
2 28 20
-2 27 21
-7 26 22
-3 25 23
4 24 24
-6 23 25
4 22 26
4 21 27
-5 20 28
7 19 29
1 18 30
-6 17 31
6 16 32
2 15 33
4 14 34
-4 13 35
5 12 36
-2 11 37
-8 10 38
5 9 39
-8 8 40
5 7 41
4 6 42
-2 5 43
6 4 44
-4 3 45
-3 2 46
5 1 47
-8 0 48
-1 29 18
-8 28 19
6 27 20
-3 26 21
4 25 22
-7 24 23
-7 23 24
-6 22 25
7 21 26
2 20 27
1 19 28
7 18 29
7 17 30
-2 16 31
2 15 32
3 14 33
7 13 34
7 12 35
7 11 36
-4 10 37
3 9 38
1 8 39
2 7 40
-8 6 41
5 4 43
-4 3 44
1 2 45
3 1 46
-5 0 47
1 28 18
3 27 19
1 26 20
6 25 21
6 24 22
-4 23 23
-6 22 24
1 21 25
6 20 26
-5 19 27
4 18 28
-4 17 29
4 16 30
-8 15 31
-4 14 32
-5 13 33
-8 12 34
4 11 35
-8 10 36
5 9 37
-2 8 38
4 7 39
7 6 40
8 5 41
3 4 42
-5 3 43
3 2 44
-3 1 45
-5 0 46
-6 28 17
6 27 18
-5 26 19
-6 25 20
1 24 21
4 23 22
5 22 23
-1 21 24
6 20 25
2 19 26
2 18 27
6 17 28
-6 16 29
1 15 30
5 14 31
-2 13 32
5 12 33
1 11 34
-1 10 35
2 9 36
-8 8 37
-3 7 38
-6 6 39
-1 5 40
7 4 41
-1 2 43
6 1 44
6 0 45
-8 27 17
-5 26 18
-8 25 19
-8 23 21
-6 22 22
-8 21 23
-4 20 24
8 19 25
6 18 26
-4 17 27
4 16 28
-7 15 29
1 14 30
2 13 31
-6 12 32
4 11 33
-5 10 34
1 9 35
-6 8 36
7 7 37
-2 6 38
8 5 39
-3 4 40
-5 3 41
4 2 42
-6 1 43
-1 0 44
6 26 17
-1 25 18
-7 24 19
-7 23 20
8 22 21
-4 21 22
6 20 23
5 19 24
6 18 25
3 17 26
-1 16 27
-4 14 29
5 13 30
8 12 31
-3 11 32
-6 10 33
-6 9 34
-8 7 36
-6 6 37
-1 5 38
4 4 39
8 3 40
5 2 41
4 1 42
-8 0 43
4 25 17
7 24 18
4 23 19
7 22 20
-3 21 21
8 20 22
7 19 23
5 18 24
-8 17 25
7 16 26
8 15 27
-3 14 28
-7 13 29
2 12 30
4 11 31
7 10 32
-6 9 33
-7 8 34
6 7 35
7 6 36
-8 5 37
-4 4 38
-5 3 39
-2 2 40
1 1 41
6 0 42
-4 24 17
-1 23 18
-5 22 19
-8 20 21
-8 19 22
4 18 23
6 17 24
-4 16 25
-4 14 27
5 12 29
1 11 30
7 10 31
3 9 32
2 8 33
-5 7 34
8 6 35
-3 5 36
8 3 38
8 2 39
7 1 40
-5 0 41
-4 23 17
5 22 18
-3 21 19
-5 20 20
-1 19 21
8 18 22
-8 17 23
-1 16 24
7 15 25
-2 14 26
-4 12 28
-6 11 29
1 9 31
3 8 32
-8 7 33
-6 6 34
6 5 35
-8 4 36
3 3 37
2 2 38
6 1 39
5 0 40
3 22 17
8 21 18
-4 20 19
-7 19 20
-3 18 21
4 17 22
-3 16 23
2 15 24
8 14 25
-1 13 26
-7 12 27
3 11 28
-5 10 29
6 9 30
-1 8 31
-2 7 32
8 6 33
3 5 34
3 4 35
4 2 37
-1 1 38
-7 0 39
-4 21 17
1 20 18
-3 19 19
-8 18 20
-7 17 21
-7 16 22
7 15 23
4 13 25
8 12 26
-8 9 29
-8 8 30
-6 7 31
3 6 32
5 4 34
5 3 35
-2 2 36
-3 1 37
7 0 38
-2 20 17
8 19 18
4 18 19
6 17 20
7 16 21
-4 15 22
-5 14 23
-2 13 24
-6 12 25
-7 11 26
5 10 27
3 9 28
-1 8 29
-1 7 30
-1 6 31
8 5 32
-1 4 33
-8 3 34
-4 2 35
5 1 36
5 0 37
1 19 17
7 18 18
-4 17 19
3 16 20
3 15 21
-8 14 22
2 13 23
-1 12 24
-3 11 25
3 10 26
-3 9 27
7 8 28
1 7 29
7 6 30
5 5 31
6 3 33
-6 2 34
3 1 35
2 0 36
7 18 17
2 17 18
8 16 19
1 15 20
8 14 21
7 13 22
-5 12 23
2 11 24
-5 10 25
8 9 26
-2 8 27
7 7 28
8 6 29
7 5 30
-2 4 31
6 3 32
3 2 33
-1 1 34
7 0 35
7 17 17
3 16 18
2 15 19
5 14 20
-8 13 21
-2 12 22
-2 11 23
-3 10 24
5 9 25
-8 8 26
-5 7 27
6 6 28
-4 5 29
3 4 30
1 3 31
-1 2 32
-6 1 33
3 0 34
-2 15 18
-4 14 19
5 13 20
-2 12 21
-1 10 23
2 9 24
3 8 25
-2 6 27
4 5 28
6 4 29
1 3 30
-4 2 31
3 0 33
-3 14 18
-1 13 19
-7 12 20
-2 11 21
6 10 22
-5 9 23
2 8 24
-1 7 25
-7 6 26
-1 5 27
-2 4 28
3 3 29
3 2 30
7 1 31
-8 13 18
7 12 19
-2 11 20
-6 10 21
-5 9 22
-5 7 24
-5 5 26
4 4 27
5 3 28
-1 2 29
-5 1 30
2 0 31
-6 11 19
-2 9 21
4 8 22
-3 7 23
2 6 24
-3 5 25
-5 4 26
2 3 27
6 2 28
-6 1 29
5 0 30
2 11 18
6 10 19
4 9 20
3 8 21
-8 7 22
7 6 23
5 5 24
5 4 25
-3 3 26
-6 2 27
-2 1 28
-3 0 29
6 11 17
2 10 18
6 9 19
-2 8 20
1 7 21
-2 6 22
2 5 23
8 4 24
-6 3 25
5 2 26
3 1 27
-7 0 28
8 10 17
-2 9 18
8 8 19
6 7 20
2 6 21
-3 4 23
-4 3 24
-5 0 27
-6 9 17
6 7 19
7 6 20
7 5 21
6 4 22
-2 3 23
-5 2 24
2 1 25
8 0 26
-4 8 17
-7 7 18
5 6 19
-3 5 20
2 4 21
-8 3 22
1 1 24
2 0 25
4 7 17
-6 6 18
1 5 19
-7 3 21
5 2 22
8 1 23
-8 0 24
4 6 17
-6 5 18
-2 4 19
-8 3 20
-5 2 21
8 1 22
1 0 23
-3 5 17
-3 4 18
4 3 19
2 1 21
6 0 22
4 4 17
1 3 18
4 2 19
-6 1 20
-7 0 21
2 3 17
2 2 18
-6 1 19
4 0 20
-1 2 17
-2 1 18
7 0 19
-7 1 17
-8 0 18
-8 0 17
-4 0 0
END
POLY M2_1
7 72 0
-2 71 1
-2 70 2
-3 69 3
3 68 4
3 67 5
-3 66 6
1 65 7
-7 63 9
2 62 10
2 61 11
3 60 12
-3 59 13
-7 58 14
-7 57 15
-4 56 16
-1 55 17
-7 54 18
-6 53 19
5 52 20
-5 51 21
6 50 22
-4 49 23
6 48 24
4 47 25
-6 46 26
-7 45 27
-2 44 28
7 43 29
7 42 30
8 41 31
3 40 32
-2 39 33
1 38 34
-1 37 35
-4 36 36
1 71 0
-1 70 1
-7 69 2
3 68 3
-4 67 4
-7 66 5
-2 65 6
1 64 7
6 63 8
8 62 9
-1 61 10
1 60 11
-5 59 12
8 58 13
-2 57 14
2 56 15
-6 55 16
-2 54 17
4 53 18
-3 51 20
-6 50 21
-1 48 23
8 47 24
6 46 25
2 45 26
8 44 27
-5 43 28
-5 42 29
-7 41 30
-5 39 32
-2 38 33
-3 37 34
1 36 35
-4 35 36
-8 34 37
8 70 0
4 69 1
-1 68 2
-6 67 3
-6 65 5
8 64 6
-3 63 7
-8 62 8
-7 61 9
5 60 10
-8 59 11
1 58 12
3 57 13
-6 56 14
5 54 16
-6 53 17
2 50 20
-1 49 21
-6 48 22
-2 47 23
-3 46 24
-1 45 25
-6 44 26
-3 43 27
-8 42 28
-5 41 29
1 39 31
-4 38 32
-7 37 33
7 36 34
1 35 35
-2 34 36
5 33 37
1 32 38
8 69 0
2 68 1
-5 67 2
-5 66 3
-6 65 4
-2 64 5
1 63 6
8 62 7
-6 61 8
1 60 9
-5 59 10
8 58 11
-2 57 12
6 56 13
3 55 14
-8 54 15
-2 52 17
2 51 18
-8 50 19
-1 49 20
-4 48 21
-5 47 22
-7 46 23
3 45 24
-1 44 25
7 43 26
5 42 27
6 41 28
-1 40 29
-2 39 30
-4 38 31
-7 37 32
-8 36 33
4 34 35
-6 33 36
5 32 37
4 31 38
-6 30 39
4 68 0
7 67 1
-4 66 2
2 65 3
-4 64 4
-4 63 5
7 62 6
5 61 7
-4 60 8
-6 59 9
3 58 10
-2 57 11
4 56 12
8 55 13
6 54 14
-8 53 15
5 51 17
6 50 18
3 49 19
-2 48 20
-2 47 21
2 46 22
-2 43 25
-7 42 26
7 41 27
5 40 28
-7 39 29
-7 38 30
-4 37 31
4 36 32
-7 35 33
-1 34 34
4 33 35
1 32 36
6 31 37
-1 30 38
-2 29 39
6 28 40
-3 67 0
2 66 1
-1 65 2
-2 64 3
-7 63 4
-8 61 6
8 60 7
-6 58 9
-8 56 11
-1 55 12
-5 54 13
-4 53 14
1 52 15
4 51 16
3 50 17
8 49 18
-4 48 19
-5 46 21
-6 45 22
-1 44 23
5 43 24
-1 42 25
-8 41 26
4 40 27
3 39 28
-5 38 29
-4 37 30
-4 36 31
6 35 32
2 34 33
-1 33 34
5 32 35
4 31 36
-7 30 37
-5 29 38
1 28 39
-5 27 40
-7 26 41
2 66 0
-7 65 1
-2 64 2
-3 63 3
1 62 4
-5 61 5
-3 60 6
-7 59 7
-2 57 9
5 56 10
8 55 11
6 54 12
8 53 13
1 52 14
1 51 15
1 50 16
-2 49 17
2 48 18
8 47 19
8 46 20
2 45 21
8 44 22
6 43 23
-3 42 24
8 41 25
4 40 26
6 39 27
4 38 28
3 37 29
1 36 30
4 35 31
-1 34 32
8 33 33
-1 32 34
-2 30 36
-1 29 37
4 26 40
3 25 41
5 24 42
-6 65 0
2 64 1
7 63 2
7 62 3
2 61 4
-6 60 5
-5 59 6
7 58 7
8 57 8
-1 56 9
-5 55 10
1 54 11
-4 53 12
6 52 13
-1 51 14
7 50 15
-4 49 16
4 48 17
3 47 18
2 46 19
-7 45 20
3 44 21
7 43 22
-1 42 23
5 41 24
3 40 25
4 39 26
2 38 27
-6 37 28
-2 36 29
-3 35 30
7 34 31
-4 33 32
6 32 33
-5 31 34
8 30 35
6 29 36
7 28 37
2 27 38
-6 26 39
-8 25 40
-2 24 41
3 23 42
4 22 43
-3 64 0
-3 63 1
6 62 2
-3 61 3
-7 59 5
1 58 6
-1 57 7
4 56 8
6 54 10
-1 53 11
7 52 12
-8 51 13
1 50 14
-7 49 15
-8 48 16
8 47 17
6 46 18
-3 45 19
3 44 20
6 43 21
-4 42 22
8 41 23
3 40 24
4 39 25
-2 38 26
-2 37 27
6 36 28
6 35 29
-4 34 30
3 33 31
2 32 32
-8 31 33
2 30 34
-8 29 35
7 27 37
-1 26 38
-2 25 39
-8 24 40
-2 23 41
-7 22 42
3 21 43
-5 63 0
-7 62 1
-4 61 2
-5 60 3
8 59 4
1 58 5
-2 57 6
-1 56 7
4 55 8
-4 54 9
2 53 10
2 52 11
-4 51 12
-6 50 13
2 49 14
7 48 15
3 47 16
7 46 17
-8 45 18
-3 44 19
-1 43 20
-5 42 21
8 41 22
-6 40 23
-2 39 24
3 38 25
-8 37 26
-7 36 27
-1 35 28
-3 34 29
1 33 30
2 32 31
-3 31 32
7 30 33
6 29 34
5 28 35
-5 27 36
-5 26 37
-3 25 38
-6 24 39
-4 23 40
6 22 41
1 21 42
3 20 43
-6 19 44
-8 18 45
2 62 0
-8 61 1
-2 60 2
-2 59 3
7 58 4
-1 57 5
-3 56 6
-6 55 7
-7 54 8
-4 53 9
-6 52 10
4 51 11
-7 50 12
-6 49 13
-4 48 14
-5 47 15
2 46 16
4 45 17
-8 44 18
-5 43 19
-4 42 20
-8 41 21
8 40 22
-7 39 23
6 38 24
-2 37 25
7 36 26
-1 35 27
5 34 28
-3 33 29
-6 32 30
7 31 31
-3 30 32
3 29 33
-8 28 34
3 27 35
2 25 37
-1 24 38
-5 23 39
1 22 40
8 21 41
2 20 42
-3 19 43
-7 18 44
6 17 45
-3 16 46
-3 61 0
-4 60 1
8 59 2
-5 58 3
3 57 4
-3 56 5
-8 55 6
1 54 7
-1 53 8
-1 52 9
-5 51 10
-5 50 11
-2 49 12
7 48 13
-7 47 14
-2 46 15
2 45 16
-6 44 17
-6 43 18
3 42 19
-1 41 20
-5 40 21
7 39 22
3 38 23
-6 37 24
4 36 25
8 35 26
7 34 27
2 33 28
-7 32 29
-1 31 30
-1 30 31
3 29 32
2 28 33
-8 27 34
2 26 35
4 25 36
-8 24 37
-8 23 38
-6 22 39
-6 21 40
4 20 41
4 19 42
1 18 43
8 17 44
-7 16 45
4 60 0
-1 59 1
-3 58 2
4 57 3
-4 56 4
4 55 5
-3 54 6
-4 53 7
-8 52 8
-5 51 9
8 50 10
-1 49 11
-4 48 12
4 47 13
6 46 14
-1 45 15
-7 44 16
7 43 17
6 40 20
5 39 21
-6 38 22
-6 37 23
3 36 24
5 35 25
2 34 26
-2 33 27
-6 31 29
8 30 30
-7 29 31
-7 27 33
7 26 34
-8 25 35
-4 24 36
3 23 37
7 21 39
-8 20 40
5 19 41
1 18 42
4 16 44
-2 59 0
-5 58 1
-2 57 2
3 56 3
-1 55 4
1 54 5
-3 53 6
-2 52 7
-7 51 8
-3 50 9
1 49 10
4 48 11
-5 47 12
-5 46 13
-3 45 14
6 44 15
6 43 16
4 42 17
-1 41 18
2 40 19
-1 39 20
-8 38 21
6 37 22
-6 36 23
4 35 24
1 34 25
-5 33 26
3 32 27
2 31 28
-6 30 29
3 29 30
-7 28 31
-5 27 32
-1 26 33
-2 25 34
5 24 35
-1 23 36
5 22 37
-5 20 39
-4 19 40
-3 18 41
-3 16 43
8 58 0
-3 57 1
-1 56 2
7 55 3
-2 54 4
-6 53 5
-1 52 6
-2 51 7
-5 50 8
-8 49 9
5 48 10
-7 46 12
7 45 13
-6 44 14
4 43 15
2 41 17
-2 40 18
-7 39 19
-6 38 20
-3 37 21
1 36 22
-3 35 23
-4 34 24
-1 33 25
6 32 26
-5 31 27
-1 30 28
-1 29 29
-8 28 30
-5 27 31
-2 26 32
5 25 33
-8 24 34
1 23 35
-5 22 36
8 21 37
6 20 38
5 19 39
8 18 40
-7 17 41
-8 16 42
-7 14 44
4 13 45
-2 12 46
-5 11 47
7 10 48
-7 9 49
-2 8 50
-3 57 0
7 56 1
-7 55 2
3 54 3
2 53 4
-7 52 5
-5 51 6
8 50 7
-2 49 8
-8 48 9
-5 47 10
-7 46 11
1 45 12
-6 44 13
5 42 15
-2 41 16
-7 40 17
-2 39 18
-5 38 19
4 37 20
7 36 21
-3 35 22
4 34 23
5 33 24
-5 32 25
-3 31 26
3 30 27
-3 29 28
2 28 29
-6 27 30
-3 26 31
-6 25 32
4 24 33
6 22 35
-3 21 36
-2 20 37
6 19 38
6 18 39
7 17 40
1 16 41
-4 15 42
8 14 43
4 12 45
-3 11 46
6 10 47
-2 9 48
-3 8 49
6 7 50
7 6 51
7 56 0
-3 55 1
4 54 2
6 53 3
-2 52 4
2 51 5
7 50 6
2 49 7
-2 48 8
3 47 9
-6 46 10
2 45 11
-8 44 12
5 43 13
6 42 14
6 41 15
-7 40 16
3 38 18
-8 37 19
-2 35 21
-3 34 22
2 33 23
-3 32 24
4 31 25
-2 30 26
1 29 27
-4 28 28
-8 27 29
5 26 30
7 25 31
-8 24 32
-8 23 33
8 22 34
-8 21 35
3 20 36
6 19 37
-4 18 38
-4 17 39
-4 16 40
2 15 41
6 14 42
-1 13 43
3 12 44
-4 11 45
5 10 46
-7 9 47
3 8 48
7 7 49
-6 6 50
1 5 51
4 4 52
-6 55 0
-3 54 1
3 53 2
4 52 3
-2 51 4
-2 50 5
-8 49 6
-1 48 7
3 47 8
1 46 9
1 45 10
-1 44 11
6 43 12
-7 42 13
1 41 14
2 40 15
8 39 16
1 38 17
-6 37 18
6 36 19
6 35 20
5 34 21
-5 33 22
-1 32 23
-1 31 24
3 30 25
7 29 26
-6 28 27
-5 27 28
2 26 29
-5 25 30
-3 24 31
-8 23 32
7 22 33
-7 21 34
-4 20 35
-5 19 36
8 18 37
-1 17 38
-2 16 39
-1 15 40
1 14 41
-6 13 42
-7 12 43
-5 10 45
-8 9 46
6 8 47
-5 7 48
-3 6 49
-2 5 50
4 4 51
-2 3 52
-4 2 53
-1 54 0
1 53 1
-4 52 2
-2 51 3
-4 50 4
-4 49 5
2 48 6
2 47 7
-2 46 8
-8 45 9
-4 44 10
-6 43 11
8 42 12
-6 41 13
-2 40 14
5 39 15
-8 38 16
8 36 18
-6 35 19
-2 34 20
7 33 21
4 32 22
-6 31 23
-1 30 24
-3 29 25
-3 28 26
-6 27 27
5 26 28
5 25 29
-6 24 30
-5 23 31
4 22 32
3 21 33
-6 20 34
2 19 35
-1 18 36
6 17 37
7 16 38
-2 15 39
5 14 40
-3 13 41
-5 12 42
2 11 43
-1 10 44
5 9 45
-8 8 46
-5 7 47
-2 6 48
6 5 49
8 4 50
-6 3 51
3 2 52
-7 1 53
-4 0 54
-2 53 0
3 52 1
1 51 2
-1 50 3
-2 49 4
-6 48 5
2 47 6
6 46 7
-8 45 8
3 44 9
-1 43 10
-4 42 11
-4 41 12
-7 40 13
-7 37 16
7 36 17
-8 35 18
-2 34 19
7 33 20
-4 32 21
1 31 22
-2 30 23
1 29 24
-7 28 25
3 27 26
-1 26 27
-3 25 28
-1 24 29
-1 23 30
-2 22 31
7 21 32
-3 20 33
-6 19 34
-5 18 35
3 17 36
-6 16 37
-5 15 38
-3 14 39
4 13 40
7 12 41
1 11 42
-7 10 43
-1 9 44
8 8 45
-4 7 46
-1 6 47
4 5 48
-1 4 49
-6 3 50
4 2 51
-4 1 52
3 0 53
3 52 0
-8 51 1
7 50 2
-8 49 3
7 48 4
6 47 5
-6 46 6
-5 45 7
7 44 8
8 42 10
3 41 11
-7 40 12
-3 39 13
7 38 14
7 37 15
1 35 17
-7 34 18
-2 32 20
-2 31 21
2 30 22
-2 29 23
1 28 24
-4 27 25
1 26 26
-6 25 27
-8 24 28
-5 23 29
-4 21 31
3 20 32
1 19 33
-2 18 34
-6 17 35
4 16 36
-2 15 37
3 14 38
8 13 39
5 12 40
-5 11 41
8 10 42
2 9 43
-2 8 44
6 7 45
-4 6 46
-8 5 47
8 4 48
5 3 49
3 2 50
1 1 51
4 0 52
-2 51 0
3 49 2
5 48 3
8 47 4
-8 46 5
-7 45 6
-6 43 8
-6 42 9
8 40 11
-1 39 12
5 38 13
-2 37 14
2 36 15
-1 35 16
-1 34 17
-6 33 18
-6 32 19
4 31 20
2 30 21
3 29 22
6 28 23
8 27 24
3 26 25
6 25 26
-1 24 27
-8 23 28
5 22 29
-1 21 30
6 20 31
-2 19 32
3 17 34
1 16 35
-8 15 36
1 14 37
-4 13 38
-1 12 39
1 11 40
4 10 41
2 9 42
5 8 43
4 7 44
-2 6 45
5 5 46
-4 4 47
6 3 48
-3 2 49
2 1 50
-3 0 51
3 50 0
5 49 1
-8 48 2
-1 47 3
6 46 4
-7 45 5
8 44 6
-3 42 8
2 41 9
-6 40 10
7 39 11
6 38 12
7 37 13
-2 36 14
5 35 15
-8 34 16
-1 33 17
2 32 18
-7 31 19
-6 30 20
2 29 21
-6 28 22
-8 27 23
-6 26 24
5 25 25
-1 24 26
-2 23 27
4 22 28
-2 21 29
-6 20 30
-2 19 31
6 18 32
-5 17 33
3 16 34
-7 15 35
-8 14 36
8 13 37
-7 11 39
6 10 40
-2 9 41
-2 8 42
2 7 43
3 5 45
-8 4 46
5 3 47
-5 2 48
-8 1 49
-5 0 50
-4 49 0
5 48 1
5 47 2
2 45 4
1 44 5
1 43 6
-1 41 8
-3 40 9
-2 39 10
-2 38 11
-2 37 12
-5 36 13
1 35 14
7 34 15
-6 33 16
8 32 17
-6 31 18
2 30 19
-3 29 20
-3 28 21
-6 27 22
-3 26 23
-5 25 24
4 24 25
1 23 26
5 22 27
-6 21 28
2 20 29
-8 19 30
-6 18 31
-5 17 32
-2 16 33
7 15 34
-2 14 35
-3 13 36
-6 12 37
-5 11 38
-3 10 39
-6 9 40
-3 8 41
-1 7 42
8 6 43
4 5 44
-3 4 45
-5 3 46
3 2 47
4 1 48
-5 0 49
7 48 0
-1 47 1
8 46 2
-1 45 3
-1 44 4
-8 43 5
8 42 6
3 41 7
-8 40 8
-7 39 9
-5 38 10
-7 37 11
5 36 12
-1 35 13
-3 34 14
-3 33 15
6 31 17
-2 30 18
-7 28 20
8 27 21
-4 26 22
-2 25 23
-8 24 24
-1 23 25
3 22 26
3 21 27
-8 20 28
2 19 29
-5 18 30
-2 17 31
2 16 32
-3 14 34
-4 13 35
-6 12 36
1 11 37
-4 10 38
1 9 39
4 8 40
5 7 41
-6 6 42
1 5 43
6 4 44
3 3 45
-2 2 46
3 1 47
-7 0 48
7 47 0
-6 46 1
-7 45 2
5 44 3
2 43 4
1 42 5
-3 41 6
5 40 7
2 39 8
7 38 9
3 37 10
-7 36 11
-6 34 13
2 33 14
5 32 15
-8 30 17
3 29 18
8 28 19
2 27 20
5 26 21
8 25 22
1 24 23
-3 23 24
1 22 25
6 21 26
1 20 27
-4 19 28
-1 18 29
3 17 30
5 15 32
-3 14 33
6 13 34
8 12 35
7 11 36
-8 10 37
-6 9 38
1 8 39
-7 7 40
-7 6 41
3 5 42
6 4 43
3 3 44
-1 2 45
-5 0 47
-7 46 0
6 45 1
5 44 2
-1 43 3
4 42 4
6 41 5
4 40 6
7 39 7
1 38 8
-2 37 9
-4 36 10
-1 35 11
5 34 12
3 33 13
-7 32 14
-8 31 15
8 30 16
3 29 17
1 28 18
5 27 19
-3 26 20
2 24 22
7 23 23
-8 22 24
1 21 25
3 20 26
1 19 27
-5 18 28
-1 17 29
-1 16 30
2 15 31
3 14 32
-3 13 33
5 12 34
-3 11 35
8 10 36
-5 9 37
-2 8 38
-7 7 39
-3 6 40
-5 5 41
1 4 42
-1 3 43
1 2 44
2 1 45
-4 0 46
6 45 0
3 44 1
1 42 3
-3 41 4
5 40 5
-2 39 6
-6 38 7
-7 37 8
2 36 9
-5 35 10
-8 34 11
-3 33 12
1 30 15
8 29 16
3 28 17
-2 27 18
-3 26 19
1 25 20
-6 24 21
-8 23 22
-8 22 23
6 21 24
1 20 25
-6 19 26
8 18 27
-6 16 29
-5 15 30
2 14 31
-4 13 32
4 12 33
-1 11 34
-2 10 35
1 9 36
-5 8 37
-3 7 38
1 6 39
-2 5 40
2 4 41
8 3 42
-3 2 43
2 1 44
-6 0 45
-6 44 0
1 43 1
8 42 2
-5 41 3
-6 40 4
-6 39 5
-7 38 6
-4 37 7
-8 36 8
4 35 9
3 34 10
-7 33 11
-7 32 12
6 31 13
-5 30 14
-5 29 15
2 28 16
2 27 17
-3 26 18
5 24 20
4 23 21
3 22 22
-8 21 23
-6 20 24
-5 19 25
3 18 26
3 17 27
3 16 28
1 15 29
5 14 30
8 13 31
-5 12 32
-7 11 33
-7 10 34
7 8 36
-5 7 37
1 6 38
3 5 39
3 4 40
5 2 42
-2 1 43
7 0 44
-3 43 0
2 42 1
-7 41 2
7 40 3
-3 39 4
-2 37 6
4 36 7
-5 35 8
-7 34 9
7 33 10
-7 32 11
-7 31 12
-2 30 13
-8 29 14
-6 27 16
7 26 17
4 25 18
4 24 19
-8 23 20
4 22 21
-7 21 22
-4 20 23
6 19 24
3 18 25
-1 17 26
2 16 27
6 15 28
4 14 29
6 13 30
-2 12 31
4 11 32
-2 10 33
1 9 34
-1 8 35
7 7 36
1 6 37
-6 5 38
-1 4 39
1 3 40
1 2 41
8 1 42
-8 0 43
2 41 1
3 40 2
-2 39 3
-1 38 4
-3 37 5
-2 36 6
-6 35 7
-4 34 8
-2 33 9
1 32 10
-5 31 11
-7 30 12
8 29 13
-4 28 14
2 27 15
-5 26 16
7 25 17
-4 24 18
-4 23 19
-8 22 20
-5 21 21
6 19 23
1 18 24
3 17 25
6 16 26
-4 15 27
1 14 28
-5 13 29
-5 12 30
5 11 31
3 10 32
-5 9 33
8 8 34
-5 7 35
1 6 36
-1 5 37
7 4 38
3 3 39
-4 2 40
-6 1 41
-4 0 42
7 41 0
-6 39 2
3 38 3
-5 37 4
-6 36 5
-4 35 6
4 34 7
-7 33 8
2 32 9
-5 31 10
3 30 11
-5 29 12
-8 28 13
4 27 14
-2 26 15
-2 25 16
-6 24 17
-6 23 18
7 22 19
-3 21 20
8 20 21
-6 19 22
-6 18 23
-2 17 24
2 16 25
8 15 26
-8 13 28
-2 12 29
4 11 30
7 10 31
-3 9 32
5 8 33
-8 6 35
7 5 36
-4 3 38
-2 2 39
8 1 40
8 0 41
3 40 0
-1 39 1
8 38 2
-1 37 3
-2 36 4
2 35 5
2 34 6
-6 33 7
8 32 8
-7 31 9
7 30 10
-5 29 11
6 28 12
2 27 13
-5 26 14
7 25 15
6 24 16
-4 23 17
2 22 18
3 21 19
8 20 20
3 19 21
-2 18 22
8 17 23
4 16 24
5 15 25
-4 14 26
-2 13 27
1 11 29
6 9 31
-8 8 32
7 7 33
1 6 34
1 5 35
4 4 36
-2 3 37
5 2 38
5 1 39
1 0 40
-1 39 0
-2 38 1
-1 37 2
-7 36 3
-6 35 4
7 34 5
4 33 6
6 32 7
-5 31 8
2 30 9
-3 29 10
-7 28 11
-8 27 12
1 26 13
3 25 14
3 24 15
-6 23 16
4 22 17
-1 21 18
-2 20 19
4 19 20
-6 18 21
-1 17 22
5 16 23
-2 15 24
-2 14 25
6 13 26
-4 12 27
1 11 28
-1 9 30
2 8 31
-1 7 32
1 6 33
6 5 34
2 3 36
2 2 37
8 1 38
-6 0 39
4 38 0
-1 37 1
7 36 2
-8 35 3
-8 34 4
6 33 5
4 32 6
-4 31 7
-2 30 8
-2 29 9
2 28 10
8 27 11
-1 26 12
-3 25 13
-8 24 14
7 23 15
-5 22 16
-1 20 18
-2 19 19
-6 18 20
6 17 21
-1 16 22
4 15 23
1 14 24
2 13 25
7 11 27
3 10 28
-6 9 29
-4 8 30
5 6 32
-5 5 33
7 4 34
-6 3 35
-4 2 36
-4 1 37
-2 0 38
-2 37 0
6 36 1
-1 35 2
7 34 3
6 33 4
-6 32 5
-4 31 6
-1 30 7
-1 29 8
-3 28 9
-5 27 10
5 26 11
1 25 12
-1 24 13
2 23 14
4 21 16
5 20 17
-5 19 18
-8 18 19
-3 17 20
7 16 21
7 15 22
2 14 23
-7 13 24
4 12 25
6 11 26
-8 9 28
-4 8 29
3 7 30
-1 6 31
4 5 32
-1 4 33
-3 3 34
7 1 36
-2 0 37
-4 35 1
4 34 2
-6 33 3
1 32 4
-7 31 5
-1 30 6
2 29 7
7 28 8
4 27 9
-1 26 10
8 25 11
4 24 12
-7 23 13
6 22 14
-7 21 15
-6 20 16
-4 19 17
-8 18 18
-5 17 19
-6 16 20
-1 15 21
3 14 22
-4 13 23
-8 11 25
-1 10 26
4 9 27
4 8 28
1 7 29
7 6 30
-6 4 32
6 3 33
7 2 34
2 1 35
8 0 36
-1 35 0
2 34 1
3 33 2
2 31 4
6 30 5
6 29 6
-4 28 7
4 27 8
-3 26 9
-5 25 10
7 24 11
-5 23 12
-1 22 13
-4 21 14
-3 20 15
1 19 16
-3 18 17
6 17 18
6 16 19
1 15 20
2 14 21
-3 13 22
-4 12 23
-1 11 24
-1 9 26
5 8 27
-1 7 28
-1 6 29
7 5 30
2 4 31
-3 3 32
-5 2 33
-4 1 34
5 0 35
-3 34 0
-2 33 1
1 32 2
2 31 3
-1 30 4
-1 29 5
5 28 6
7 27 7
3 26 8
5 25 9
-6 24 10
3 23 11
4 22 12
8 21 13
-3 20 14
7 19 15
-5 18 16
6 17 17
-2 16 18
-5 15 19
7 14 20
1 13 21
-2 12 22
-4 11 23
7 10 24
-2 9 25
-4 8 26
8 7 27
4 6 28
-2 4 30
3 3 31
-5 2 32
-5 1 33
-6 0 34
8 33 0
1 32 1
-5 31 2
-7 30 3
4 29 4
-7 28 5
-2 27 6
-1 26 7
-1 25 8
1 24 9
7 23 10
-1 22 11
1 21 12
-7 20 13
1 19 14
-4 18 15
5 17 16
8 16 17
2 15 18
-1 14 19
3 13 20
-6 12 21
-8 11 22
7 10 23
-7 8 25
1 7 26
-6 5 28
7 4 29
-5 3 30
3 1 32
-2 0 33
-6 32 0
3 31 1
2 30 2
7 29 3
-3 28 4
-2 27 5
1 26 6
-4 25 7
-5 24 8
6 23 9
7 22 10
7 21 11
-6 20 12
3 19 13
-3 18 14
-8 17 15
-7 16 16
6 15 17
8 13 19
3 12 20
-3 11 21
-2 10 22
3 9 23
8 8 24
1 7 25
-8 6 26
-5 5 27
-6 4 28
4 3 29
-4 2 30
3 1 31
-3 0 32
-3 31 0
-8 30 1
8 29 2
-8 28 3
4 27 4
5 26 5
-2 25 6
1 24 7
5 23 8
2 22 9
-4 21 10
-1 20 11
3 19 12
-1 18 13
-3 17 14
-8 16 15
-7 15 16
-5 14 17
-8 13 18
2 12 19
-1 11 20
3 9 22
4 8 23
5 7 24
2 6 25
3 5 26
7 4 27
-8 3 28
-4 2 29
-1 1 30
-1 30 0
8 29 1
-6 28 2
-6 27 3
7 26 4
-8 25 5
7 24 6
-7 23 7
-6 22 8
-8 21 9
-7 20 10
1 19 11
-8 18 12
3 17 13
1 16 14
-2 15 15
3 14 16
-3 13 17
2 12 18
4 11 19
3 10 20
-2 9 21
-6 8 22
-5 7 23
-7 6 24
-1 5 25
1 3 27
4 2 28
-3 1 29
6 0 30
-5 29 0
-8 28 1
-4 27 2
3 26 3
8 25 4
3 24 5
8 23 6
3 22 7
-1 21 8
1 20 9
3 19 10
3 18 11
-1 17 12
2 16 13
-4 15 14
8 14 15
3 13 16
-4 12 17
6 11 18
5 10 19
-6 9 20
-7 8 21
3 7 22
1 6 23
-1 5 24
-7 4 25
8 3 26
8 2 27
8 1 28
3 0 29
-6 28 0
-2 27 1
-7 26 2
-8 25 3
3 23 5
7 21 7
-5 20 8
1 19 9
6 18 10
-3 17 11
-6 16 12
8 15 13
-8 14 14
1 13 15
8 12 16
-5 11 17
-7 10 18
2 9 19
-2 8 20
7 7 21
1 6 22
4 5 23
1 3 25
2 2 26
2 1 27
8 0 28
3 27 0
-7 26 1
5 25 2
4 24 3
6 22 5
-3 21 6
-5 20 7
2 19 8
6 18 9
7 17 10
-7 16 11
-6 15 12
2 14 13
6 13 14
-8 12 15
-2 11 16
-1 10 17
-6 9 18
-4 8 19
-1 7 20
3 6 21
-4 5 22
3 4 23
-8 3 24
5 2 25
2 1 26
-3 0 27
4 26 0
-6 25 1
2 24 2
-3 23 3
7 22 4
-3 21 5
-2 20 6
3 19 7
8 18 8
-4 17 9
-5 16 10
-1 15 11
-1 14 12
1 13 13
5 12 14
-1 11 15
-4 10 16
-4 9 17
-6 8 18
-7 7 19
-5 6 20
-8 5 21
7 4 22
8 3 23
4 2 24
-3 1 25
7 0 26
4 25 0
8 24 1
3 22 3
-8 21 4
1 20 5
-7 19 6
6 18 7
-1 17 8
-1 16 9
4 15 10
-8 14 11
-8 13 12
5 12 13
2 11 14
5 10 15
8 9 16
-8 8 17
2 6 19
2 5 20
-1 4 21
3 3 22
-6 2 23
-4 1 24
5 0 25
5 22 2
5 21 3
7 20 4
-7 19 5
8 18 6
-1 17 7
1 16 8
-7 15 9
1 14 10
7 13 11
2 12 12
4 11 13
-7 10 14
-2 9 15
2 8 16
-7 7 17
2 6 18
-1 5 19
-3 4 20
4 3 21
-2 2 22
5 1 23
-6 0 24
7 23 0
7 22 1
-3 21 2
-8 20 3
6 19 4
-6 18 5
3 17 6
7 16 7
-6 15 8
-3 14 9
-2 13 10
7 12 11
5 11 12
5 10 13
-3 9 14
7 8 15
2 7 16
4 6 17
-6 5 18
-7 4 19
-6 3 20
-1 2 21
7 1 22
3 0 23
-4 22 0
5 21 1
6 20 2
-6 19 3
-1 18 4
7 17 5
-6 15 7
-7 14 8
5 13 9
4 12 10
7 11 11
6 10 12
6 9 13
6 8 14
8 7 15
5 6 16
1 5 17
-4 4 18
-6 3 19
-7 2 20
-3 1 21
-4 0 22
-1 21 0
2 20 1
-2 19 2
-6 18 3
-1 17 4
6 16 5
8 15 6
6 14 7
3 12 9
-1 11 10
7 10 11
-6 9 12
-2 8 13
4 7 14
3 6 15
-4 5 16
7 4 17
5 3 18
8 2 19
-3 1 20
4 0 21
-7 20 0
-5 19 1
1 18 2
-2 17 3
2 16 4
-2 15 5
4 14 6
-6 13 7
3 12 8
3 11 9
-2 10 10
-2 9 11
6 8 12
-6 7 13
-4 6 14
-5 5 15
1 4 16
-7 3 17
8 2 18
-2 1 19
6 18 1
7 17 2
8 15 4
-8 14 5
-7 13 6
-4 12 7
3 10 9
5 9 10
1 8 11
2 7 12
1 6 13
-5 5 14
2 4 15
-7 3 16
6 2 17
5 1 18
-4 0 19
7 18 0
-1 17 1
3 16 2
-3 15 3
2 14 4
-6 13 5
-8 12 6
1 11 7
3 10 8
-3 8 10
4 7 11
-7 6 12
-4 5 13
-8 4 14
-6 1 17
-5 0 18
3 17 0
3 16 1
-2 15 2
3 14 3
-6 13 4
6 12 5
2 10 7
4 9 8
3 8 9
8 7 10
6 6 11
-1 5 12
-6 4 13
-4 3 14
-2 2 15
5 1 16
-1 0 17
2 16 0
-5 15 1
-6 14 2
-8 13 3
-2 12 4
4 11 5
-3 10 6
-8 9 7
-7 8 8
-7 7 9
-1 6 10
-7 5 11
8 4 12
-3 3 13
-1 2 14
-3 1 15
-5 15 0
-3 14 1
-7 13 2
-1 12 3
-2 11 4
1 10 5
5 9 6
-2 8 7
4 6 9
8 5 10
-6 4 11
-2 3 12
3 2 13
-2 1 14
7 0 15
1 14 0
-4 13 1
-6 12 2
3 11 3
-4 10 4
-5 9 5
3 8 6
2 7 7
2 6 8
-8 5 9
-8 4 10
-4 3 11
2 2 12
-7 1 13
4 0 14
-8 13 0
1 10 3
7 9 4
4 8 5
6 7 6
5 6 7
8 5 8
4 4 9
2 3 10
5 2 11
5 1 12
-6 0 13
-3 12 0
-3 11 1
-7 9 3
-2 7 5
-1 6 6
-3 5 7
3 4 8
3 3 9
2 2 10
5 1 11
3 0 12
3 11 0
-8 10 1
2 9 2
5 8 3
-3 7 4
-1 6 5
-8 5 6
-4 4 7
-8 3 8
5 2 9
2 1 10
-1 0 11
6 10 0
-7 9 1
6 8 2
-2 7 3
-4 6 4
-2 5 5
-3 4 6
2 3 7
-7 2 8
-2 1 9
-4 0 10
-2 9 0
-2 8 1
3 7 2
8 6 3
3 5 4
8 4 5
-8 3 6
1 2 7
-2 1 8
-2 0 9
3 8 0
-2 7 1
-3 6 2
-1 5 3
8 4 4
-3 3 5
6 2 6
-6 1 7
8 0 8
-2 6 1
7 5 2
3 4 3
-2 3 4
-2 2 5
-2 1 6
-1 0 7
-6 6 0
-5 5 1
7 4 2
1 3 3
-1 2 4
4 1 5
-2 0 6
2 5 0
5 4 1
7 3 2
4 2 3
-4 1 4
-4 0 5
-5 4 0
7 3 1
5 2 2
-7 1 3
-7 0 4
-8 2 1
4 1 2
-5 0 3
-4 1 1
5 0 2
4 0 1
END
POLY M2_2
5 72 0
3 71 1
-7 70 2
7 69 3
-2 68 4
-7 67 5
-7 65 7
-5 64 8
-5 63 9
8 62 10
-3 61 11
-8 60 12
1 59 13
-3 58 14
-6 57 15
4 56 16
2 55 17
4 54 18
-8 53 19
7 52 20
-6 51 21
-7 50 22
-7 49 23
7 48 24
-2 47 25
-1 46 26
5 45 27
-8 44 28
-4 42 30
3 41 31
-1 40 32
-6 39 33
6 38 34
-2 37 35
6 36 36
4 71 0
2 70 1
4 69 2
-8 68 3
2 67 4
7 66 5
1 65 6
7 64 7
-6 63 8
8 61 10
-2 60 11
-6 59 12
-3 57 14
-3 56 15
8 55 16
2 54 17
-6 53 18
-8 52 19
-2 51 20
2 50 21
7 49 22
4 48 23
4 47 24
8 46 25
6 45 26
2 44 27
-7 43 28
7 42 29
-1 41 30
5 40 31
1 39 32
-7 38 33
-5 37 34
7 36 35
-6 35 36
-8 34 37
2 69 1
-6 68 2
3 67 3
-1 66 4
6 65 5
4 64 6
-4 63 7
6 62 8
-2 61 9
-6 60 10
-1 59 11
-3 58 12
-5 57 13
7 56 14
8 55 15
-2 54 16
-6 53 17
-1 52 18
4 51 19
-1 50 20
3 49 21
-2 48 22
-6 47 23
-4 46 24
-6 45 25
-1 44 26
4 43 27
-7 42 28
6 41 29
7 39 31
5 38 32
5 37 33
-8 36 34
5 35 35
-1 34 36
5 33 37
-5 32 38
-4 69 0
-3 68 1
-8 67 2
-6 66 3
-7 65 4
-2 64 5
3 63 6
-3 62 7
-8 61 8
4 60 9
8 59 10
7 58 11
-3 56 13
-5 55 14
8 54 15
1 53 16
-7 52 17
7 51 18
7 50 19
-8 49 20
-8 48 21
5 47 22
6 46 23
-6 44 25
-2 43 26
-1 42 27
-7 41 28
4 40 29
-6 39 30
2 38 31
-1 37 32
-7 36 33
4 35 34
8 34 35
-8 33 36
-7 31 38
6 30 39
-7 68 0
3 67 1
-7 66 2
6 65 3
-6 64 4
-6 63 5
7 62 6
6 61 7
-6 60 8
6 59 9
-8 58 10
-8 57 11
-1 56 12
7 55 13
4 54 14
-5 53 15
2 52 16
2 51 17
-3 50 18
1 49 19
-8 48 20
3 47 21
-6 46 22
4 45 23
-5 44 24
5 43 25
-3 42 26
1 41 27
-5 40 28
6 39 29
-5 38 30
-2 37 31
6 36 32
3 35 33
2 34 34
-3 33 35
4 32 36
7 31 37
5 30 38
7 29 39
-6 28 40
-4 67 0
-3 65 2
-5 64 3
2 63 4
-6 62 5
-4 61 6
-5 59 8
-8 58 9
-6 57 10
4 55 12
-5 53 14
-2 52 15
8 51 16
-2 49 18
6 48 19
2 47 20
8 46 21
1 45 22
3 44 23
8 43 24
7 42 25
-5 41 26
5 40 27
1 39 28
2 38 29
-2 37 30
-2 36 31
-3 35 32
8 34 33
-7 33 34
-1 32 35
-1 31 36
2 30 37
5 29 38
-6 28 39
1 27 40
-6 26 41
-5 66 0
8 65 1
3 64 2
-1 63 3
8 62 4
7 60 6
2 59 7
-8 58 8
1 56 10
1 55 11
4 54 12
-2 53 13
7 52 14
3 51 15
-5 50 16
-1 49 17
4 48 18
-4 47 19
6 46 20
-4 45 21
3 44 22
1 43 23
8 42 24
5 41 25
-8 40 26
-6 39 27
7 37 29
2 36 30
4 35 31
4 33 33
5 32 34
-6 31 35
-4 30 36
7 29 37
-3 28 38
-6 27 39
3 26 40
-5 25 41
6 24 42
-6 65 0
-3 64 1
5 63 2
7 62 3
4 61 4
-3 59 6
1 58 7
-2 57 8
-6 56 9
3 55 10
-4 54 11
-7 53 12
-6 52 13
8 51 14
-7 50 15
-2 49 16
-1 48 17
2 47 18
7 46 19
-7 45 20
4 44 21
-7 43 22
3 42 23
-5 41 24
-3 40 25
8 39 26
8 38 27
-8 37 28
-2 36 29
-3 35 30
-7 34 31
-8 33 32
-8 32 33
8 31 34
2 30 35
-7 29 36
-4 28 37
8 27 38
5 26 39
-5 25 40
3 24 41
2 23 42
6 22 43
-4 64 0
-5 63 1
-5 62 2
-8 61 3
4 60 4
-2 57 7
-8 55 9
7 54 10
8 53 11
8 52 12
-1 51 13
2 50 14
2 49 15
1 48 16
-4 47 17
-2 46 18
-8 45 19
6 44 20
-2 43 21
-7 42 22
6 41 23
-1 40 24
-5 39 25
2 38 26
-3 37 27
1 36 28
6 35 29
7 34 30
5 33 31
-6 32 32
5 31 33
3 30 34
5 29 35
-4 28 36
8 27 37
-7 26 38
-7 25 39
-2 24 40
6 23 41
8 21 43
-3 20 44
3 63 0
4 62 1
-4 61 2
5 60 3
2 58 5
4 57 6
6 56 7
5 55 8
-1 54 9
-1 53 10
-3 52 11
4 51 12
-4 50 13
-3 47 16
-8 45 18
8 44 19
7 42 21
1 40 23
7 39 24
6 38 25
-6 37 26
-4 36 27
5 35 28
4 34 29
-8 33 30
3 32 31
-7 31 32
-4 30 33
-2 29 34
-6 28 35
-7 27 36
3 26 37
-2 25 38
-6 24 39
5 23 40
-6 22 41
8 21 42
-5 20 43
-5 19 44
-5 18 45
-2 62 0
-3 61 1
-7 60 2
-3 59 3
-5 58 4
-5 57 5
1 56 6
3 55 7
-7 53 9
7 51 11
-5 50 12
4 49 13
-2 48 14
2 47 15
-2 46 16
-3 45 17
7 44 18
-1 43 19
5 42 20
6 41 21
-1 40 22
8 39 23
4 38 24
5 37 25
3 36 26
4 35 27
-4 34 28
-8 33 29
-5 32 30
7 30 32
-1 29 33
7 28 34
1 27 35
-3 26 36
4 25 37
-6 24 38
-8 23 39
-4 22 40
-4 21 41
5 20 42
-3 19 43
5 18 44
-7 17 45
8 16 46
-1 61 0
-1 60 1
-7 59 2
1 58 3
-2 57 4
8 56 5
-8 55 6
-5 54 7
-3 53 8
-1 52 9
1 51 10
6 50 11
-6 49 12
-4 48 13
8 47 14
4 46 15
1 45 16
7 44 17
5 43 18
-7 42 19
1 41 20
2 40 21
7 39 22
-5 38 23
-1 37 24
-4 35 26
8 33 28
6 32 29
-3 31 30
-5 30 31
5 29 32
-6 28 33
1 27 34
-4 26 35
1 25 36
-7 24 37
5 23 38
-8 22 39
3 21 40
3 20 41
-4 19 42
-6 17 44
-6 16 45
3 60 0
3 59 1
2 58 2
-2 56 4
-6 55 5
8 54 6
-7 53 7
1 52 8
-5 51 9
3 50 10
4 49 11
6 48 12
4 47 13
1 46 14
-7 44 16
-3 43 17
-6 41 19
-7 40 20
-8 39 21
8 38 22
-4 37 23
2 36 24
-8 34 26
6 33 27
-7 32 28
8 31 29
-1 30 30
-5 29 31
8 28 32
-4 27 33
8 26 34
4 25 35
1 24 36
4 23 37
2 22 38
2 21 39
-7 20 40
4 19 41
-2 18 42
-7 17 43
4 16 44
6 59 0
7 58 1
-2 57 2
-7 56 3
7 55 4
-6 54 5
-7 53 6
-8 52 7
7 51 8
-2 50 9
8 49 10
1 48 11
-5 47 12
-4 46 13
8 45 14
4 44 15
5 43 16
7 42 17
1 41 18
4 40 19
6 38 21
8 37 22
-1 36 23
7 35 24
6 33 26
-3 32 27
5 31 28
8 30 29
-7 29 30
-7 28 31
2 27 32
-8 26 33
-4 25 34
-4 24 35
5 23 36
-6 22 37
-1 20 39
6 18 41
8 17 42
-4 16 43
-5 58 0
4 57 1
-6 56 2
-3 55 3
-3 54 4
-7 53 5
-8 52 6
2 51 7
-2 50 8
-4 49 9
-5 48 10
4 47 11
1 46 12
5 45 13
-8 44 14
-4 43 15
1 42 16
6 41 17
2 40 18
-8 38 20
7 37 21
3 36 22
-4 35 23
6 33 25
-8 31 27
-4 30 28
6 29 29
3 28 30
7 27 31
-3 26 32
3 25 33
8 23 35
-3 22 36
6 21 37
-8 19 39
-7 18 40
8 16 42
-8 15 43
6 14 44
-2 13 45
-5 12 46
7 11 47
6 10 48
-4 9 49
-7 57 0
2 56 1
3 55 2
-8 54 3
-7 52 5
7 51 6
-5 50 7
-4 49 8
6 48 9
1 47 10
1 46 11
-5 45 12
8 44 13
8 43 14
-2 42 15
-3 41 16
6 40 17
4 39 18
1 38 19
-4 37 20
-3 36 21
-4 35 22
-3 34 23
-1 33 24
8 32 25
8 31 26
7 30 27
2 29 28
-8 28 29
-6 27 30
-2 26 31
7 25 32
8 24 33
2 23 34
4 22 35
-2 21 36
-4 20 37
4 19 38
-8 18 39
3 17 40
1 16 41
-7 15 42
-6 14 43
-1 13 44
7 12 45
-6 11 46
-4 10 47
-4 9 48
-1 8 49
-7 7 50
-6 6 51
8 56 0
-7 55 1
-3 54 2
-1 53 3
5 52 4
-6 51 5
2 50 6
-1 49 7
-1 48 8
5 47 9
-4 46 10
-6 45 11
8 44 12
-3 43 13
-3 42 14
-1 41 15
-3 40 16
6 39 17
-5 38 18
-6 37 19
1 36 20
2 35 21
7 34 22
6 33 23
-7 32 24
-2 31 25
-5 30 26
-2 29 27
-3 28 28
-1 27 29
-7 26 30
5 25 31
-1 24 32
3 23 33
-6 22 34
4 21 35
-4 20 36
-1 19 37
8 18 38
-8 17 39
1 16 40
-1 15 41
5 14 42
2 13 43
6 12 44
-5 11 45
1 10 46
-6 9 47
-6 8 48
3 7 49
-7 6 50
-4 5 51
-1 4 52
1 55 0
-6 54 1
3 53 2
4 52 3
5 51 4
-4 50 5
-4 49 6
7 48 7
5 47 8
1 46 9
-3 45 10
1 44 11
5 43 12
-2 42 13
5 41 14
3 40 15
-3 39 16
-7 38 17
-8 37 18
-5 36 19
-4 35 20
8 34 21
1 33 22
2 32 23
8 31 24
8 30 25
8 29 26
3 28 27
-5 27 28
-6 26 29
1 25 30
-4 24 31
-2 23 32
4 22 33
-2 21 34
6 20 35
5 19 36
1 18 37
-8 17 38
-8 16 39
7 15 40
-4 13 42
-3 12 43
-4 11 44
7 10 45
3 9 46
2 8 47
1 7 48
2 6 49
-3 5 50
-7 4 51
7 3 52
-3 2 53
8 54 0
2 53 1
5 52 2
5 49 5
1 48 6
-8 47 7
2 46 8
-3 44 10
-6 43 11
7 42 12
7 41 13
7 39 15
1 38 16
-8 37 17
1 36 18
-4 35 19
7 34 20
8 33 21
3 32 22
-5 31 23
-6 30 24
1 29 25
3 28 26
-8 27 27
7 26 28
-5 25 29
-4 24 30
1 23 31
8 21 33
6 20 34
7 19 35
1 18 36
1 17 37
-7 16 38
-7 15 39
-5 14 40
-2 13 41
7 12 42
-3 11 43
7 10 44
6 9 45
4 8 46
4 7 47
-2 6 48
-8 5 49
7 4 50
8 3 51
-4 2 52
5 1 53
-6 0 54
8 52 1
2 51 2
-6 50 3
-5 49 4
-7 48 5
8 47 6
8 46 7
7 45 8
2 44 9
-1 43 10
-8 42 11
2 41 12
-5 40 13
7 39 14
-5 38 15
-7 37 16
3 36 17
3 35 18
-8 34 19
-4 33 20
3 32 21
-1 31 22
-6 30 23
7 29 24
2 28 25
-4 27 26
6 26 27
-5 25 28
2 24 29
4 23 30
2 22 31
2 21 32
8 20 33
2 19 34
7 18 35
5 17 36
-2 16 37
-3 15 38
-6 14 39
-8 13 40
6 12 41
1 11 42
6 10 43
-5 9 44
4 8 45
-2 7 46
-2 6 47
-5 5 48
3 4 49
4 3 50
2 2 51
-2 1 52
-4 0 53
3 52 0
-1 51 1
-6 50 2
4 49 3
1 48 4
2 46 6
-8 45 7
3 44 8
-7 43 9
7 42 10
5 41 11
2 40 12
-7 39 13
4 38 14
8 37 15
3 36 16
6 35 17
-2 34 18
-6 33 19
-2 32 20
3 31 21
6 30 22
-3 29 23
7 28 24
4 27 25
1 26 26
-3 25 27
-7 24 28
-1 23 29
3 22 30
-5 21 31
4 20 32
1 19 33
-7 18 34
-1 17 35
2 16 36
2 15 37
1 14 38
7 13 39
6 12 40
8 11 41
-5 10 42
3 9 43
-7 8 44
1 7 45
-2 6 46
7 5 47
-7 4 48
1 3 49
1 1 51
-8 0 52
5 51 0
-1 50 1
-4 49 2
3 48 3
4 47 4
4 46 5
-3 45 6
-7 44 7
2 43 8
-5 42 9
-6 41 10
3 40 11
-8 39 12
-5 38 13
-4 37 14
1 36 15
1 35 16
8 33 18
1 32 19
-3 31 20
-2 30 21
5 29 22
-4 28 23
-1 26 25
4 25 26
5 24 27
5 23 28
-2 21 30
3 20 31
2 19 32
-5 17 34
8 16 35
3 15 36
5 13 38
-8 12 39
3 11 40
3 9 42
-4 8 43
6 7 44
-2 6 45
2 5 46
3 4 47
-7 3 48
8 2 49
8 1 50
-4 0 51
-4 50 0
6 49 1
7 48 2
2 47 3
-1 45 5
-8 44 6
-2 43 7
-7 42 8
3 41 9
5 39 11
-5 38 12
7 37 13
4 36 14
-4 35 15
1 34 16
-6 33 17
8 32 18
-8 31 19
-3 30 20
8 29 21
7 28 22
-3 27 23
-3 26 24
7 24 26
2 23 27
-4 22 28
4 21 29
3 20 30
-5 18 32
-1 17 33
-4 16 34
8 15 35
-2 14 36
4 13 37
-4 12 38
-6 10 40
5 9 41
-5 8 42
-8 7 43
6 6 44
2 5 45
-2 4 46
-2 3 47
-3 2 48
-3 1 49
-8 0 50
5 49 0
-8 48 1
3 47 2
-1 46 3
-4 45 4
-3 44 5
6 43 6
7 42 7
-7 41 8
1 40 9
-1 39 10
4 38 11
4 37 12
-3 35 14
1 34 15
-6 33 16
7 32 17
8 31 18
1 30 19
6 29 20
7 28 21
-3 27 22
-2 24 25
-5 23 26
-2 22 27
4 21 28
5 20 29
1 19 30
-5 18 31
-7 17 32
8 16 33
-7 15 34
-1 14 35
-2 13 36
-6 12 37
8 11 38
-4 10 39
2 9 40
-2 8 41
-3 7 42
2 6 43
-7 5 44
-5 4 45
-5 3 46
-1 1 48
7 0 49
2 48 0
6 46 2
-7 45 3
-1 44 4
-3 43 5
-4 42 6
7 41 7
8 40 8
1 39 9
-7 38 10
-2 36 12
-8 35 13
4 34 14
8 33 15
5 32 16
-4 31 17
-5 30 18
5 29 19
-2 27 21
8 26 22
-2 25 23
5 24 24
-7 23 25
-7 22 26
8 20 28
3 19 29
5 18 30
-4 17 31
8 16 32
-3 15 33
-7 14 34
-1 13 35
8 12 36
-2 11 37
3 10 38
-8 8 40
1 6 42
-7 5 43
8 4 44
-4 3 45
-5 2 46
-4 1 47
8 0 48
-5 47 0
7 46 1
-4 45 2
-3 44 3
2 43 4
-2 42 5
8 40 7
-8 38 9
-2 37 10
8 36 11
-3 34 13
6 33 14
-5 32 15
-3 31 16
8 30 17
1 29 18
-3 28 19
-4 27 20
-8 26 21
-1 24 23
6 23 24
-7 22 25
4 21 26
-2 20 27
7 19 28
-6 18 29
-8 17 30
3 16 31
-3 14 33
3 13 34
-5 12 35
-4 11 36
-2 10 37
-7 9 38
-8 8 39
-4 7 40
4 6 41
7 5 42
5 4 43
5 3 44
1 2 45
2 1 46
-5 0 47
3 46 0
-4 45 1
-8 44 2
7 43 3
-7 42 4
-8 41 5
-1 40 6
-1 39 7
-1 38 8
8 37 9
-8 35 11
2 34 12
1 33 13
-1 32 14
6 31 15
-6 30 16
-6 29 17
-1 28 18
-3 27 19
-7 26 20
5 25 21
-4 24 22
-3 23 23
-3 22 24
-4 21 25
1 20 26
-7 19 27
-4 18 28
5 17 29
2 15 31
5 14 32
-6 13 33
-4 12 34
-8 11 35
7 10 36
7 9 37
5 8 38
1 7 39
-4 6 40
-1 5 41
-7 4 42
5 3 43
-5 2 44
4 1 45
4 0 46
-5 45 0
-8 44 1
-1 43 2
7 41 4
4 39 6
-6 38 7
6 37 8
3 36 9
4 35 10
-7 34 11
-8 33 12
3 32 13
6 31 14
-6 28 17
-1 27 18
-4 26 19
6 25 20
-6 24 21
-4 23 22
-2 22 23
3 21 24
2 20 25
7 19 26
-5 18 27
4 17 28
1 16 29
6 15 30
-1 14 31
5 13 32
-7 12 33
7 11 34
-3 10 35
-1 9 36
-5 8 37
-1 7 38
-2 6 39
-8 5 40
5 4 41
5 3 42
-6 2 43
-6 1 44
1 0 45
5 44 0
-5 43 1
5 42 2
-6 41 3
-7 40 4
4 39 5
-8 38 6
-2 37 7
7 36 8
-4 35 9
-4 34 10
-7 33 11
-6 32 12
1 31 13
1 30 14
4 29 15
8 28 16
-5 27 17
6 24 20
-4 23 21
-6 22 22
6 21 23
-5 20 24
6 19 25
7 18 26
-7 17 27
-2 16 28
2 15 29
-3 14 30
7 13 31
1 12 32
-7 11 33
3 10 34
4 7 37
1 6 38
2 5 39
-2 4 40
3 3 41
-8 2 42
-2 1 43
6 0 44
1 43 0
-3 42 1
-1 41 2
-4 39 4
-5 38 5
8 37 6
4 36 7
-7 35 8
6 33 10
-7 32 11
7 31 12
7 30 13
-5 29 14
-1 28 15
-6 26 17
6 25 18
2 24 19
4 23 20
2 22 21
-6 21 22
2 20 23
3 19 24
-5 18 25
7 16 27
8 15 28
6 14 29
2 13 30
8 12 31
8 11 32
7 10 33
-3 9 34
-4 8 35
-6 7 36
5 6 37
-8 5 38
4 4 39
1 3 40
-2 2 41
1 1 42
7 0 43
-3 42 0
7 41 1
-1 40 2
6 39 3
-2 38 4
-5 37 5
-3 36 6
-1 35 7
1 34 8
-5 33 9
3 32 10
8 31 11
2 30 12
7 29 13
-7 28 14
7 27 15
-8 26 16
-7 25 17
3 24 18
8 23 19
-8 22 20
-5 21 21
-6 20 22
2 19 23
4 18 24
5 17 25
-3 16 26
3 15 27
2 14 28
2 13 29
-6 11 31
6 10 32
1 9 33
-4 8 34
-6 7 35
-8 6 36
7 5 37
1 4 38
6 3 39
1 2 40
3 1 41
8 0 42
-5 41 0
2 40 1
-1 39 2
5 38 3
-3 37 4
2 36 5
6 35 6
-6 34 7
3 33 8
-5 32 9
-1 31 10
-2 29 12
-3 28 13
2 27 14
8 26 15
-3 25 16
3 24 17
-2 23 18
-3 22 19
6 21 20
-4 20 21
1 19 22
8 17 24
8 15 26
-2 14 27
3 13 28
-6 12 29
-5 11 30
1 10 31
-2 9 32
-3 8 33
-8 7 34
5 6 35
-1 5 36
-6 4 37
-8 3 38
-5 2 39
-4 1 40
-5 0 41
1 40 0
8 39 1
4 38 2
3 36 4
6 35 5
-5 34 6
2 33 7
-8 32 8
1 31 9
8 30 10
-6 29 11
-8 27 13
1 26 14
4 24 16
-7 23 17
-4 22 18
-8 21 19
8 20 20
3 19 21
-2 18 22
-1 17 23
-3 16 24
3 15 25
-2 14 26
4 13 27
-8 11 29
-7 10 30
-5 9 31
7 8 32
-7 7 33
-2 6 34
1 5 35
-4 4 36
2 3 37
1 2 38
-3 1 39
8 0 40
5 38 1
4 37 2
4 36 3
2 35 4
1 34 5
-6 33 6
-6 32 7
5 31 8
-8 30 9
-3 29 10
-4 27 12
-1 26 13
4 25 14
-5 24 15
-8 23 16
-1 22 17
-7 21 18
-1 20 19
6 19 20
7 18 21
-7 17 22
-2 16 23
-3 14 25
6 13 26
2 12 27
-3 11 28
7 10 29
-4 9 30
-7 8 31
7 7 32
-7 5 34
-7 4 35
-6 3 36
8 2 37
-3 1 38
-8 0 39
6 38 0
4 37 1
-8 36 2
-5 35 3
-5 34 4
4 33 5
5 32 6
5 31 7
7 30 8
3 29 9
2 28 10
-6 27 11
7 26 12
6 25 13
-2 24 14
8 23 15
-5 22 16
4 21 17
2 19 19
-5 18 20
-5 17 21
8 16 22
-3 15 23
-1 13 25
-2 12 26
1 11 27
6 10 28
-3 9 29
-2 8 30
-7 7 31
-3 6 32
7 5 33
-2 4 34
7 3 35
-6 2 36
3 1 37
-4 0 38
-4 37 0
-8 36 1
5 35 2
-1 34 3
4 32 5
-7 31 6
1 30 7
-4 29 8
-2 28 9
6 27 10
1 26 11
-1 25 12
-7 24 13
-6 23 14
-1 22 15
2 21 16
-8 20 17
4 19 18
5 18 19
-2 17 20
5 16 21
1 15 22
3 14 23
-3 13 24
-1 12 25
3 11 26
6 10 27
7 9 28
6 8 29
-5 7 30
7 6 31
2 5 32
-8 4 33
-7 3 34
1 2 35
-2 0 37
5 36 0
5 35 1
-7 34 2
1 33 3
4 32 4
1 31 5
-7 30 6
-2 29 7
-4 28 8
-2 27 9
-1 26 10
-3 25 11
-3 24 12
8 23 13
-7 21 15
5 20 16
2 19 17
1 18 18
4 17 19
6 16 20
8 15 21
7 14 22
1 13 23
-4 12 24
4 10 26
-4 9 27
1 8 28
-1 7 29
1 6 30
-1 5 31
-6 4 32
6 3 33
5 2 34
4 1 35
-1 35 0
-1 34 1
2 33 2
4 32 3
-7 31 4
-4 29 6
-2 28 7
-3 27 8
4 26 9
8 25 10
-3 24 11
3 22 13
-7 21 14
1 20 15
3 19 16
1 18 17
-1 17 18
6 16 19
8 14 21
-6 13 22
8 12 23
7 11 24
-5 10 25
-3 9 26
5 8 27
-8 7 28
-2 6 29
6 5 30
-6 4 31
-5 2 33
-1 1 34
-2 0 35
-2 34 0
-3 33 1
-2 32 2
-3 31 3
6 30 4
-6 29 5
-3 28 6
-5 26 8
-6 25 9
-5 24 10
4 23 11
8 22 12
-8 21 13
-5 20 14
2 19 15
-4 18 16
7 17 17
-8 16 18
-2 15 19
7 14 20
7 13 21
-8 12 22
6 11 23
-8 10 24
-4 9 25
3 8 26
-3 7 27
-3 6 28
-7 5 29
4 4 30
6 3 31
-3 2 32
5 1 33
8 0 34
-6 33 0
2 32 1
-1 31 2
-1 30 3
6 29 4
-7 28 5
-6 27 6
-7 26 7
-3 25 8
-2 24 9
-4 22 11
6 21 12
-3 20 13
2 19 14
7 18 15
-5 17 16
-2 16 17
-1 15 18
2 14 19
8 13 20
6 12 21
7 11 22
-6 10 23
1 9 24
6 7 26
-4 6 27
8 5 28
4 4 29
7 3 30
-8 2 31
-8 1 32
5 0 33
2 32 0
-2 31 1
8 30 2
-3 29 3
-5 27 5
-3 26 6
8 25 7
8 24 8
-4 23 9
8 22 10
8 21 11
-3 20 12
-4 19 13
6 18 14
-1 17 15
1 16 16
-2 14 18
1 12 20
-6 11 21
-5 10 22
-1 9 23
4 8 24
7 6 26
4 5 27
-5 4 28
6 3 29
2 2 30
-5 1 31
-2 0 32
6 31 0
1 30 1
-1 29 2
-6 28 3
4 27 4
7 26 5
-8 25 6
-5 24 7
-8 23 8
6 22 9
3 21 10
-7 20 11
-8 18 13
4 17 14
-2 16 15
7 13 18
-5 12 19
-7 9 22
-5 8 23
-1 7 24
1 5 26
-3 4 27
2 3 28
2 2 29
-4 1 30
7 0 31
-8 30 0
-6 29 1
-7 28 2
3 27 3
-7 26 4
4 25 5
-6 24 6
-7 23 7
-3 22 8
-2 21 9
5 20 10
-6 19 11
-5 18 12
-4 17 13
-4 16 14
-8 15 15
1 14 16
1 13 17
2 12 18
4 11 19
7 10 20
-8 9 21
2 8 22
-8 6 24
-6 5 25
7 3 27
-7 2 28
6 1 29
-7 0 30
-1 29 0
1 28 1
-5 27 2
2 26 3
-5 25 4
8 24 5
6 23 6
-3 22 7
2 21 8
6 20 9
-6 19 10
4 18 11
-8 17 12
6 16 13
4 15 14
6 14 15
-8 13 16
2 12 17
-3 11 18
-2 10 19
3 9 20
-1 8 21
6 7 22
-1 6 23
3 5 24
1 4 25
-8 3 26
3 2 27
-2 1 28
1 0 29
7 28 0
-5 27 1
-3 26 2
3 25 3
6 24 4
8 22 6
7 21 7
-7 20 8
-8 19 9
-5 18 10
4 16 12
-4 15 13
4 14 14
5 13 15
-5 12 16
-1 11 17
1 10 18
5 9 19
-6 8 20
-7 7 21
-5 6 22
7 5 23
8 4 24
5 3 25
2 2 26
-8 1 27
-3 0 28
7 27 0
-1 26 1
-3 25 2
-8 24 3
-3 23 4
-6 22 5
7 21 6
6 20 7
-4 19 8
2 18 9
5 17 10
3 16 11
-8 15 12
-6 14 13
-1 13 14
1 12 15
2 11 16
1 10 17
7 9 18
-4 8 19
5 7 20
-1 6 21
7 5 22
4 4 23
1 3 24
5 2 25
-7 1 26
-4 0 27
4 26 0
-8 25 1
8 23 3
4 22 4
-6 21 5
2 20 6
8 19 7
-2 18 8
3 17 9
-3 16 10
-2 15 11
1 14 12
5 13 13
7 12 14
-2 8 18
-1 7 19
3 6 20
6 5 21
-6 4 22
-2 3 23
3 2 24
-2 0 26
5 25 0
-2 24 1
-6 23 2
6 22 3
6 21 4
8 20 5
-7 19 6
2 18 7
-7 17 8
8 15 10
-8 14 11
-6 12 13
-5 10 15
2 9 16
-5 8 17
6 7 18
8 5 20
-4 4 21
-6 3 22
6 1 24
8 0 25
6 24 0
4 23 1
-8 22 2
2 21 3
8 20 4
-3 19 5
7 18 6
1 17 7
7 16 8
-6 15 9
-8 14 10
7 13 11
-1 12 12
4 11 13
4 10 14
7 9 15
-7 8 16
-5 6 18
3 5 19
-7 4 20
-2 3 21
-6 2 22
-8 1 23
-2 0 24
-2 23 0
-7 22 1
-1 21 2
-2 20 3
2 19 4
-8 18 5
2 17 6
7 16 7
-4 15 8
5 14 9
-8 13 10
2 12 11
-4 11 12
5 10 13
-5 9 14
1 8 15
-6 7 16
-5 6 17
6 5 18
6 4 19
8 3 20
-4 2 21
-1 1 22
2 0 23
5 21 1
4 20 2
6 19 3
-7 18 4
-2 16 6
-3 15 7
3 14 8
4 13 9
-8 12 10
-5 11 11
-1 10 12
7 9 13
4 8 14
-7 7 15
7 6 16
-6 5 17
-8 4 18
-6 3 19
-6 2 20
7 1 21
3 0 22
-6 21 0
8 20 1
-3 19 2
-4 18 3
6 17 4
6 16 5
-4 15 6
4 14 7
-2 13 8
-8 11 10
2 10 11
7 9 12
-2 8 13
-2 7 14
-3 6 15
-4 5 16
1 4 17
-5 3 18
1 2 19
6 1 20
2 0 21
4 20 0
-7 19 1
-2 18 2
-7 17 3
8 16 4
-7 15 5
2 14 6
5 13 7
3 12 8
1 11 9
-2 10 10
-4 9 11
7 8 12
1 7 13
6 6 14
-5 5 15
-1 4 16
1 2 18
5 1 19
6 0 20
2 19 0
-5 18 1
-1 17 2
-7 15 4
4 13 6
1 12 7
4 11 8
4 10 9
-6 9 10
-7 8 11
-8 7 12
5 6 13
3 5 14
6 4 15
7 3 16
5 2 17
7 1 18
-2 0 19
-4 18 0
3 17 1
-7 16 2
4 15 3
4 14 4
6 13 5
1 12 6
-5 11 7
3 10 8
4 9 9
-8 8 10
8 7 11
7 6 12
-4 5 13
7 4 14
-3 3 15
7 2 16
-4 1 17
-2 0 18
6 17 0
1 16 1
-2 15 2
-1 13 4
-8 12 5
-6 11 6
-7 10 7
-7 8 9
-4 7 10
-2 6 11
-4 5 12
2 4 13
-7 3 14
-1 2 15
-7 1 16
-5 0 17
3 16 0
-4 15 1
3 14 2
-6 13 3
2 12 4
-4 11 5
3 10 6
-4 9 7
3 7 9
1 6 10
-2 5 11
1 4 12
-4 3 13
8 2 14
-5 1 15
7 0 16
-4 15 0
2 14 1
-3 13 2
2 12 3
1 11 4
8 10 5
4 9 6
-7 8 7
5 7 8
5 6 9
7 5 10
2 4 11
6 3 12
-2 2 13
-5 1 14
2 0 15
-6 14 0
-5 13 1
-1 12 2
2 11 3
-3 10 4
2 9 5
-8 8 6
-4 7 7
5 6 8
8 5 9
-8 4 10
-8 3 11
3 2 12
-7 1 13
6 0 14
-2 13 0
-5 12 1
-8 11 2
-5 10 3
5 9 4
-1 8 5
-3 7 6
-6 5 8
-7 4 9
1 3 10
-1 2 11
3 1 12
8 0 13
-5 12 0
2 11 1
7 10 2
-1 9 3
7 8 4
4 6 6
8 5 7
2 4 8
-5 3 9
-2 2 10
-8 1 11
-2 0 12
8 11 0
-7 10 1
2 9 2
3 8 3
-1 7 4
7 6 5
-3 5 6
8 4 7
4 3 8
8 2 9
-1 1 10
-7 0 11
-2 10 0
-3 9 1
-7 8 2
-6 7 3
7 6 4
2 5 5
8 4 6
4 3 7
7 2 8
8 1 9
-7 0 10
4 9 0
6 8 1
-6 7 2
-3 6 3
-6 5 4
4 4 5
-1 3 6
3 2 7
-2 1 8
1 0 9
-3 8 0
5 6 2
-4 4 4
-8 3 5
5 2 6
-1 1 7
-7 7 0
6 6 1
-2 5 2
-4 4 3
4 3 4
6 2 5
-1 1 6
-3 6 0
-2 5 1
4 4 2
1 3 3
-1 2 4
-4 1 5
2 0 6
-4 5 0
6 3 2
-8 2 3
7 1 4
-1 0 5
-1 4 0
-1 3 1
2 2 2
3 1 3
-8 0 4
-8 2 1
2 1 2
7 1 1
-4 0 2
4 0 1
END
POLY M2_3
1 75 0
3 74 1
-5 73 2
-4 72 3
4 71 4
-5 70 5
8 69 6
-1 68 7
-7 67 8
2 66 9
-2 65 10
7 64 11
-7 63 12
-1 62 13
7 61 14
-1 59 16
-7 58 17
-2 57 18
1 56 19
-6 55 20
1 54 21
-1 53 22
6 52 23
3 51 24
3 50 25
-1 49 26
6 48 27
8 47 28
8 46 29
-4 45 30
-6 44 31
-8 43 32
-1 42 33
-6 41 34
1 40 35
8 39 36
6 38 37
1 37 38
-6 36 39
7 74 0
3 73 1
-4 72 2
3 71 3
-6 69 5
-2 68 6
2 67 7
-6 66 8
2 65 9
4 64 10
7 63 11
-8 62 12
4 61 13
-2 60 14
3 59 15
-2 58 16
-4 57 17
-3 56 18
-1 55 19
7 54 20
-5 53 21
1 52 22
8 51 23
3 50 24
4 49 25
8 48 26
4 47 27
2 46 28
8 45 29
1 44 30
5 43 31
-1 42 32
3 41 33
7 40 34
-7 39 35
4 38 36
4 37 37
-5 36 38
1 35 39
1 34 40
7 73 0
2 72 1
-4 71 2
-8 70 3
2 68 5
-1 65 8
4 63 10
-6 62 11
6 61 12
6 60 13
2 59 14
8 58 15
-1 57 16
-1 56 17
-1 55 18
-6 54 19
-5 53 20
7 52 21
2 51 22
-1 50 23
8 49 24
-5 48 25
-4 46 27
2 45 28
8 44 29
6 43 30
-1 42 31
-8 40 33
-5 39 34
-3 38 35
5 37 36
-5 36 37
1 35 38
-1 34 39
-3 32 41
-7 72 0
-5 71 1
7 70 2
-7 69 3
1 68 4
-3 67 5
6 66 6
5 65 7
-2 64 8
6 63 9
8 62 10
6 61 11
4 60 12
1 59 13
-2 58 14
4 56 16
-4 55 17
7 54 18
1 53 19
-5 52 20
8 51 21
-7 50 22
-2 49 23
6 48 24
-1 47 25
5 46 26
-1 45 27
2 43 29
-4 42 30
7 41 31
2 40 32
2 39 33
-8 38 34
8 37 35
-8 36 36
-6 35 37
-6 34 38
7 33 39
3 32 40
7 31 41
-1 30 42
-7 71 0
-2 70 1
4 69 2
-2 68 3
-5 67 4
3 66 5
-2 65 6
7 64 7
-4 62 9
2 61 10
6 60 11
-2 59 12
6 58 13
-5 57 14
5 56 15
5 55 16
-7 54 17
5 53 18
-2 52 19
-2 51 20
8 50 21
1 49 22
-1 48 23
-4 46 25
1 45 26
-7 44 27
8 43 28
-8 42 29
7 41 30
2 40 31
7 39 32
-8 38 33
7 36 35
6 35 36
-7 34 37
-6 33 38
-7 32 39
-1 31 40
-2 30 41
-5 29 42
5 70 0
-8 69 1
-7 68 2
8 67 3
1 66 4
-1 65 5
-8 64 6
4 63 7
-1 62 8
1 61 9
8 60 10
8 59 11
-6 58 12
4 57 13
-4 56 14
5 55 15
6 54 16
-8 53 17
6 52 18
7 51 19
2 50 20
-8 49 21
1 48 22
4 47 23
-1 46 24
-8 45 25
-2 44 26
2 43 27
-7 42 28
-5 41 29
6 40 30
6 39 31
-5 38 32
-1 37 33
8 36 34
4 35 35
-1 34 36
2 33 37
-2 32 38
3 31 39
4 30 40
-5 29 41
-2 28 42
-7 27 43
-7 26 44
-5 69 0
3 68 1
1 67 2
5 66 3
6 65 4
8 64 5
8 63 6
-6 62 7
8 61 8
6 60 9
6 59 10
2 58 11
-4 57 12
-1 55 14
-3 54 15
8 53 16
1 52 17
1 51 18
4 50 19
-2 49 20
-3 48 21
7 47 22
7 46 23
7 45 24
-2 44 25
5 43 26
2 42 27
-3 41 28
4 39 30
-8 38 31
7 37 32
3 36 33
6 35 34
2 34 35
4 33 36
-7 32 37
4 31 38
2 30 39
-3 29 40
8 28 41
1 27 42
-7 26 43
1 25 44
6 24 45
7 68 0
-7 67 1
5 66 2
1 64 4
-4 63 5
8 62 6
-8 60 8
4 59 9
1 58 10
3 57 11
-7 56 12
1 55 13
-8 54 14
6 53 15
-7 52 16
1 51 17
6 50 18
2 49 19
-3 48 20
-8 47 21
-5 46 22
7 45 23
-5 44 24
1 43 25
-8 42 26
-5 41 27
-7 40 28
-6 39 29
-2 38 30
-5 37 31
6 36 32
-1 35 33
3 34 34
6 33 35
-5 32 36
-5 31 37
-3 30 38
5 29 39
8 28 40
5 26 42
8 25 43
3 24 44
4 23 45
4 22 46
-8 67 0
-5 66 1
-7 65 2
-1 64 3
5 63 4
6 62 5
1 61 6
-3 59 8
-3 58 9
8 57 10
-4 56 11
-2 55 12
-3 54 13
5 53 14
-4 52 15
-2 51 16
5 50 17
4 49 18
7 48 19
-6 47 20
-8 46 21
3 45 22
7 44 23
4 43 24
-1 42 25
4 40 27
7 39 28
-6 38 29
4 37 30
1 36 31
2 35 32
-2 34 33
5 33 34
4 32 35
7 31 36
8 30 37
-7 29 38
3 28 39
-7 27 40
5 26 41
5 25 42
8 24 43
3 21 46
5 20 47
-7 66 0
-1 65 1
-8 64 2
-7 63 3
-5 62 4
-2 61 5
2 60 6
7 59 7
-5 58 8
-7 57 9
3 56 10
4 55 11
7 54 12
7 53 13
-1 52 14
-4 51 15
2 49 17
-5 48 18
-7 47 19
-4 46 20
-2 45 21
-7 44 22
-3 43 23
-7 42 24
4 41 25
-8 40 26
-6 39 27
3 38 28
3 37 29
6 36 30
-1 35 31
5 34 32
-5 33 33
-4 32 34
-6 31 35
4 30 36
-6 29 37
3 28 38
5 27 39
-8 26 40
-7 25 41
-6 24 42
-4 22 44
5 21 45
-6 20 46
-3 19 47
-4 64 1
-2 63 2
-5 62 3
-6 61 4
-5 60 5
-6 59 6
-4 58 7
1 57 8
-4 56 9
-5 55 10
-5 54 11
-7 53 12
-4 52 13
7 51 14
-3 50 15
7 49 16
-7 48 17
-2 47 18
-4 46 19
-5 45 20
5 44 21
1 43 22
2 42 23
2 41 24
1 40 25
-5 39 26
8 38 27
6 37 28
-4 36 29
4 35 30
4 34 31
-2 33 32
7 31 34
8 30 35
7 29 36
4 28 37
5 27 38
-3 26 39
4 25 40
-6 24 41
8 23 42
-4 22 43
-5 21 44
5 20 45
-1 19 46
6 18 47
3 17 48
-6 16 49
-7 64 0
-8 63 1
-3 62 2
5 61 3
-7 60 4
3 59 5
5 58 6
-4 57 7
-2 56 8
3 55 9
8 54 10
2 53 11
2 52 12
6 51 13
6 50 14
-6 49 15
6 48 16
-6 47 17
-4 46 18
4 45 19
2 44 20
-6 43 21
-6 42 22
3 41 23
3 40 24
-6 39 25
1 38 26
7 37 27
-6 36 28
-5 34 30
6 33 31
-7 32 32
-3 31 33
-3 30 34
-8 29 35
5 28 36
3 27 37
1 26 38
2 25 39
7 24 40
-7 23 41
3 22 42
7 21 43
-7 20 44
-1 19 45
-1 18 46
-1 17 47
8 16 48
3 63 0
-8 62 1
5 61 2
-8 60 3
-8 59 4
4 58 5
-1 56 7
-7 55 8
-5 54 9
-3 53 10
-7 52 11
1 51 12
-7 50 13
3 49 14
6 48 15
-1 47 16
6 46 17
2 45 18
6 43 20
-3 42 21
-1 41 22
5 40 23
-8 39 24
5 38 25
-8 37 26
3 36 27
3 35 28
3 34 29
3 32 31
-7 31 32
-4 30 33
6 29 34
-5 28 35
8 27 36
-5 26 37
-6 25 38
6 24 39
-3 23 40
3 22 41
-4 21 42
7 20 43
-1 19 44
-6 18 45
-8 17 46
-1 16 47
6 62 0
-5 61 1
4 60 2
2 59 3
7 58 4
-6 57 5
-1 56 6
-3 55 7
-6 54 8
-1 53 9
-2 52 10
4 51 11
-1 50 12
5 49 13
7 47 15
6 46 16
3 45 17
6 44 18
3 43 19
-5 42 20
8 40 22
-7 39 23
7 38 24
8 36 26
1 34 28
-5 33 29
5 32 30
-5 31 31
-4 30 32
1 29 33
2 28 34
-7 27 35
-2 26 36
2 25 37
8 24 38
1 23 39
-6 22 40
7 21 41
-8 20 42
2 19 43
-3 18 44
5 17 45
-5 16 46
5 61 0
7 60 1
-4 59 2
-3 58 3
-2 57 4
2 55 6
5 54 7
-7 53 8
6 52 9
7 51 10
8 49 12
-8 48 13
8 47 14
2 45 16
-8 44 17
7 43 18
7 42 19
-1 41 20
-3 40 21
8 38 23
8 37 24
-7 36 25
-8 35 26
-3 34 27
-5 33 28
-8 32 29
-6 31 30
2 30 31
1 29 32
-6 28 33
-4 27 34
1 26 35
-3 25 36
5 24 37
-6 22 39
-4 21 40
3 20 41
-7 19 42
4 17 44
-2 16 45
-6 15 46
-6 14 47
4 13 48
7 12 49
7 11 50
-6 10 51
5 9 52
2 8 53
-7 60 0
4 59 1
5 58 2
-8 57 3
8 56 4
-6 55 5
4 52 8
-5 51 9
-8 50 10
-5 49 11
7 48 12
-3 47 13
-2 46 14
5 45 15
8 44 16
6 43 17
-1 42 18
-6 41 19
3 40 20
-3 39 21
-6 38 22
6 37 23
-5 35 25
-2 34 26
6 33 27
8 32 28
7 31 29
7 30 30
-5 29 31
-4 28 32
6 27 33
-4 26 34
-2 25 35
-6 24 36
-7 23 37
4 22 38
5 21 39
-7 20 40
4 19 41
-8 18 42
-8 17 43
-2 16 44
1 15 45
1 14 46
-7 13 47
-8 12 48
3 11 49
4 10 50
3 9 51
-2 8 52
2 7 53
-1 59 0
2 58 1
-4 57 2
1 56 3
-7 55 4
2 54 5
5 53 6
-2 52 7
1 51 8
8 50 9
8 49 10
-6 48 11
3 47 12
-5 46 13
-1 45 14
1 44 15
-4 43 16
4 42 17
-3 41 18
3 40 19
5 39 20
2 38 21
6 37 22
6 36 23
2 35 24
7 34 25
-2 33 26
8 32 27
-6 31 28
-3 30 29
-1 28 31
-8 27 32
-4 26 33
4 25 34
-7 24 35
3 23 36
-3 22 37
7 21 38
-7 20 39
-5 19 40
5 18 41
-6 16 43
4 15 44
1 14 45
-3 13 46
-1 12 47
-8 11 48
2 10 49
7 9 50
5 8 51
-7 6 53
6 5 54
-5 58 0
-5 57 1
-4 56 2
4 55 3
-7 54 4
1 53 5
1 52 6
1 51 7
4 50 8
-2 49 9
1 48 10
4 47 11
-4 46 12
4 45 13
-1 43 15
-7 42 16
-4 41 17
7 40 18
-4 39 19
-4 38 20
2 37 21
-8 36 22
-2 35 23
5 34 24
3 33 25
-3 32 26
-8 31 27
1 30 28
-8 29 29
-1 28 30
2 27 31
-7 26 32
-6 25 33
-6 24 34
-1 23 35
7 22 36
2 20 38
5 19 39
-5 18 40
-3 17 41
-7 16 42
1 15 43
1 14 44
-4 13 45
2 12 46
8 10 48
1 9 49
-6 8 50
5 7 51
8 6 52
5 5 53
-1 4 54
7 3 55
-1 2 56
4 57 0
-8 56 1
-5 53 4
-8 52 5
-1 51 6
6 50 7
3 49 8
-6 48 9
2 47 10
2 46 11
-7 45 12
1 44 13
-7 43 14
5 42 15
-5 41 16
7 40 17
-7 39 18
-5 37 20
-3 36 21
-6 35 22
-8 34 23
6 33 24
-7 32 25
-2 30 27
-4 29 28
-2 28 29
-6 27 30
6 26 31
3 25 32
-5 24 33
-4 23 34
3 22 35
4 21 36
-4 20 37
4 19 38
2 18 39
3 17 40
7 16 41
7 15 42
2 14 43
4 13 44
1 12 45
-6 11 46
-4 10 47
2 9 48
-2 8 49
5 7 50
5 6 51
-1 5 52
3 4 53
3 3 54
7 2 55
4 1 56
-6 0 57
-4 56 0
-4 55 1
-6 54 2
-8 53 3
-8 52 4
-3 51 5
7 50 6
-2 49 7
-1 48 8
4 47 9
-3 46 10
3 45 11
2 44 12
-1 43 13
-8 42 14
7 41 15
-4 40 16
7 39 17
-1 38 18
-6 37 19
8 36 20
8 35 21
-7 34 22
-3 33 23
-4 32 24
3 31 25
7 30 26
-1 29 27
-8 28 28
-7 27 29
8 26 30
7 25 31
-3 24 32
-6 23 33
1 22 34
-6 21 35
4 20 36
7 19 37
-6 17 39
-8 15 41
3 14 42
-7 13 43
-1 12 44
5 11 45
-4 10 46
3 9 47
8 8 48
-5 7 49
1 6 50
1 5 51
6 4 52
8 3 53
4 2 54
8 1 55
-1 0 56
7 55 0
1 54 1
-5 53 2
6 51 4
-8 50 5
-3 49 6
4 48 7
5 47 8
1 46 9
3 45 10
-5 44 11
8 43 12
5 42 13
-1 41 14
3 40 15
-2 39 16
-6 38 17
-3 37 18
5 36 19
2 35 20
6 34 21
5 33 22
8 32 23
-1 31 24
8 30 25
-5 28 27
-1 27 28
-6 26 29
6 25 30
-6 24 31
-1 23 32
6 22 33
-4 21 34
2 20 35
-6 19 36
8 18 37
6 16 39
3 15 40
6 14 41
-5 13 42
-4 10 45
-3 9 46
-5 8 47
1 7 48
2 6 49
5 5 50
-4 4 51
4 3 52
7 2 53
3 1 54
5 0 55
5 54 0
8 53 1
-5 52 2
-4 51 3
1 50 4
7 49 5
-1 48 6
4 47 7
7 46 8
7 45 9
5 44 10
-2 43 11
-6 42 12
-5 41 13
1 40 14
1 39 15
8 38 16
-6 37 17
2 36 18
8 35 19
-5 34 20
-5 33 21
2 32 22
5 30 24
6 29 25
-6 26 28
1 25 29
5 24 30
3 23 31
6 22 32
7 21 33
6 20 34
2 18 36
-5 17 37
-8 16 38
-7 14 40
-5 13 41
-3 12 42
2 11 43
5 10 44
1 9 45
5 8 46
1 7 47
-8 6 48
4 5 49
7 4 50
7 3 51
-5 2 52
-2 1 53
-7 0 54
-5 53 0
5 52 1
4 51 2
6 50 3
-1 49 4
-1 48 5
1 47 6
-4 46 7
-7 45 8
-8 43 10
-3 42 11
-4 41 12
4 40 13
-3 39 14
-2 38 15
-2 37 16
5 36 17
-7 33 20
-6 32 21
-3 31 22
-4 30 23
8 29 24
-4 28 25
-5 27 26
8 26 27
-4 25 28
-5 24 29
-1 23 30
3 22 31
-2 21 32
-5 20 33
-6 19 34
-4 18 35
-1 17 36
4 16 37
-1 15 38
-2 14 39
-8 13 40
-7 12 41
4 11 42
-4 10 43
3 9 44
-6 8 45
8 7 46
4 6 47
-5 5 48
-6 4 49
2 2 51
2 1 52
-2 0 53
-8 52 0
5 51 1
5 49 3
7 48 4
-1 47 5
3 46 6
-1 45 7
8 44 8
-1 43 9
8 42 10
1 41 11
-7 40 12
-3 39 13
1 38 14
-3 37 15
-5 36 16
8 35 17
-6 34 18
4 33 19
-8 32 20
5 31 21
1 30 22
-6 29 23
1 28 24
-3 26 26
-5 25 27
-4 24 28
-8 23 29
-8 22 30
6 21 31
-6 20 32
-7 19 33
8 18 34
-3 17 35
-4 16 36
-7 15 37
5 14 38
-5 13 39
1 12 40
6 11 41
4 10 42
-4 9 43
-4 8 44
4 7 45
1 6 46
1 5 47
-8 4 48
-4 3 49
-6 2 50
3 1 51
-1 0 52
7 51 0
1 50 1
-6 49 2
-7 48 3
-7 46 5
3 45 6
5 44 7
-8 42 9
-6 41 10
1 40 11
-4 39 12
-4 38 13
6 37 14
6 36 15
7 35 16
-1 34 17
-8 33 18
7 32 19
5 31 20
-3 30 21
-1 29 22
5 28 23
-4 26 25
-6 25 26
-5 24 27
-2 23 28
1 22 29
-2 21 30
6 20 31
1 19 32
-4 18 33
-2 17 34
6 16 35
-3 15 36
-6 14 37
4 12 39
-7 11 40
-6 10 41
-8 9 42
-7 8 43
-6 7 44
-3 6 45
-7 5 46
4 4 47
-1 3 48
4 2 49
-1 0 51
6 50 0
4 48 2
-2 47 3
-3 45 5
7 43 7
7 42 8
2 41 9
-6 40 10
7 39 11
-8 38 12
-5 37 13
-7 36 14
6 35 15
-1 34 16
4 33 17
-2 31 19
-3 30 20
-5 29 21
-8 28 22
-6 27 23
1 26 24
-5 25 25
-4 24 26
3 23 27
-4 22 28
-8 21 29
5 20 30
-2 18 32
-4 17 33
-8 16 34
-4 15 35
-2 14 36
-6 13 37
-3 12 38
-5 10 40
3 9 41
8 8 42
-1 7 43
1 6 44
-1 5 45
5 4 46
-4 3 47
7 2 48
-2 1 49
1 0 50
7 48 1
-2 47 2
8 46 3
-6 45 4
-5 44 5
2 43 6
-2 41 8
-5 40 9
3 39 10
1 38 11
-5 36 13
6 35 14
-3 34 15
-2 33 16
-8 32 17
-2 31 18
-2 30 19
3 29 20
-3 28 21
-8 27 22
6 26 23
5 25 24
-6 24 25
7 22 27
2 21 28
-7 20 29
-4 19 30
-3 18 31
3 17 32
-4 16 33
-2 15 34
8 14 35
7 13 36
-7 12 37
-4 11 38
1 10 39
6 9 40
-3 8 41
-8 7 42
-3 6 43
2 5 44
-7 4 45
4 3 46
-6 2 47
1 1 48
-1 0 49
-6 48 0
-3 47 1
5 46 2
3 45 3
4 44 4
2 43 5
-2 42 6
7 41 7
-8 40 8
-2 39 9
-7 38 10
4 37 11
-7 36 12
7 35 13
-5 34 14
1 33 15
1 32 16
1 31 17
-5 30 18
4 29 19
3 28 20
-3 27 21
-1 26 22
3 25 23
-5 24 24
4 23 25
8 22 26
-5 21 27
-8 20 28
8 19 29
-3 18 30
-2 17 31
1 16 32
-1 15 33
-6 14 34
2 13 35
4 12 36
-2 11 37
-6 10 38
-8 9 39
8 8 40
6 7 41
-6 6 42
7 5 43
-6 4 44
-3 3 45
1 1 47
-5 47 0
-3 45 2
5 44 3
8 43 4
4 42 5
5 41 6
-1 40 7
-4 39 8
-4 38 9
8 37 10
-2 36 11
2 35 12
-6 34 13
-5 33 14
-8 32 15
3 31 16
-6 30 17
-5 29 18
-2 28 19
6 27 20
-5 26 21
-5 25 22
-8 24 23
5 23 24
3 22 25
-5 21 26
-1 20 27
7 19 28
6 18 29
-1 17 30
-1 16 31
-2 15 32
1 14 33
-8 13 34
-1 12 35
4 11 36
-8 10 37
1 9 38
7 8 39
8 7 40
-8 6 41
-6 5 42
3 4 43
6 3 44
5 2 45
-3 1 46
5 0 47
-6 46 0
5 45 1
-7 44 2
3 42 4
-6 41 5
6 40 6
5 39 7
5 38 8
-2 37 9
7 36 10
2 35 11
-8 34 12
-8 33 13
-2 32 14
5 31 15
5 30 16
7 29 17
1 28 18
-8 27 19
7 26 20
5 25 21
-8 24 22
-2 23 23
-4 22 24
-1 21 25
-6 20 26
-8 19 27
1 18 28
7 17 29
4 15 31
-8 14 32
-8 13 33
-1 12 34
8 11 35
-4 10 36
-5 9 37
7 8 38
-6 7 39
2 6 40
6 5 41
-8 4 42
-3 3 43
8 2 44
-5 1 45
-7 0 46
-3 45 0
-5 44 1
4 43 2
-4 42 3
4 41 4
-8 40 5
5 39 6
-3 38 7
-8 37 8
-2 36 9
1 34 11
8 33 12
-3 32 13
8 31 14
-1 30 15
6 29 16
6 28 17
7 27 18
6 26 19
6 25 20
7 24 21
-1 23 22
1 22 23
-8 21 24
-4 19 26
2 18 27
2 17 28
-8 16 29
-5 15 30
4 14 31
-3 13 32
5 12 33
2 11 34
2 10 35
-8 9 36
-7 8 37
8 7 38
5 6 39
6 5 40
-5 4 41
6 3 42
-2 2 43
6 1 44
-8 0 45
8 44 0
6 43 1
-8 42 2
8 41 3
2 40 4
4 39 5
-3 38 6
-1 37 7
-2 36 8
2 35 9
-2 34 10
-7 33 11
-2 32 12
2 31 13
5 30 14
-8 29 15
-2 26 18
-6 25 19
3 24 20
-4 23 21
3 22 22
2 21 23
1 20 24
3 19 25
-1 18 26
-4 17 27
5 16 28
4 15 29
-1 14 30
1 13 31
-1 12 32
-2 11 33
-5 10 34
-6 9 35
-8 8 36
-4 7 37
4 6 38
-2 5 39
-4 4 40
-5 3 41
-2 2 42
-2 1 43
-3 0 44
1 43 0
1 42 1
6 41 2
8 40 3
-7 39 4
6 38 5
-4 37 6
-5 36 7
-8 35 8
-4 34 9
-5 33 10
5 32 11
3 31 12
-2 30 13
7 29 14
6 27 16
3 25 18
5 24 19
-4 23 20
-1 22 21
6 21 22
-6 20 23
-2 19 24
-7 18 25
-5 17 26
2 16 27
-1 14 29
6 13 30
6 12 31
-7 11 32
-4 10 33
8 9 34
-1 7 36
-2 6 37
-6 5 38
6 4 39
-4 3 40
-2 2 41
-3 1 42
5 0 43
8 42 0
5 41 1
3 40 2
-8 39 3
4 38 4
6 37 5
-8 36 6
8 35 7
-8 34 8
-1 33 9
-7 32 10
2 31 11
-7 30 12
5 29 13
-3 28 14
6 27 15
-5 26 16
-8 25 17
-6 24 18
5 23 19
-1 22 20
2 21 21
-2 20 22
4 19 23
3 18 24
2 17 25
6 16 26
6 15 27
-8 14 28
2 13 29
3 12 30
-7 11 31
4 10 32
3 9 33
6 8 34
3 7 35
-6 6 36
-6 4 38
-4 3 39
4 2 40
-5 1 41
2 0 42
-7 41 0
2 40 1
5 39 2
-6 38 3
-8 37 4
3 36 5
-4 35 6
-3 34 7
7 33 8
6 32 9
8 31 10
-5 30 11
8 29 12
-5 28 13
-6 27 14
-2 26 15
5 25 16
3 24 17
8 23 18
5 22 19
5 21 20
8 20 21
-7 19 22
-8 18 23
-4 17 24
4 16 25
-8 15 26
-5 14 27
1 13 28
8 12 29
8 11 30
2 10 31
-4 9 32
3 8 33
-8 7 34
-8 6 35
6 5 36
-6 4 37
-8 3 38
-3 2 39
3 1 40
-4 0 41
4 40 0
-1 39 1
8 38 2
4 37 3
2 36 4
4 35 5
2 34 6
6 33 7
-1 32 8
5 31 9
2 30 10
-3 29 11
-5 27 13
-3 26 14
8 25 15
4 24 16
-2 23 17
-3 21 19
-5 20 20
6 17 23
-1 16 24
8 15 25
-3 14 26
1 12 28
1 11 29
3 10 30
-3 9 31
1 8 32
-4 7 33
-4 6 34
7 5 35
3 4 36
6 2 38
-6 1 39
6 0 40
3 39 0
6 38 1
-2 37 2
-8 36 3
-4 35 4
8 34 5
8 33 6
-7 32 7
-6 31 8
-6 30 9
5 29 10
-5 28 11
1 27 12
7 26 13
2 25 14
5 23 16
-7 22 17
-7 21 18
-2 20 19
-6 19 20
-2 18 21
-6 17 22
4 15 24
1 14 25
-1 13 26
3 12 27
3 11 28
-2 10 29
2 9 30
7 8 31
-4 7 32
-3 6 33
2 5 34
-4 4 35
2 2 37
-3 1 38
3 0 39
-6 38 0
7 37 1
2 36 2
-1 35 3
-2 34 4
-5 33 5
-3 32 6
4 31 7
-4 30 8
8 29 9
-5 28 10
6 27 11
1 25 13
-4 24 14
-7 23 15
2 22 16
-2 21 17
8 19 19
8 18 20
7 17 21
1 16 22
6 15 23
5 14 24
1 12 26
6 11 27
-5 10 28
-4 9 29
8 8 30
8 7 31
-6 6 32
4 5 33
6 4 34
2 3 35
7 2 36
1 0 38
6 37 0
-2 36 1
-8 35 2
-4 34 3
-7 33 4
3 32 5
-7 31 6
-3 30 7
-6 29 8
5 28 9
-3 27 10
-6 26 11
7 25 12
-4 24 13
8 23 14
4 22 15
6 21 16
7 16 21
-1 15 22
7 14 23
-5 13 24
-7 12 25
-2 11 26
-6 10 27
-1 9 28
4 8 29
5 7 30
7 6 31
4 5 32
2 3 34
-4 2 35
3 1 36
2 0 37
-1 36 0
-8 35 1
-2 34 2
-7 33 3
-2 32 4
-3 31 5
-3 30 6
2 29 7
1 28 8
8 27 9
-2 26 10
6 25 11
-7 24 12
-8 23 13
-5 22 14
-6 21 15
-6 20 16
-4 19 17
-4 18 18
-5 17 19
3 16 20
-6 15 21
1 14 22
7 13 23
-1 12 24
7 11 25
4 10 26
-8 9 27
5 8 28
6 7 29
5 6 30
2 5 31
5 4 32
8 3 33
4 2 34
-1 1 35
-6 35 0
-7 34 1
3 33 2
4 32 3
5 30 5
-3 29 6
-7 27 8
-2 26 9
-6 25 10
6 23 12
2 22 13
2 21 14
6 20 15
-3 19 16
2 18 17
4 17 18
8 16 19
-5 15 20
-6 14 21
-3 13 22
-5 12 23
-6 11 24
-4 9 26
2 8 27
-3 7 28
1 6 29
-3 5 30
-7 4 31
-3 3 32
6 1 34
5 0 35
7 34 0
-8 33 1
1 32 2
-4 31 3
3 30 4
-3 29 5
2 28 6
-1 27 7
1 26 8
-3 25 9
-2 24 10
-7 23 11
-3 22 12
-4 21 13
8 20 14
7 19 15
2 18 16
-7 17 17
3 16 18
-2 15 19
8 14 20
8 13 21
1 12 22
1 11 23
-1 10 24
3 9 25
6 8 26
7 7 27
-4 6 28
8 5 29
-7 4 30
6 3 31
-7 2 32
-4 1 33
-8 0 34
4 33 0
-6 32 1
-7 31 2
-6 29 4
-5 28 5
-7 27 6
-6 26 7
-4 25 8
-8 24 9
-5 23 10
-1 22 11
-1 21 12
2 20 13
4 19 14
-3 18 15
5 16 17
-3 15 18
-2 14 19
-6 13 20
-5 12 21
-3 11 22
4 10 23
-4 9 24
6 8 25
5 7 26
-7 6 27
4 5 28
-7 4 29
6 3 30
1 2 31
1 1 32
1 0 33
-3 32 0
-4 31 1
3 30 2
3 29 3
2 28 4
-8 27 5
1 26 6
-4 25 7
8 24 8
7 23 9
-6 22 10
-1 21 11
-3 20 12
-8 19 13
-1 18 14
-5 17 15
3 16 16
-7 15 17
4 14 18
3 13 19
6 12 20
1 11 21
5 10 22
8 9 23
7 8 24
8 7 25
4 6 26
-5 4 28
-1 3 29
-6 2 30
-5 1 31
6 0 32
6 31 0
-8 30 1
-4 29 2
-5 28 3
3 27 4
3 26 5
-3 25 6
-4 23 8
-1 22 9
-2 21 10
1 20 11
2 19 12
-1 18 13
6 17 14
-8 16 15
-5 15 16
-1 14 17
2 13 18
-3 12 19
-7 11 20
-1 10 21
1 9 22
-8 8 23
2 7 24
1 5 26
-4 4 27
-5 3 28
7 2 29
-1 1 30
-7 0 31
-4 30 0
-1 29 1
8 28 2
-5 27 3
-1 26 4
4 25 5
5 24 6
4 23 7
-4 22 8
-8 21 9
-4 20 10
6 18 12
-6 17 13
4 16 14
5 15 15
-3 14 16
5 13 17
6 12 18
2 11 19
-3 10 20
6 9 21
-2 8 22
1 7 23
8 6 24
-5 5 25
-6 4 26
8 3 27
-6 2 28
-8 1 29
7 0 30
8 29 0
8 28 1
-1 27 2
4 26 3
-6 25 4
-5 24 5
7 23 6
-6 22 7
8 21 8
-6 20 9
-4 19 10
-8 18 11
-5 17 12
4 16 13
4 15 14
3 14 15
-5 13 16
8 12 17
8 11 18
5 10 19
-2 9 20
-6 8 21
-1 7 22
1 6 23
5 5 24
-3 4 25
-4 3 26
2 2 27
1 1 28
-3 0 29
2 28 0
-8 27 1
5 26 2
-1 24 4
8 23 5
-6 22 6
-4 21 7
-7 20 8
-7 19 9
-6 18 10
-4 17 11
-8 16 12
-7 15 13
3 14 14
3 13 15
-3 12 16
-7 11 17
1 10 18
-8 9 19
5 8 20
3 7 21
-7 6 22
-2 5 23
6 3 25
2 2 26
4 1 27
-4 0 28
2 27 0
-4 26 1
-1 25 2
-5 24 3
-8 23 4
-8 22 5
3 21 6
5 20 7
6 19 8
4 18 9
5 17 10
5 16 11
8 15 12
-6 13 14
-2 11 16
-3 10 17
8 9 18
2 8 19
6 7 20
3 6 21
1 5 22
3 4 23
6 3 24
-6 2 25
3 1 26
3 0 27
-2 26 0
3 25 1
5 24 2
-6 23 3
7 22 4
3 21 5
-1 19 7
8 18 8
3 17 9
-6 16 10
7 15 11
-1 14 12
5 13 13
7 12 14
3 11 15
3 10 16
8 9 17
-8 8 18
-8 7 19
7 6 20
-1 5 21
-8 4 22
1 3 23
4 2 24
7 1 25
-3 0 26
5 25 0
-6 24 1
1 23 2
-2 22 3
-3 21 4
7 20 5
2 19 6
-2 18 7
8 16 9
7 15 10
-6 14 11
7 13 12
-2 12 13
-5 11 14
-7 10 15
1 9 16
5 8 17
-2 7 18
2 6 19
5 5 20
4 4 21
4 3 22
-7 2 23
4 1 24
2 0 25
8 24 0
-5 23 1
4 22 2
2 21 3
7 20 4
7 19 5
-7 18 6
7 17 7
-8 16 8
2 15 9
1 14 10
-1 13 11
4 12 12
6 11 13
-8 10 14
-6 9 15
2 8 16
5 7 17
8 6 18
-7 5 19
7 4 20
-4 3 21
3 2 22
5 1 23
-1 23 0
-7 22 1
-7 21 2
-8 20 3
-8 19 4
7 18 5
-4 17 6
4 16 7
4 15 8
-3 14 9
-5 13 10
4 12 11
2 11 12
5 10 13
-1 9 14
2 8 15
3 7 16
6 6 17
6 5 18
7 4 19
1 3 20
-3 0 23
3 22 0
-4 21 1
-8 20 2
6 18 4
4 17 5
4 16 6
1 15 7
4 14 8
-1 13 9
3 12 10
8 11 11
4 10 12
-2 9 13
-6 8 14
8 7 15
-8 6 16
2 4 18
6 3 19
-7 2 20
3 1 21
-5 0 22
-4 21 0
-4 20 1
-3 19 2
-8 18 3
8 17 4
-5 16 5
-3 15 6
5 14 7
-2 13 8
5 12 9
-5 11 10
-5 10 11
-5 9 12
-2 7 14
1 6 15
3 5 16
4 4 17
2 3 18
4 2 19
7 1 20
5 20 0
6 19 1
-3 18 2
-4 17 3
8 16 4
-6 15 5
-1 14 6
2 13 7
-7 12 8
-4 11 9
6 10 10
4 9 11
6 8 12
6 7 13
7 6 14
-3 5 15
1 4 16
1 3 17
6 2 18
-3 1 19
4 0 20
3 19 0
-3 18 1
-5 17 2
-5 16 3
5 15 4
-8 14 5
-6 13 6
4 12 7
6 11 8
5 10 9
3 9 10
4 8 11
7 7 12
7 6 13
4 5 14
3 4 15
1 3 16
8 2 17
8 1 18
-7 0 19
-5 18 0
-5 17 1
6 15 3
-4 14 4
-1 13 5
-7 12 6
6 11 7
-6 10 8
8 9 9
-5 8 10
-1 6 12
2 5 13
-2 4 14
3 3 15
4 2 16
3 1 17
-6 0 18
-4 17 0
3 16 1
-5 15 2
2 14 3
5 13 4
-3 12 5
-2 11 6
7 10 7
-7 9 8
5 8 9
-8 7 10
2 6 11
1 5 12
7 4 13
5 3 14
-1 1 16
-1 0 17
6 16 0
-7 15 1
-6 14 2
8 13 3
-5 12 4
-1 11 5
4 10 6
-7 9 7
-8 8 8
-3 7 9
7 6 10
-8 5 11
8 4 12
-8 3 13
1 2 14
3 0 16
-4 15 0
-3 13 2
1 12 3
2 11 4
7 10 5
-1 9 6
-7 8 7
5 7 8
3 6 9
-7 5 10
3 4 11
3 3 12
3 2 13
-6 1 14
-8 0 15
6 14 0
-5 13 1
-6 12 2
-6 11 3
5 10 4
6 9 5
-3 8 6
-3 7 7
7 6 8
1 5 9
5 4 10
-1 3 11
1 2 12
1 1 13
2 0 14
7 13 0
6 12 1
3 11 2
2 10 3
-3 9 4
-6 7 6
1 6 7
-6 5 8
-3 4 9
-8 3 10
7 2 11
7 1 12
2 0 13
-7 12 0
5 10 2
7 9 3
8 8 4
1 7 5
-6 6 6
1 5 7
-2 4 8
4 3 9
2 2 10
6 1 11
-1 0 12
-8 11 0
-4 10 1
4 8 3
2 7 4
-5 6 5
4 5 6
3 3 8
6 2 9
-3 1 10
6 0 11
1 10 0
-8 9 1
8 8 2
-8 7 3
4 6 4
8 5 5
-1 4 6
3 3 7
3 2 8
-3 1 9
-7 0 10
6 9 0
3 8 1
-7 7 2
2 6 3
5 5 4
-6 4 5
-3 3 6
8 1 8
8 0 9
5 8 0
-7 7 1
3 6 2
-2 5 3
5 3 5
-5 2 6
-3 1 7
5 0 8
-1 7 0
-5 6 1
-4 5 2
5 4 3
-7 3 4
-2 2 5
5 1 6
-2 0 7
4 6 0
4 5 1
5 4 2
-3 3 3
5 2 4
-3 1 5
1 5 0
-3 4 1
6 3 2
5 2 3
-3 1 4
2 0 5
7 4 0
1 3 1
2 2 2
4 1 3
6 3 0
-7 2 1
-6 1 2
1 0 3
6 2 0
-5 0 2
-7 0 1
END
POLY M3_1
-5 52 2
-6 51 3
2 50 4
3 49 5
7 48 6
-2 47 7
5 46 8
-2 45 9
8 44 10
3 43 11
6 42 12
-5 41 13
-1 40 14
-8 39 15
2 38 16
-7 37 17
1 36 18
6 35 19
-6 34 20
4 33 21
6 32 22
-8 31 23
-3 30 24
-6 29 25
5 28 26
-8 26 28
7 25 29
5 24 30
4 23 31
8 22 32
-8 21 33
5 20 34
2 52 1
3 51 2
3 50 3
4 49 4
5 48 5
8 46 7
1 45 8
-5 44 9
-8 43 10
7 42 11
-3 41 12
-4 40 13
-3 39 14
4 38 15
6 37 16
-5 36 17
5 35 18
2 34 19
-7 33 20
7 32 21
-8 31 22
6 30 23
-5 29 24
-7 28 25
-6 27 26
-1 26 27
-3 24 29
-5 23 30
4 22 31
-7 21 32
-8 20 33
-8 19 34
-7 18 35
5 51 1
-2 50 2
-5 49 3
-3 47 5
6 46 6
-3 45 7
-2 44 8
6 43 9
1 42 10
8 41 11
7 40 12
8 39 13
7 38 14
2 37 15
4 36 16
3 35 17
-4 34 18
6 33 19
-7 32 20
-7 31 21
-3 29 23
2 28 24
-3 27 25
-1 26 26
-2 25 27
-7 24 28
-7 23 29
-8 22 30
-5 21 31
-5 20 32
-7 19 33
1 18 34
-3 50 1
-2 49 2
-8 48 3
5 47 4
6 46 5
-7 45 6
-2 44 7
7 43 8
-4 42 9
-3 41 10
3 40 11
1 39 12
-2 38 13
5 37 14
8 36 15
-6 35 16
7 34 17
7 33 18
-2 32 19
-8 31 20
8 30 21
6 28 23
-7 27 24
6 26 25
2 25 26
-5 24 27
6 23 28
7 22 29
-1 21 30
2 20 31
-8 19 32
6 18 33
-5 17 34
-6 16 35
6 15 36
7 14 37
-3 49 1
5 48 2
-8 47 3
1 46 4
-6 45 5
2 44 6
1 43 7
-8 42 8
6 41 9
2 40 10
6 39 11
-6 38 12
7 37 13
8 36 14
2 35 15
-8 34 16
5 33 17
-8 32 18
7 31 19
4 30 20
-6 29 21
-5 28 22
7 27 23
-6 26 24
7 25 25
-6 24 26
-8 23 27
-6 22 28
-2 21 29
8 20 30
-7 19 31
6 18 32
4 17 33
-2 16 34
-1 15 35
-5 14 36
6 13 37
-7 12 38
-6 48 1
2 47 2
-6 45 4
6 44 5
-2 43 6
-1 42 7
-4 41 8
-8 40 9
-8 39 10
8 38 11
8 37 12
-2 36 13
3 35 14
-5 34 15
-7 33 16
-1 32 17
7 31 18
-3 30 19
-1 29 20
-5 28 21
-8 27 22
-1 26 23
5 25 24
7 24 25
6 23 26
7 22 27
4 21 28
7 20 29
-6 19 30
-1 18 31
4 17 32
7 16 33
3 15 34
7 14 35
8 13 36
-4 12 37
3 10 39
-1 47 1
-7 45 3
2 44 4
5 43 5
8 42 6
2 41 7
5 39 9
-6 38 10
-4 37 11
8 36 12
5 35 13
-2 34 14
-3 32 16
-8 31 17
-4 30 18
1 29 19
-6 28 20
3 27 21
6 26 22
-6 25 23
-8 24 24
-7 23 25
-4 22 26
-2 21 27
2 20 28
7 19 29
3 18 30
-6 17 31
-4 16 32
5 15 33
6 14 34
3 13 35
8 12 36
-8 11 37
-1 10 38
1 9 39
-2 8 40
5 46 1
-5 45 2
1 44 3
-8 43 4
7 42 5
-6 41 6
3 40 7
8 39 8
-7 38 9
-8 37 10
-7 36 11
-1 35 12
2 34 13
-4 33 14
5 32 15
3 31 16
-1 30 17
6 29 18
8 28 19
-6 27 20
4 26 21
4 25 22
-5 24 23
7 23 24
-7 22 25
-7 21 26
-7 20 27
-5 19 28
-3 18 29
6 17 30
3 16 31
-2 15 32
5 14 33
-7 13 34
3 12 35
4 11 36
-6 10 37
2 9 38
-1 8 39
3 7 40
1 6 41
5 45 1
-8 44 2
-5 43 3
4 42 4
8 41 5
-1 40 6
-7 39 7
4 38 8
5 37 9
-5 36 10
4 35 11
1 34 12
2 33 13
-1 32 14
3 31 15
-3 30 16
6 29 17
-1 28 18
-3 27 19
-2 26 20
-7 25 21
6 24 22
1 23 23
-5 22 24
2 21 25
3 19 27
-8 18 28
-7 17 29
3 15 31
2 14 32
-1 13 33
-3 12 34
-5 11 35
2 10 36
2 9 37
-2 8 38
3 7 39
-7 6 40
-5 5 41
3 4 42
-4 44 1
-4 43 2
-3 42 3
7 41 4
8 40 5
-2 39 6
7 38 7
4 37 8
-7 36 9
4 35 10
7 34 11
5 33 12
8 32 13
5 31 14
-1 30 15
2 29 16
-5 27 18
1 26 19
7 25 20
-8 24 21
7 23 22
-5 22 23
5 21 24
-7 20 25
2 19 26
-2 18 27
-2 17 28
-2 16 29
3 15 30
3 14 31
-2 13 32
8 12 33
-4 11 34
8 10 35
5 9 36
7 8 37
-5 7 38
1 6 39
-2 5 40
7 4 41
3 3 42
5 2 43
1 43 1
8 42 2
-6 41 3
-6 40 4
3 39 5
-2 37 7
-3 36 8
-6 35 9
-8 34 10
-7 33 11
-3 32 12
-2 31 13
-5 30 14
-7 29 15
5 28 16
-3 27 17
-2 26 18
7 25 19
1 24 20
-1 23 21
-1 22 22
7 21 23
-1 20 24
-4 19 25
5 18 26
6 17 27
-2 16 28
6 15 29
-7 13 31
-5 12 32
-3 11 33
4 10 34
2 9 35
1 8 36
1 7 37
1 6 38
-2 5 39
6 4 40
8 3 41
4 2 42
-2 1 43
1 0 44
-1 42 1
-1 40 3
8 39 4
-8 38 5
-2 37 6
1 36 7
-2 35 8
-7 34 9
8 32 11
3 31 12
5 30 13
-4 29 14
-4 28 15
6 27 16
-8 26 17
6 25 18
2 24 19
-1 22 21
-2 21 22
3 20 23
-4 19 24
-4 18 25
-1 17 26
-2 16 27
1 15 28
-5 14 29
-5 13 30
3 12 31
-7 10 33
4 9 34
4 8 35
-6 7 36
-4 6 37
6 4 39
-7 3 40
6 2 41
3 1 42
8 0 43
-8 42 0
5 41 1
-2 40 2
2 38 4
-8 37 5
-6 36 6
3 35 7
1 34 8
2 33 9
-7 32 10
8 31 11
-5 30 12
3 29 13
2 28 14
8 27 15
6 26 16
-7 25 17
6 24 18
-2 23 19
-5 22 20
-6 21 21
7 20 22
5 19 23
-2 18 24
8 17 25
7 16 26
-4 15 27
2 14 28
7 13 29
-6 12 30
8 11 31
-2 10 32
-7 9 33
4 8 34
-2 7 35
-1 6 36
8 4 38
4 3 39
2 2 40
-7 0 42
-3 41 0
3 40 1
2 39 2
-4 38 3
6 37 4
-5 36 5
2 35 6
3 34 7
-2 33 8
1 32 9
3 31 10
3 30 11
-8 29 12
-2 28 13
6 27 14
-6 26 15
-6 25 16
4 24 17
-3 23 18
-5 22 19
4 21 20
-8 20 21
-2 19 22
7 18 23
4 17 24
-7 16 25
8 15 26
-7 14 27
-7 13 28
5 12 29
-7 11 30
-7 10 31
7 9 32
-3 8 33
-7 7 34
2 6 35
6 5 36
-3 4 37
6 3 38
1 0 41
4 40 0
-2 39 1
-8 38 2
-8 37 3
-4 36 4
-3 35 5
-1 34 6
7 33 7
-3 32 8
6 31 9
1 30 10
6 29 11
8 27 13
-1 26 14
-5 25 15
7 24 16
8 23 17
-1 22 18
6 21 19
-7 20 20
3 19 21
-5 18 22
2 17 23
6 16 24
4 15 25
-5 14 26
5 13 27
2 12 28
-8 11 29
-4 10 30
3 9 31
-4 7 33
-5 6 34
-4 5 35
4 4 36
6 3 37
-6 2 38
2 1 39
2 0 40
-5 39 0
-1 37 2
-2 36 3
7 35 4
-1 34 5
-4 33 6
8 32 7
-6 31 8
-2 30 9
7 29 10
-3 28 11
3 27 12
3 26 13
-1 25 14
8 24 15
2 23 16
-5 22 17
-4 21 18
1 20 19
6 19 20
5 18 21
1 17 22
-8 16 23
2 15 24
8 14 25
8 13 26
4 12 27
8 11 28
-5 10 29
-7 9 30
8 8 31
-3 6 33
2 4 35
-6 3 36
7 2 37
-3 1 38
-5 0 39
3 38 0
8 36 2
7 35 3
6 34 4
-1 32 6
7 31 7
-4 30 8
-6 29 9
-5 28 10
-3 27 11
-2 26 12
7 25 13
6 24 14
4 23 15
6 22 16
5 21 17
4 20 18
-2 19 19
4 18 20
-3 17 21
-2 16 22
2 15 23
-4 14 24
7 13 25
3 12 26
5 11 27
-5 10 28
-4 9 29
8 8 30
-7 7 31
-3 6 32
3 5 33
-6 4 34
7 3 35
-5 2 36
-1 1 37
-4 0 38
-6 37 0
-6 36 1
6 34 3
5 33 4
-4 32 5
-3 31 6
8 29 8
6 28 9
4 27 10
-6 26 11
-8 25 12
-5 24 13
3 23 14
3 22 15
4 20 17
-4 19 18
-8 18 19
3 17 20
-6 16 21
-2 15 22
-3 14 23
6 13 24
-4 12 25
-8 11 26
6 10 27
-4 9 28
6 7 30
8 6 31
-1 5 32
-2 4 33
3 3 34
3 2 35
-8 0 37
-1 36 0
-8 35 1
8 34 2
5 32 4
4 31 5
3 30 6
5 29 7
5 28 8
-8 27 9
8 26 10
2 25 11
-7 24 12
-8 23 13
3 22 14
5 21 15
-1 20 16
-3 19 17
-4 18 18
2 17 19
8 15 21
-3 14 22
-8 13 23
-2 12 24
8 11 25
-6 10 26
-8 9 27
7 8 28
7 7 29
7 6 30
-5 5 31
-5 4 32
2 3 33
3 2 34
1 1 35
-8 0 36
-5 35 0
-7 34 1
-6 33 2
-5 31 4
1 30 5
-1 29 6
-2 28 7
5 27 8
1 26 9
4 25 10
5 24 11
-8 23 12
1 22 13
1 21 14
5 20 15
-5 19 16
4 18 17
4 17 18
-7 16 19
8 15 20
-8 14 21
-3 13 22
5 12 23
-1 11 24
-8 10 25
-4 9 26
7 8 27
-4 7 28
-7 6 29
1 5 30
7 4 31
7 3 32
-6 2 33
8 1 34
-2 0 35
-4 34 0
-2 33 1
8 32 2
2 31 3
1 30 4
4 29 5
-8 28 6
3 27 7
2 26 8
-5 25 9
-8 24 10
-6 23 11
-7 22 12
2 21 13
8 20 14
4 19 15
6 18 16
-2 17 17
6 16 18
7 15 19
6 14 20
-2 12 22
4 11 23
-6 10 24
-6 9 25
2 8 26
1 7 27
5 6 28
-3 5 29
-4 4 30
5 3 31
-6 2 32
4 1 33
1 0 34
6 32 1
6 31 2
-3 30 3
7 29 4
-3 28 5
6 27 6
5 26 7
8 25 8
2 24 9
-5 23 10
7 22 11
5 21 12
-7 20 13
4 19 14
-2 18 15
4 16 17
4 15 18
-8 14 19
5 13 20
3 12 21
1 11 22
1 10 23
4 9 24
4 8 25
5 7 26
7 6 27
2 5 28
-4 4 29
-4 3 30
-8 2 31
6 1 32
4 0 33
5 31 1
8 30 2
1 29 3
-5 28 4
3 27 5
2 26 6
-6 25 7
-5 24 8
-5 23 9
-8 22 10
1 21 11
-3 19 13
8 18 14
-1 17 15
-7 16 16
-8 15 17
-4 14 18
3 13 19
7 12 20
-2 11 21
-6 10 22
-5 9 23
-1 8 24
6 7 25
-1 6 26
-5 5 27
-6 4 28
5 3 29
-8 2 30
1 1 31
7 0 32
6 30 1
5 29 2
6 28 3
-1 27 4
-3 26 5
-7 25 6
5 24 7
-3 23 8
-8 22 9
1 21 10
-4 20 11
-8 19 12
4 18 13
7 17 14
7 16 15
-8 15 16
2 14 17
2 13 18
-1 12 19
-6 11 20
1 10 21
-7 9 22
5 8 23
-2 7 24
2 5 26
3 4 27
-8 3 28
-1 2 29
-4 1 30
-7 0 31
-7 29 1
5 28 2
8 27 3
-1 25 5
-5 24 6
8 23 7
8 22 8
1 21 9
6 20 10
7 19 11
-6 18 12
2 17 13
3 16 14
1 15 15
-3 13 17
-8 12 18
4 11 19
6 10 20
-3 9 21
-7 8 22
6 7 23
7 6 24
-5 5 25
-7 4 26
-1 2 28
-2 1 29
7 0 30
-4 27 2
-3 26 3
-5 25 4
6 24 5
3 23 6
7 22 7
2 21 8
4 20 9
8 18 11
3 17 12
4 16 13
-6 15 14
2 14 15
-4 13 16
-1 12 17
-4 11 18
3 10 19
-2 9 20
7 8 21
-5 7 22
7 6 23
-7 5 24
-6 4 25
-4 3 26
-2 2 27
4 1 28
-3 0 29
1 27 1
-1 26 2
6 25 3
-1 24 4
-1 23 5
-3 21 7
-2 20 8
-5 19 9
2 18 10
-2 17 11
-5 16 12
-1 15 13
-7 14 14
-4 13 15
5 12 16
-5 11 17
-3 10 18
-2 8 20
-4 7 21
2 6 22
7 5 23
1 4 24
5 3 25
-5 2 26
-5 1 27
-3 0 28
3 26 1
-3 25 2
-3 24 3
6 23 4
1 22 5
-7 21 6
-7 19 8
-2 18 9
3 17 10
-4 16 11
2 15 12
8 14 13
-4 12 15
-3 11 16
-4 10 17
-4 9 18
-8 8 19
6 7 20
4 6 21
4 5 22
-5 4 23
-7 3 24
5 2 25
4 1 26
1 0 27
7 25 1
-1 23 3
-8 22 4
3 21 5
-7 20 6
-5 19 7
2 18 8
6 17 9
5 16 10
-3 15 11
4 14 12
7 13 13
-4 12 14
-2 11 15
7 10 16
6 9 17
2 8 18
-1 7 19
-3 6 20
-2 5 21
-1 4 22
8 3 23
-8 2 24
-7 1 25
6 0 26
-3 24 1
-1 23 2
-6 22 3
8 21 4
-5 20 5
4 19 6
-8 18 7
1 17 8
-1 16 9
8 15 10
1 14 11
-1 13 12
1 12 13
1 11 14
1 10 15
4 9 16
-5 8 17
-6 6 19
1 5 20
1 4 21
-4 3 22
2 2 23
3 1 24
-5 0 25
3 23 1
2 22 2
-2 20 4
3 19 5
6 18 6
7 17 7
7 16 8
8 15 9
6 14 10
-2 13 11
-4 12 12
-3 11 13
4 9 15
-5 8 16
-4 7 17
2 6 18
2 5 19
-5 4 20
-2 3 21
8 2 22
8 1 23
-6 0 24
7 22 1
-6 21 2
1 20 3
-4 19 4
1 18 5
-7 17 6
4 16 7
4 15 8
3 14 9
-3 12 11
1 11 12
4 10 13
-4 9 14
-8 8 15
7 7 16
5 6 17
-6 5 18
6 4 19
1 3 20
-7 2 21
1 0 23
5 21 1
-6 20 2
-4 19 3
8 17 5
-3 16 6
-5 14 8
7 12 10
7 11 11
5 10 12
-6 9 13
5 8 14
2 6 16
2 5 17
-3 4 18
-5 3 19
-1 2 20
2 1 21
-4 0 22
-8 20 1
2 19 2
5 18 3
8 17 4
-4 16 5
-3 15 6
3 14 7
-3 13 8
-2 12 9
-1 11 10
-8 10 11
6 9 12
-3 8 13
6 7 14
-8 6 15
-5 5 16
4 4 17
-8 3 18
7 2 19
-2 1 20
-2 0 21
-7 19 1
-4 18 2
6 17 3
-5 16 4
-1 15 5
7 14 6
6 13 7
-6 12 8
4 11 9
5 10 10
4 9 11
-8 8 12
-3 7 13
1 6 14
-5 5 15
-2 4 16
-3 3 17
-7 2 18
-3 1 19
-7 0 20
4 18 1
5 17 2
-6 16 3
-3 15 4
5 14 5
-6 13 6
1 12 7
-8 11 8
-8 10 9
3 9 10
-6 8 11
-4 7 12
8 6 13
-8 5 14
-8 4 15
3 3 16
-5 2 17
6 1 18
8 0 19
-5 17 1
-8 16 2
-8 15 3
1 14 4
-2 13 5
6 12 6
-4 11 7
-5 10 8
2 9 9
3 8 10
-5 7 11
-2 6 12
-8 5 13
-8 3 15
4 2 16
-7 1 17
2 0 18
-4 16 1
-2 15 2
2 14 3
4 13 4
-8 12 5
1 11 6
-4 10 7
5 9 8
-7 8 9
-8 7 10
-5 6 11
-1 5 12
3 4 13
-5 3 14
-4 2 15
-5 1 16
-3 0 17
5 15 1
8 14 2
3 13 3
6 12 4
5 11 5
-1 10 6
-4 9 7
5 8 8
-1 7 9
2 6 10
4 5 11
4 4 12
-3 3 13
-1 2 14
7 1 15
-6 0 16
1 14 1
-5 13 2
-5 12 3
-7 10 5
2 9 6
5 7 8
-4 5 10
3 4 11
-3 3 12
-2 2 13
-6 1 14
1 0 15
-7 13 1
-2 12 2
8 11 3
-7 10 4
-2 8 6
7 7 7
3 6 8
2 5 9
-7 4 10
-8 3 11
8 2 12
-5 1 13
-5 0 14
-7 12 1
2 11 2
1 9 4
-1 8 5
-5 7 6
-2 6 7
7 5 8
3 4 9
6 3 10
-7 2 11
-7 1 12
-5 0 13
2 11 1
-1 10 2
-7 9 3
-3 8 4
5 7 5
-5 6 6
4 4 8
-3 3 9
-8 2 10
-3 1 11
-6 0 12
5 10 1
3 9 2
-2 8 3
-7 7 4
6 6 5
4 5 6
5 4 7
1 3 8
-5 1 10
1 0 11
-3 9 1
-7 8 2
2 7 3
3 6 4
6 5 5
6 4 6
4 3 7
4 2 8
-8 1 9
-4 0 10
4 8 1
-8 7 2
4 6 3
-3 5 4
4 4 5
-7 3 6
-6 2 7
8 1 8
4 0 9
7 8 0
2 7 1
6 6 2
6 5 3
2 4 4
4 3 5
1 2 6
-8 7 0
-2 6 1
-2 5 2
5 4 3
5 3 4
-2 2 5
-6 1 6
5 6 0
1 5 1
6 4 2
-1 3 3
2 2 4
-7 0 6
-2 5 0
5 4 1
8 3 2
-6 2 3
4 1 4
1 0 5
8 4 0
7 3 1
-6 2 2
-6 1 3
1 3 0
5 2 1
8 1 2
-8 0 3
3 2 0
-6 1 1
-1 0 2
-2 1 0
-3 0 1
-5 0 0
END
POLY M3_2
-6 52 2
-5 51 3
2 50 4
8 49 5
-7 48 6
1 47 7
-3 46 8
5 45 9
8 44 10
-4 43 11
-4 42 12
-6 41 13
3 40 14
2 39 15
6 38 16
-3 37 17
3 36 18
-3 35 19
1 34 20
-6 33 21
7 32 22
-4 31 23
-3 30 24
5 29 25
-8 28 26
3 27 27
2 26 28
5 25 29
4 24 30
8 23 31
2 22 32
-7 21 33
-1 52 1
-5 51 2
5 50 3
2 49 4
-6 48 5
-5 47 6
-2 46 7
6 45 8
5 44 9
-5 43 10
-4 42 11
-7 41 12
-1 40 13
-7 39 14
7 38 15
-7 37 16
-2 36 17
-8 35 18
-4 34 19
5 33 20
5 32 21
5 31 22
8 30 23
2 29 24
6 28 25
-6 27 26
5 26 27
2 25 28
2 24 29
-2 22 31
3 21 32
5 20 33
-4 19 34
-2 18 35
-3 51 1
3 50 2
-6 49 3
4 48 4
4 47 5
5 46 6
7 45 7
-3 44 8
3 43 9
-1 42 10
1 41 11
-8 40 12
5 39 13
6 38 14
-1 36 16
-1 35 17
-5 34 18
4 33 19
7 32 20
5 31 21
4 29 23
-3 28 24
7 27 25
5 26 26
2 25 27
8 24 28
5 23 29
-1 22 30
4 21 31
2 20 32
5 19 33
-7 18 34
-7 50 1
-4 49 2
-6 48 3
-2 47 4
-2 46 5
-7 45 6
-1 44 7
-1 43 8
5 42 9
-2 41 10
6 40 11
-4 39 12
-2 38 13
2 36 15
-1 35 16
2 34 17
-5 33 18
-7 32 19
1 31 20
1 30 21
6 29 22
-6 28 23
-1 27 24
7 26 25
4 25 26
7 24 27
6 23 28
-5 22 29
-1 21 30
2 20 31
5 19 32
-8 18 33
2 17 34
-2 16 35
-5 15 36
-2 14 37
-7 49 1
1 48 2
-2 47 3
1 46 4
-5 45 5
-7 44 6
8 43 7
5 42 8
-6 41 9
-1 40 10
-7 39 11
7 38 12
-4 36 14
-4 35 15
-8 34 16
-1 32 18
-4 31 19
-3 30 20
5 29 21
-8 28 22
1 27 23
-7 26 24
-6 25 25
-8 24 26
5 23 27
-8 22 28
-3 21 29
5 20 30
3 19 31
-7 18 32
-3 17 33
7 16 34
7 15 35
-2 14 36
3 12 38
-1 48 1
3 47 2
5 46 3
-7 45 4
-2 44 5
-5 43 6
4 42 7
-6 41 8
7 40 9
-6 39 10
8 38 11
-7 37 12
1 36 13
3 35 14
-8 34 15
-8 33 16
-5 32 17
-5 31 18
4 30 19
-1 29 20
7 27 22
-1 26 23
-6 25 24
-1 24 25
-3 23 26
6 22 27
7 21 28
5 20 29
7 19 30
-7 18 31
8 17 32
-8 16 33
5 15 34
7 14 35
-1 13 36
-4 12 37
-2 11 38
5 10 39
-6 47 1
1 46 2
-4 45 3
-2 44 4
1 43 5
3 42 6
-2 41 7
-8 39 9
-6 38 10
-1 37 11
-5 36 12
2 35 13
4 34 14
3 33 15
7 32 16
6 31 17
-4 30 18
-2 29 19
7 28 20
-5 27 21
-8 26 22
-8 24 24
-7 22 26
-8 21 27
-6 20 28
-5 19 29
-3 18 30
-7 17 31
-5 16 32
-4 15 33
8 14 34
6 13 35
-2 12 36
3 11 37
-2 10 38
2 9 39
-8 8 40
8 46 1
-3 45 2
-2 44 3
-1 43 4
6 42 5
-8 41 6
6 40 7
7 39 8
-6 38 9
8 37 10
5 36 11
1 35 12
-7 34 13
6 32 15
-5 31 16
-6 30 17
5 29 18
4 28 19
-5 27 20
4 26 21
-7 24 23
-3 23 24
-1 22 25
7 21 26
-3 20 27
2 19 28
7 18 29
8 17 30
3 16 31
-1 15 32
1 13 34
2 12 35
-8 11 36
-3 10 37
2 9 38
-3 8 39
4 7 40
-5 6 41
-8 45 1
-8 44 2
5 43 3
-5 42 4
7 41 5
4 40 6
4 38 8
-3 37 9
-8 36 10
-4 35 11
-6 34 12
-6 33 13
-2 32 14
8 30 16
-5 29 17
-4 28 18
-4 27 19
-8 26 20
-6 25 21
-6 24 22
3 23 23
-6 22 24
-4 21 25
-8 20 26
1 19 27
-6 18 28
7 17 29
3 16 30
-3 15 31
7 14 32
8 13 33
7 12 34
-1 11 35
4 10 36
5 9 37
8 8 38
6 7 39
-1 6 40
-1 4 42
-8 44 1
-8 43 2
-3 42 3
7 41 4
5 40 5
-2 39 6
-7 38 7
8 37 8
-6 36 9
-6 35 10
-1 34 11
1 33 12
-3 32 13
1 31 14
-6 30 15
2 29 16
-3 28 17
4 27 18
5 26 19
-2 25 20
1 24 21
4 22 23
-2 21 24
-6 20 25
-8 19 26
-4 17 28
5 16 29
-1 15 30
7 14 31
-3 13 32
-3 12 33
2 11 34
5 10 35
3 8 37
-8 7 38
6 6 39
-3 5 40
-3 4 41
-8 3 42
3 2 43
6 43 1
-5 41 3
-5 40 4
8 39 5
4 38 6
-6 37 7
6 36 8
8 34 10
1 33 11
4 32 12
-6 31 13
6 30 14
4 28 16
4 27 17
7 26 18
1 25 19
2 24 20
6 23 21
6 22 22
-1 20 24
-5 19 25
8 18 26
-1 17 27
2 16 28
3 15 29
7 14 30
1 12 32
8 11 33
8 10 34
-6 9 35
-5 8 36
-1 7 37
-6 6 38
7 5 39
2 4 40
3 2 42
8 1 43
3 0 44
6 42 1
-3 41 2
-8 40 3
4 39 4
4 38 5
-7 36 7
7 35 8
-4 34 9
-5 33 10
-8 32 11
4 31 12
4 30 13
-5 29 14
-4 27 16
-3 26 17
1 25 18
2 24 19
-8 23 20
-4 22 21
5 21 22
1 20 23
6 19 24
-5 18 25
7 17 26
5 16 27
5 15 28
8 14 29
2 13 30
4 12 31
6 11 32
1 10 33
-7 9 34
-5 8 35
-4 7 36
4 6 37
7 5 38
-5 4 39
3 3 40
-5 2 41
2 1 42
2 0 43
4 42 0
2 41 1
-3 40 2
5 39 3
-3 38 4
5 37 5
-6 36 6
-6 35 7
1 34 8
6 33 9
3 32 10
-5 31 11
8 30 12
-7 29 13
5 28 14
-2 27 15
-2 26 16
4 25 17
-7 24 18
3 23 19
-3 22 20
7 21 21
-5 20 22
-6 19 23
-8 17 25
-1 16 26
7 15 27
-3 14 28
4 13 29
4 12 30
2 11 31
4 10 32
8 9 33
5 8 34
-2 7 35
-1 6 36
4 5 37
-7 4 38
8 1 41
-7 0 42
-8 41 0
-3 40 1
-1 39 2
5 37 4
-2 36 5
-1 35 6
4 34 7
-6 33 8
-6 32 9
-2 31 10
4 30 11
7 29 12
3 28 13
2 27 14
-1 26 15
2 24 17
4 23 18
-3 21 20
6 20 21
-2 19 22
7 18 23
-4 17 24
-3 15 26
-1 14 27
7 13 28
-8 12 29
8 11 30
-2 10 31
7 9 32
5 8 33
-4 7 34
1 6 35
4 5 36
7 4 37
6 3 38
-8 2 39
3 1 40
7 0 41
7 40 0
1 39 1
6 38 2
-4 37 3
1 36 4
-7 35 5
-8 34 6
-4 33 7
-5 32 8
7 31 9
1 30 10
-4 29 11
7 28 12
-7 27 13
2 26 14
-4 25 15
2 24 16
-1 23 17
5 22 18
-1 21 19
-8 20 20
-8 19 21
8 18 22
3 17 23
-5 16 24
-4 15 25
-4 14 26
-7 13 27
-5 12 28
2 11 29
-8 10 30
6 9 31
1 8 32
-3 7 33
-2 6 34
-4 5 35
-8 4 36
7 3 37
1 2 38
5 1 39
-5 0 40
4 39 0
-7 38 1
-1 37 2
7 36 3
6 35 4
-1 34 5
-1 33 6
8 32 7
8 31 8
-1 30 9
2 29 10
3 28 11
-2 27 12
-6 26 13
7 25 14
5 23 16
7 22 17
1 21 18
1 20 19
-4 19 20
2 18 21
7 17 22
4 15 24
1 14 25
4 13 26
6 12 27
-2 11 28
6 10 29
7 9 30
-1 8 31
4 7 32
3 6 33
2 5 34
-6 4 35
-1 3 36
4 2 37
6 1 38
8 0 39
4 38 0
-4 37 1
8 36 2
-2 35 3
7 33 5
-4 32 6
-7 31 7
6 30 8
-2 29 9
-7 28 10
-4 27 11
4 26 12
-7 25 13
-2 24 14
-7 23 15
-7 22 16
6 21 17
8 20 18
-4 19 19
5 18 20
8 17 21
1 16 22
5 15 23
4 14 24
2 13 25
-1 12 26
-6 11 27
-1 10 28
8 9 29
-7 8 30
-6 7 31
-1 5 33
-8 4 34
4 3 35
4 2 36
-4 1 37
-7 0 38
4 37 0
-4 36 1
-3 35 2
5 34 3
4 33 4
-7 32 5
-2 31 6
-5 30 7
-3 29 8
4 28 9
-8 27 10
-2 26 11
-3 25 12
-1 24 13
-4 23 14
7 22 15
-6 21 16
1 20 17
8 19 18
7 18 19
-2 17 20
2 16 21
-5 15 22
-3 14 23
-8 13 24
2 11 26
5 10 27
-5 9 28
-6 8 29
-5 7 30
-4 6 31
2 5 32
-6 4 33
-1 2 35
7 1 36
-5 0 37
4 36 0
-6 35 1
-1 34 2
-1 33 3
-2 32 4
-3 31 5
6 30 6
1 29 7
3 28 8
-3 27 9
-1 26 10
7 25 11
-3 24 12
-4 23 13
4 22 14
5 21 15
-2 20 16
8 19 17
5 18 18
8 17 19
-6 16 20
-7 15 21
8 14 22
-2 13 23
4 12 24
6 11 25
-6 10 26
4 9 27
5 8 28
5 7 29
-7 6 30
3 4 32
-3 3 33
6 2 34
3 1 35
1 35 0
2 34 1
-4 33 2
-4 32 3
-2 31 4
4 30 5
-1 29 6
-5 28 7
1 27 8
-2 26 9
2 25 10
-3 24 11
-6 23 12
1 22 13
4 21 14
7 20 15
3 19 16
2 18 17
8 17 18
-3 16 19
1 15 20
7 14 21
5 13 22
7 12 23
6 11 24
-2 10 25
-1 9 26
4 8 27
-4 7 28
7 6 29
-2 5 30
7 4 31
-2 3 32
-6 2 33
8 1 34
-2 0 35
-4 34 0
-7 33 1
4 32 2
1 31 3
-3 30 4
8 29 5
-3 28 6
7 27 7
-5 26 8
3 25 9
7 24 10
-4 23 11
2 22 12
3 21 13
8 20 14
8 19 15
-2 17 17
7 16 18
-8 15 19
7 14 20
-3 13 21
6 12 22
8 11 23
-5 9 25
3 8 26
-4 7 27
-8 6 28
5 5 29
3 4 30
8 3 31
-4 2 32
-2 1 33
-8 0 34
-5 32 1
-6 31 2
-5 30 3
2 29 4
-3 28 5
8 27 6
6 26 7
6 25 8
-4 24 9
-6 23 10
5 22 11
3 21 12
-5 20 13
8 19 14
8 18 15
-5 17 16
-1 16 17
-1 15 18
-7 14 19
-6 13 20
-6 12 21
4 11 22
-5 10 23
2 8 25
4 7 26
8 6 27
2 5 28
4 4 29
-2 3 30
4 2 31
-5 1 32
4 0 33
-8 31 1
2 30 2
7 29 3
-2 28 4
2 27 5
-2 26 6
1 25 7
-1 24 8
4 23 9
4 22 10
5 21 11
-5 20 12
7 19 13
-7 18 14
8 17 15
-6 16 16
-2 15 17
-6 13 19
8 12 20
2 11 21
-4 10 22
1 9 23
6 7 25
2 6 26
3 5 27
-5 4 28
-5 3 29
1 2 30
5 1 31
-1 0 32
-2 30 1
2 29 2
5 28 3
-8 27 4
2 26 5
-7 24 7
4 23 8
6 22 9
6 21 10
6 20 11
2 19 12
-3 18 13
4 17 14
-4 16 15
3 15 16
2 14 17
-8 13 18
1 12 19
-3 11 20
2 10 21
-7 9 22
8 8 23
4 7 24
6 6 25
-6 5 26
7 4 27
7 3 28
-4 2 29
4 1 30
-5 0 31
7 29 1
2 28 2
5 27 3
-8 26 4
-3 25 5
-2 24 6
-7 23 7
-4 22 8
8 21 9
2 20 10
-2 19 11
1 17 13
7 16 14
-2 15 15
-8 14 16
-4 12 18
4 11 19
-8 10 20
6 9 21
-7 8 22
1 7 23
3 6 24
5 5 25
8 4 26
-4 3 27
-5 2 28
2 1 29
1 0 30
-2 28 1
-3 27 2
1 26 3
-1 25 4
8 24 5
-4 23 6
-2 22 7
-4 21 8
5 20 9
3 19 10
7 18 11
3 17 12
-8 16 13
6 15 14
2 14 15
6 13 16
6 12 17
2 11 18
1 10 19
4 9 20
-7 8 21
5 7 22
5 6 23
2 5 24
-4 4 25
-1 3 26
7 2 27
7 0 29
5 27 1
3 26 2
8 25 3
6 24 4
-5 23 5
5 22 6
-7 21 7
3 20 8
-8 19 9
1 18 10
8 17 11
-5 16 12
4 15 13
-1 14 14
6 13 15
2 12 16
-7 11 17
-5 10 18
4 9 19
-5 8 20
4 7 21
2 6 22
5 4 24
-2 3 25
-4 2 26
1 1 27
-4 0 28
-3 26 1
-3 25 2
8 24 3
-8 23 4
3 22 5
-6 21 6
-8 19 8
-4 18 9
-6 17 10
-1 16 11
8 15 12
-1 14 13
1 13 14
4 12 15
-8 11 16
-4 10 17
3 9 18
-2 8 19
-7 7 20
-6 5 22
1 4 23
-1 3 24
-2 2 25
4 1 26
-3 0 27
-5 25 1
7 24 2
-1 23 3
-7 22 4
-6 21 5
8 20 6
1 19 7
-3 18 8
-6 17 9
1 16 10
-6 13 13
-5 12 14
3 11 15
4 10 16
1 9 17
3 8 18
-4 7 19
5 6 20
-8 5 21
-3 4 22
6 3 23
5 2 24
2 1 25
3 0 26
6 24 1
-7 23 2
-5 22 3
-1 21 4
-6 20 5
-8 19 6
7 18 7
-2 17 8
7 16 9
4 15 10
-8 14 11
-6 13 12
6 12 13
4 11 14
2 10 15
4 9 16
-1 8 17
3 7 18
3 6 19
-8 5 20
-7 4 21
3 3 22
-8 2 23
4 1 24
8 0 25
-5 23 1
8 22 2
-6 21 3
5 20 4
5 19 5
4 18 6
-1 17 7
-6 16 8
-3 15 9
-4 14 10
-5 13 11
-2 12 12
-8 11 13
7 10 14
-4 9 15
5 7 17
-4 6 18
8 5 19
-8 4 20
3 3 21
-1 2 22
2 1 23
-6 0 24
3 22 1
4 21 2
-8 20 3
7 19 4
7 18 5
-5 17 6
-3 16 7
-8 15 8
-1 14 9
-8 13 10
7 12 11
-6 11 12
5 10 13
2 9 14
7 8 15
2 7 16
4 6 17
3 5 18
6 4 19
-2 3 20
-3 2 21
4 1 22
-7 0 23
1 21 1
-6 20 2
-1 19 3
-7 18 4
8 17 5
-4 16 6
-7 15 7
3 14 8
2 13 9
3 12 10
-6 11 11
-4 10 12
5 9 13
8 8 14
2 7 15
3 6 16
1 5 17
-7 4 18
-4 3 19
-8 2 20
2 1 21
1 0 22
-2 19 2
-4 18 3
6 17 4
3 16 5
-2 15 6
2 14 7
1 13 8
-2 12 9
1 11 10
-6 10 11
-8 9 12
2 7 14
3 6 15
-3 5 16
2 4 17
7 3 18
4 2 19
8 1 20
1 0 21
8 19 1
-6 18 2
7 17 3
-6 16 4
-5 15 5
3 14 6
3 13 7
8 12 8
-8 11 9
-4 10 10
-2 9 11
-6 8 12
-8 7 13
-8 6 14
-2 5 15
-5 4 16
-4 3 17
1 2 18
-7 0 20
3 18 1
-7 17 2
8 16 3
1 15 4
4 14 5
-1 13 6
5 12 7
2 11 8
8 10 9
2 9 10
7 8 11
3 7 12
7 6 13
-4 5 14
5 4 15
-7 3 16
1 2 17
-1 1 18
-2 0 19
5 17 1
-2 16 2
4 15 3
-6 14 4
6 13 5
-4 12 6
-1 11 7
8 10 8
7 9 9
5 8 10
-8 7 11
4 6 12
-1 5 13
-8 4 14
-3 1 17
-4 0 18
2 16 1
-8 15 2
7 14 3
-4 13 4
-4 12 5
-5 11 6
-3 10 7
8 9 8
4 8 9
1 7 10
-6 6 11
6 5 12
2 4 13
-2 3 14
-1 2 15
2 1 16
7 0 17
2 15 1
-3 13 3
-7 12 4
2 11 5
3 10 6
7 9 7
2 8 8
3 7 9
1 6 10
-1 5 11
-2 4 12
5 3 13
-8 2 14
4 1 15
-5 0 16
3 14 1
-2 13 2
8 12 3
-7 11 4
1 10 5
6 9 6
1 8 7
-6 7 8
5 6 9
5 5 10
-7 4 11
-2 3 12
-8 2 13
6 1 14
7 0 15
4 13 1
-5 12 2
4 11 3
-7 10 4
8 9 5
-7 8 6
-3 7 7
2 6 8
-1 5 9
2 4 10
-2 3 11
1 2 12
2 1 13
-8 0 14
-2 12 1
4 11 2
-5 10 3
2 9 4
-4 8 5
5 7 6
-7 6 7
-7 5 8
4 4 9
-5 3 10
4 2 11
7 1 12
3 0 13
-4 11 1
5 10 2
-2 9 3
1 8 4
-2 7 5
1 6 6
1 5 7
1 4 8
-8 3 9
4 2 10
2 1 11
-2 0 12
5 10 1
-3 9 2
4 8 3
5 7 4
-8 6 5
-3 5 6
2 4 7
-5 3 8
-4 1 10
1 0 11
7 9 1
-4 8 2
-3 7 3
1 6 4
3 5 5
-7 4 6
-3 3 7
8 2 8
8 1 9
-2 0 10
-7 8 1
-4 7 2
4 6 3
8 5 4
-2 4 5
5 3 6
-2 2 7
6 1 8
5 0 9
5 8 0
-8 7 1
6 5 3
-3 4 4
4 3 5
4 2 6
-6 1 7
5 0 8
7 7 0
-2 6 1
4 5 2
5 4 3
8 3 4
-7 2 5
6 1 6
2 0 7
-4 6 0
-1 4 2
6 3 3
-4 2 4
-5 1 5
5 0 6
5 5 0
7 4 1
7 3 2
6 2 3
3 1 4
-7 0 5
5 4 0
1 3 1
-8 1 3
1 0 4
5 3 0
-2 2 1
-6 1 2
7 0 3
5 2 0
5 1 1
1 0 2
-3 1 0
7 0 1
-5 0 0
END
POLY M3_3
-8 55 2
-5 54 3
-7 53 4
-4 52 5
1 51 6
2 50 7
-3 49 8
5 48 9
1 47 10
-5 46 11
-5 45 12
-3 44 13
8 43 14
3 42 15
-1 41 16
-7 40 17
-4 38 19
-2 37 20
6 36 21
-3 35 22
-3 34 23
5 33 24
-3 32 25
1 31 26
-1 30 27
-3 29 28
1 28 29
-2 27 30
-2 26 31
7 25 32
8 24 33
8 23 34
-2 22 35
-4 21 36
-5 20 37
-7 55 1
3 54 2
-8 53 3
3 52 4
4 51 5
-5 50 6
-2 49 7
7 48 8
7 47 9
-4 46 10
4 45 11
5 44 12
7 43 13
-3 42 14
-1 41 15
2 38 18
6 37 19
6 36 20
7 35 21
3 34 22
-4 32 24
-4 31 25
-4 30 26
7 29 27
-7 28 28
-2 27 29
3 26 30
-2 25 31
-8 24 32
-3 23 33
-6 21 35
-6 20 36
7 19 37
-2 18 38
4 54 1
8 53 2
-7 52 3
-2 51 4
2 50 5
2 49 6
8 48 7
-8 47 8
-1 46 9
6 45 10
-2 44 11
6 43 12
-4 42 13
4 41 14
-1 40 15
-3 39 16
8 38 17
2 37 18
4 36 19
5 35 20
-5 34 21
1 33 22
4 32 23
6 31 24
1 30 25
4 29 26
3 28 27
-6 27 28
2 26 29
-2 25 30
-7 24 31
-7 23 32
3 22 33
5 21 34
-8 20 35
-3 19 36
-6 18 37
4 53 1
4 51 3
1 50 4
-8 49 5
3 48 6
3 46 8
-2 45 9
1 44 10
3 43 11
1 42 12
-3 41 13
6 40 14
8 39 15
-7 38 16
-1 37 17
2 36 18
2 35 19
6 34 20
3 33 21
1 32 22
7 31 23
8 30 24
-1 29 25
5 28 26
-3 27 27
1 25 29
5 24 30
-8 22 32
-7 21 33
1 20 34
3 19 35
7 18 36
3 17 37
-2 16 38
-6 15 39
2 14 40
-7 52 1
-1 51 2
6 50 3
-3 49 4
7 48 5
-7 47 6
-4 46 7
6 45 8
-5 44 9
-7 43 10
-1 42 11
-2 41 12
-2 40 13
2 39 14
8 38 15
-4 37 16
3 36 17
-6 35 18
-2 33 20
-1 32 21
3 31 22
4 29 24
5 28 25
1 27 26
-5 26 27
-6 25 28
5 24 29
-6 23 30
-5 22 31
2 21 32
-7 20 33
-4 19 34
2 17 36
-6 16 37
1 15 38
2 14 39
-5 13 40
5 12 41
-4 51 1
-1 50 2
-8 49 3
6 47 5
2 46 6
-4 45 7
-7 44 8
-3 43 9
8 42 10
2 41 11
2 40 12
-2 39 13
-3 38 14
5 37 15
3 36 16
4 34 18
6 33 19
8 32 20
4 31 21
7 30 22
3 29 23
-4 28 24
-7 27 25
-4 26 26
-8 25 27
4 24 28
8 23 29
-5 22 30
-3 21 31
5 20 32
1 18 34
-1 17 35
8 16 36
-3 15 37
-2 13 39
1 12 40
1 11 41
2 10 42
2 49 2
6 48 3
1 47 4
3 46 5
1 45 6
4 44 7
-4 43 8
-1 42 9
3 41 10
-8 40 11
5 39 12
4 38 13
5 37 14
-8 36 15
-5 35 16
-5 34 17
-1 33 18
-7 32 19
-4 31 20
-7 30 21
-8 29 22
8 28 23
-7 27 24
5 26 25
7 25 26
5 23 28
4 22 29
3 21 30
-2 20 31
-8 19 32
8 18 33
7 16 35
5 15 36
-3 14 37
8 13 38
-6 12 39
3 11 40
-3 10 41
6 9 42
4 8 43
8 49 1
-4 48 2
-5 47 3
3 46 4
1 45 5
4 44 6
3 43 7
7 42 8
-3 41 9
4 40 10
7 39 11
1 38 12
6 37 13
-5 36 14
-3 35 15
-4 34 16
-3 32 18
-4 31 19
1 29 21
-1 28 22
-8 27 23
4 26 24
8 25 25
8 23 27
5 22 28
-3 21 29
1 20 30
8 19 31
3 18 32
5 17 33
-8 16 34
6 15 35
7 14 36
1 13 37
5 12 38
3 11 39
-2 10 40
-3 9 41
-7 8 42
8 7 43
-1 6 44
-8 48 1
-8 47 2
4 46 3
-4 45 4
7 44 5
5 43 6
-5 41 8
-5 40 9
-2 39 10
2 38 11
6 37 12
1 36 13
1 35 14
-2 34 15
4 33 16
6 32 17
3 31 18
-5 30 19
-8 29 20
-8 28 21
-6 27 22
-8 26 23
8 25 24
-1 24 25
1 23 26
3 22 27
-8 21 28
3 20 29
-1 19 30
-4 18 31
-6 17 32
8 16 33
-2 15 34
-4 14 35
4 13 36
-6 12 37
-8 11 38
-1 10 39
6 9 40
2 8 41
-3 7 42
8 6 43
-3 5 44
7 4 45
5 47 1
3 45 3
8 44 4
-7 43 5
-3 42 6
2 41 7
-7 40 8
7 39 9
-4 38 10
-6 37 11
-5 36 12
5 35 13
5 34 14
-8 33 15
-3 31 17
2 30 18
1 29 19
-3 28 20
-8 27 21
2 26 22
7 25 23
7 24 24
-8 23 25
3 22 26
4 21 27
-5 20 28
1 19 29
7 17 31
-1 16 32
-4 15 33
-1 14 34
2 13 35
7 12 36
-5 11 37
7 10 38
3 9 39
-1 7 41
4 6 42
-7 5 43
-1 4 44
-7 3 45
-1 2 46
1 46 1
-7 44 3
-8 43 4
3 42 5
3 41 6
-7 40 7
6 38 9
1 37 10
7 36 11
8 35 12
6 34 13
-6 33 14
2 32 15
4 31 16
6 30 17
-1 29 18
3 28 19
6 26 21
3 25 22
3 24 23
-5 23 24
3 22 25
-7 21 26
-7 20 27
-4 19 28
1 18 29
-1 16 31
-2 15 32
-8 14 33
-4 13 34
6 12 35
5 11 36
2 10 37
3 9 38
-7 8 39
-2 7 40
7 6 41
-3 5 42
-7 4 43
3 3 44
5 2 45
-1 1 46
2 0 47
4 45 1
5 44 2
7 43 3
5 42 4
-1 41 5
-8 40 6
2 39 7
-2 38 8
5 37 9
8 36 10
-1 35 11
-7 34 12
8 33 13
7 32 14
-6 31 15
-3 30 16
-1 29 17
5 28 18
-2 27 19
4 26 20
-5 25 21
5 24 22
2 23 23
1 22 24
5 21 25
5 20 26
-2 19 27
-5 18 28
7 17 29
-4 16 30
-2 15 31
8 14 32
5 13 33
4 12 34
7 11 35
-7 10 36
-5 9 37
6 8 38
6 7 39
-3 6 40
-5 5 41
1 4 42
-1 3 43
3 2 44
6 1 45
3 0 46
-6 45 0
7 44 1
-8 43 2
4 41 4
-6 40 5
-4 39 6
8 38 7
-7 36 9
7 35 10
8 34 11
-7 33 12
7 32 13
8 31 14
-7 30 15
1 29 16
-8 28 17
1 27 18
3 26 19
1 25 20
-2 24 21
-4 23 22
-6 22 23
1 21 24
8 20 25
-3 19 26
-8 18 27
-7 17 28
-4 16 29
5 15 30
-2 14 31
1 13 32
-5 12 33
-8 11 34
4 9 36
-5 8 37
4 7 38
7 6 39
-2 5 40
-6 4 41
4 3 42
4 2 43
-3 1 44
6 0 45
-8 44 0
7 43 1
-4 42 2
-5 41 3
7 40 4
1 39 5
2 37 7
-8 35 9
-5 34 10
4 33 11
-3 32 12
-6 31 13
5 30 14
-8 29 15
-3 28 16
1 27 17
1 26 18
-3 25 19
5 24 20
4 23 21
-8 22 22
5 21 23
-6 20 24
-5 19 25
-7 18 26
-7 17 27
-8 16 28
3 15 29
-1 14 30
4 12 32
-1 11 33
1 10 34
7 9 35
-8 8 36
6 7 37
-3 6 38
-2 5 39
-8 4 40
-7 3 41
3 2 42
4 1 43
-4 0 44
6 43 0
-3 42 1
-5 41 2
-6 39 4
-4 38 5
2 37 6
3 36 7
2 35 8
5 34 9
7 33 10
2 32 11
-4 31 12
4 29 14
-7 28 15
-6 27 16
4 26 17
2 25 18
5 24 19
-4 23 20
3 22 21
8 21 22
1 20 23
5 19 24
5 18 25
7 17 26
-2 16 27
1 15 28
-1 14 29
-7 13 30
7 12 31
7 11 32
-3 10 33
8 9 34
2 8 35
-8 7 36
7 6 37
6 5 38
4 4 39
-3 3 40
-2 2 41
7 1 42
-4 0 43
4 42 0
-8 41 1
-6 40 2
-5 39 3
3 38 4
-3 36 6
-3 35 7
-6 34 8
7 33 9
-3 32 10
2 31 11
-1 30 12
-1 29 13
8 28 14
-8 27 15
2 26 16
5 25 17
3 24 18
8 23 19
-6 22 20
7 21 21
-1 20 22
-8 19 23
4 18 24
2 17 25
3 16 26
1 15 27
5 14 28
3 13 29
8 12 30
-5 11 31
7 10 32
7 8 34
-6 7 35
7 6 36
6 5 37
-4 4 38
-6 3 39
1 2 40
7 1 41
2 0 42
-4 41 0
5 40 1
3 39 2
2 38 3
4 37 4
-6 36 5
1 35 6
8 34 7
-5 33 8
2 32 9
2 31 10
-8 30 11
-2 29 12
1 28 13
-2 27 14
4 26 15
4 25 16
8 24 17
-2 23 18
-8 22 19
-4 21 20
-4 20 21
-4 19 22
-4 18 23
-6 17 24
7 16 25
8 15 26
7 14 27
4 13 28
-1 12 29
6 11 30
3 10 31
-4 9 32
2 8 33
-7 7 34
-6 6 35
4 5 36
6 4 37
1 3 38
-6 2 39
3 1 40
-4 40 0
6 39 1
-2 38 2
-1 37 3
-4 36 4
-3 35 5
-1 34 6
2 33 7
7 32 8
-5 31 9
-2 30 10
3 29 11
7 28 12
-1 27 13
-6 26 14
7 25 15
5 24 16
-2 23 17
-7 22 18
4 21 19
2 20 20
1 19 21
5 18 22
-3 17 23
-4 16 24
-6 15 25
8 14 26
8 13 27
-2 12 28
5 11 29
1 10 30
8 9 31
-2 7 33
-1 6 34
6 5 35
-6 4 36
8 3 37
4 2 38
-1 1 39
-5 0 40
3 39 0
2 37 2
-5 36 3
-6 35 4
-8 34 5
8 33 6
6 31 8
-4 30 9
7 29 10
5 28 11
-4 27 12
-6 26 13
6 24 15
7 23 16
1 22 17
-5 21 18
4 19 20
-7 18 21
7 17 22
-2 16 23
5 15 24
2 14 25
-3 13 26
8 12 27
1 11 28
-5 10 29
-1 9 30
-3 8 31
-6 7 32
7 6 33
2 5 34
-2 4 35
-3 2 37
-6 1 38
7 0 39
-4 38 0
-1 37 1
-1 36 2
8 35 3
-2 34 4
-1 33 5
-1 32 6
-4 31 7
-1 30 8
-7 29 9
-5 28 10
1 27 11
-3 26 12
-6 24 14
-4 23 15
2 22 16
2 21 17
2 20 18
3 19 19
-4 18 20
3 17 21
2 16 22
7 15 23
5 14 24
2 13 25
5 12 26
3 11 27
1 10 28
8 9 29
-4 8 30
-6 7 31
8 5 33
-2 4 34
-7 3 35
-7 2 36
-2 37 0
-8 36 1
-8 35 2
4 34 3
-6 33 4
-5 32 5
4 31 6
3 30 7
-1 29 8
-2 28 9
2 27 10
7 26 11
-2 25 12
1 24 13
4 23 14
-5 22 15
8 21 16
6 20 17
6 19 18
-8 18 19
1 17 20
-7 16 21
-3 15 22
5 14 23
1 13 24
1 12 25
7 11 26
2 10 27
8 9 28
5 8 29
-3 7 30
-5 6 31
8 5 32
-5 3 34
-2 1 36
1 36 0
-8 35 1
-4 34 2
-5 33 3
7 32 4
1 31 5
8 30 6
7 29 7
7 28 8
-5 27 9
3 26 10
-3 25 11
-5 24 12
-2 23 13
6 22 14
-1 21 15
-2 20 16
-7 19 17
-7 18 18
6 16 20
-2 15 21
5 14 22
8 13 23
3 10 26
-5 9 27
-6 8 28
-5 7 29
6 6 30
-5 5 31
7 4 32
-8 3 33
6 2 34
-3 1 35
3 0 36
7 35 0
1 33 2
-3 32 3
-8 31 4
-2 30 5
6 29 6
2 28 7
-4 27 8
-8 25 10
-3 23 12
3 22 13
3 21 14
8 20 15
7 19 16
-4 18 17
-2 17 18
-7 16 19
-6 15 20
1 14 21
5 13 22
6 12 23
-6 11 24
5 10 25
-8 9 26
-8 8 27
3 7 28
-5 6 29
4 5 30
-8 4 31
6 3 32
-2 2 33
5 1 34
5 0 35
7 34 0
4 33 1
-1 32 2
5 30 4
-7 29 5
6 28 6
-2 27 7
7 25 9
-6 24 10
-6 23 11
-5 22 12
1 21 13
7 20 14
1 19 15
7 18 16
-8 17 17
3 16 18
5 15 19
-7 14 20
-6 13 21
-3 12 22
3 11 23
7 10 24
6 9 25
6 8 26
-6 7 27
-4 6 28
-1 5 29
8 4 30
1 3 31
-4 2 32
2 1 33
1 0 34
5 32 1
-7 30 3
7 29 4
-5 28 5
8 27 6
-3 26 7
7 25 8
-5 24 9
8 23 10
7 22 11
8 21 12
6 20 13
8 19 14
5 18 15
-1 17 16
-6 16 17
-4 15 18
-2 14 19
8 13 20
7 12 21
-1 11 22
1 10 23
4 9 24
-5 8 25
6 7 26
5 6 27
3 5 28
-4 4 29
6 3 30
6 2 31
-3 1 32
3 0 33
1 31 1
-5 30 2
7 29 3
3 28 4
-8 27 5
-7 26 6
-4 25 7
4 24 8
-3 23 9
8 22 10
8 21 11
-3 20 12
6 19 13
-7 18 14
-7 17 15
-3 16 16
2 15 17
-7 14 18
-3 13 19
3 12 20
4 11 21
-2 10 22
-6 9 23
-2 8 24
2 7 25
-6 6 26
-5 5 27
-1 4 28
-8 3 29
-5 2 30
5 1 31
-6 0 32
-6 30 1
8 29 2
7 28 3
5 27 4
-3 26 5
-7 25 6
2 24 7
-6 23 8
2 22 9
-5 21 10
-8 20 11
7 19 12
-5 18 13
1 17 14
7 16 15
-2 15 16
3 14 17
-3 13 18
-1 12 19
-8 11 20
-3 10 21
-8 9 22
-2 8 23
-5 7 24
-4 6 25
7 5 26
-6 4 27
7 3 28
-8 2 29
-2 1 30
4 0 31
4 29 1
-7 27 3
7 26 4
-4 25 5
3 24 6
2 23 7
-4 22 8
1 20 10
-5 19 11
-3 18 12
-8 17 13
7 16 14
5 15 15
-7 14 16
2 13 17
6 12 18
-5 11 19
-2 10 20
-3 9 21
6 8 22
-6 7 23
-6 6 24
-1 5 25
-4 4 26
-1 3 27
-6 2 28
-1 1 29
2 0 30
6 28 1
5 27 2
-8 26 3
7 25 4
-1 24 5
4 23 6
-3 22 7
8 21 8
6 20 9
-7 19 10
6 18 11
5 17 12
6 16 13
6 15 14
-5 14 15
5 13 16
8 12 17
6 11 18
5 10 19
-4 9 20
-5 8 21
2 7 22
-8 6 23
-1 5 24
2 4 25
2 3 26
6 2 27
8 1 28
-7 0 29
-7 27 1
5 26 2
4 25 3
-1 24 4
2 23 5
-4 22 6
6 21 7
7 20 8
5 19 9
-3 18 10
-2 17 11
5 16 12
8 15 13
7 14 14
6 13 15
-5 12 16
-3 11 17
4 10 18
7 9 19
-8 8 20
6 7 21
-5 6 22
-8 5 23
-3 4 24
8 3 25
-6 2 26
-7 1 27
-1 0 28
8 26 1
-8 25 2
-1 24 3
-5 23 4
1 22 5
3 21 6
6 20 7
-1 19 8
-4 18 9
-8 17 10
5 16 11
-8 15 12
2 14 13
8 13 14
8 12 15
-1 11 16
1 10 17
-4 9 18
6 8 19
-6 7 20
6 6 21
5 5 22
4 4 23
-2 3 24
2 2 25
1 1 26
5 0 27
6 25 1
5 24 2
7 22 4
8 21 5
3 19 7
5 18 8
3 17 9
3 16 10
1 15 11
4 14 12
-1 13 13
4 12 14
1 11 15
4 10 16
-4 9 17
-4 8 18
7 7 19
-5 6 20
5 5 21
5 4 22
-5 3 23
-4 2 24
3 0 26
1 24 1
-7 23 2
4 22 3
3 21 4
-3 20 5
-3 19 6
-3 18 7
-2 17 8
2 16 9
-4 15 10
2 14 11
6 13 12
4 12 13
1 11 14
-8 10 15
7 9 16
1 8 17
-2 7 18
-2 6 19
8 5 20
-7 4 21
-3 3 22
-2 2 23
-7 1 24
5 0 25
-2 23 1
1 22 2
-8 21 3
-4 20 4
8 18 6
8 17 7
6 16 8
2 15 9
8 14 10
6 13 11
-3 12 12
-7 11 13
5 10 14
-1 9 15
1 8 16
8 7 17
-7 6 18
1 5 19
-6 4 20
-3 3 21
4 1 23
4 0 24
6 22 1
2 21 2
-4 20 3
-4 19 4
5 18 5
3 17 6
-3 16 7
2 15 8
2 14 9
6 13 10
1 12 11
-2 11 12
-1 10 13
5 9 14
-8 8 15
-7 7 16
-6 6 17
-7 5 18
-1 4 19
5 3 20
-5 2 21
-7 1 22
8 0 23
8 21 1
4 20 2
-5 19 3
8 18 4
8 17 5
-7 16 6
-3 15 7
-2 14 8
7 12 10
2 11 11
7 10 12
-4 9 13
-4 8 14
-8 7 15
3 6 16
1 4 18
-3 3 19
3 2 20
3 1 21
5 0 22
-7 19 2
-3 17 4
4 16 5
-6 15 6
8 14 7
2 12 9
-7 11 10
2 10 11
6 9 12
8 8 13
8 6 15
6 5 16
7 4 17
-4 2 19
-6 1 20
6 0 21
2 19 1
3 18 2
-2 17 3
-4 16 4
-2 15 5
-7 14 6
4 13 7
-4 12 8
-8 11 9
-4 10 10
6 8 12
-2 7 13
-5 6 14
-5 5 15
1 4 16
1 3 17
1 2 18
-3 1 19
-6 0 20
2 18 1
8 17 2
3 16 3
-5 15 4
2 14 5
-1 13 6
1 12 7
3 11 8
3 10 9
-6 9 10
-8 8 11
-1 7 12
2 6 13
-6 5 14
-2 4 15
3 3 16
-3 2 17
2 0 19
2 17 1
5 16 2
7 15 3
7 14 4
-2 13 5
-4 12 6
-8 11 7
5 10 8
-8 9 9
3 8 10
7 7 11
8 6 12
-1 5 13
-3 4 14
-2 3 15
-6 0 18
1 17 0
8 16 1
3 15 2
-7 14 3
-7 13 4
-3 12 5
-7 11 6
-7 10 7
-7 9 8
-2 8 9
7 7 10
8 6 11
8 5 12
-1 4 13
5 3 14
-7 2 15
-2 1 16
-7 0 17
-8 15 1
-4 13 3
5 12 4
6 11 5
7 10 6
-6 9 7
6 8 8
2 7 9
-2 6 10
-5 5 11
8 4 12
6 3 13
-3 2 14
-1 1 15
1 0 16
1 13 2
-4 12 3
6 11 4
-1 10 5
2 9 6
-8 8 7
-3 7 8
7 6 9
-4 5 10
-6 4 11
1 3 12
-1 2 13
-1 0 15
1 13 1
-7 12 2
-6 11 3
-8 10 4
4 9 5
3 8 6
-2 7 7
-6 6 8
-6 5 9
-4 4 10
-3 3 11
-4 2 12
-6 1 13
1 0 14
-5 12 1
5 11 2
-1 10 3
-8 9 4
1 8 5
-6 6 7
-7 5 8
-2 4 9
-7 3 10
8 2 11
6 1 12
-8 0 13
-3 11 1
8 10 2
-7 9 3
8 8 4
-8 7 5
-4 6 6
6 5 7
-4 4 8
-6 3 9
2 2 10
-2 0 12
1 11 0
-1 10 1
-7 9 2
8 8 3
4 7 4
-2 6 5
5 5 6
-3 4 7
-4 3 8
7 2 9
2 1 10
-1 0 11
7 10 0
8 9 1
5 8 2
6 7 3
4 6 4
2 5 5
-4 4 6
1 3 7
2 2 8
2 1 9
-7 0 10
-1 9 0
-5 7 2
-8 5 4
-1 4 5
-5 3 6
-1 2 7
-2 1 8
6 0 9
5 8 0
8 7 1
8 6 2
2 5 3
-7 4 4
-2 3 5
-6 2 6
5 1 7
-5 0 8
-5 7 0
-5 6 1
1 5 2
3 4 3
1 3 4
-5 2 5
-1 1 6
-1 0 7
-5 6 0
-6 5 1
4 4 2
-4 3 3
-5 2 4
-7 1 5
-8 0 6
8 5 0
5 4 1
-2 3 2
-5 2 3
-5 1 4
8 0 5
-5 4 0
5 3 1
7 2 2
8 1 3
-4 0 4
6 3 0
8 2 1
-1 1 2
1 0 3
-3 2 0
6 1 1
8 0 2
-4 1 0
6 0 1
-3 0 0
END
DONE
