COUNTS
3
3
POLY I1
1 2 3
1 4 0
3 3 1
-2 1 3
-6 3 0
5 2 1
-5 2 0
-5 1 1
-8 1 0
END
POLY I2
-7 18 17
-6 12 18
8 14 15
7 13 16
-7 12 17
-6 11 18
3 16 12
1 15 13
-3 14 14
7 13 15
4 12 16
-1 11 17
7 10 18
3 18 9
-7 17 10
-3 16 11
-3 14 13
-7 13 14
-6 12 15
-3 11 16
-1 10 17
7 9 18
-3 17 9
-6 16 10
-1 15 11
-7 13 13
1 12 14
3 11 15
-2 10 16
7 9 17
-6 8 18
7 16 9
-1 15 10
7 14 11
-5 13 12
-1 12 13
2 11 14
-5 10 15
4 9 16
4 8 17
-5 7 18
8 6 19
7 15 9
1 14 10
7 13 11
-3 12 12
3 11 13
3 10 14
7 9 15
-4 8 16
8 7 17
-1 6 18
3 5 19
-4 14 9
8 13 10
-7 12 11
-4 11 12
3 10 13
2 9 14
5 8 15
8 7 16
-7 6 17
-2 5 18
4 4 19
8 13 9
-7 12 10
-1 11 11
-4 10 12
6 9 13
-4 8 14
-3 7 15
-1 6 16
3 4 18
-2 3 19
7 14 7
-1 13 8
-1 12 9
1 11 10
2 10 11
4 9 12
-1 8 13
1 7 14
1 6 15
4 5 16
-8 4 17
6 3 18
6 2 19
4 16 4
-8 15 5
3 14 6
5 13 7
6 11 9
8 10 10
-2 9 11
-4 8 12
-3 7 13
2 6 14
-6 5 15
-4 4 16
1 3 17
1 2 18
4 0 20
-7 18 1
-7 17 2
-1 16 3
7 14 5
-7 13 6
4 12 7
6 11 8
4 10 9
-3 9 10
7 8 11
-1 7 12
2 6 13
-3 5 14
-6 4 15
3 3 16
7 2 17
4 1 18
8 0 19
-3 17 1
-2 15 3
1 14 4
2 13 5
8 12 6
-8 11 7
-3 10 8
2 9 9
4 8 10
4 7 11
1 6 12
-4 5 13
8 4 14
-6 3 15
4 2 16
7 1 17
-7 0 18
-4 14 3
4 13 4
5 11 6
8 10 7
-3 9 8
-5 8 9
1 7 10
-3 6 11
-5 5 12
-3 4 13
-4 3 14
-5 2 15
-3 1 16
-1 0 17
-8 13 3
-5 12 4
-2 11 5
1 10 6
-6 8 8
3 7 9
-8 6 10
4 5 11
-5 3 13
8 2 14
6 1 15
8 0 16
1 12 3
-2 11 4
4 10 5
1 9 6
2 8 7
3 7 8
-1 6 9
-7 5 10
-8 4 11
-5 3 12
-6 2 13
5 1 14
1 0 15
2 11 3
-5 10 4
-3 9 5
-1 8 6
3 6 8
4 5 9
-3 4 10
-5 3 11
7 2 12
-8 1 13
6 0 14
4 10 3
5 9 4
3 8 5
5 7 6
-7 6 7
-1 5 8
8 4 9
-3 3 10
1 2 11
1 1 12
4 0 13
8 9 3
6 8 4
1 7 5
-5 6 6
6 5 7
1 4 8
-2 3 9
3 2 10
-1 1 11
7 0 12
-1 8 3
4 7 4
-3 6 5
-4 5 6
-7 4 7
-6 3 8
4 2 9
4 1 10
-2 7 3
-8 6 4
-6 5 5
-8 4 6
-7 3 7
-1 2 8
-1 1 9
1 0 10
-4 6 3
3 5 4
8 4 5
-4 3 6
-8 2 7
-7 1 8
-8 5 3
-7 4 4
-6 3 5
-7 2 6
7 1 7
7 0 8
1 4 3
-6 3 4
7 2 5
1 1 6
4 0 7
2 3 3
4 2 4
8 1 5
6 0 6
4 2 3
6 1 4
1 0 5
8 1 3
8 0 4
-1 0 3
-3 1 1
-3 0 2
6 0 1
END
POLY I3
-7 36 0
-5 20 16
-5 18 18
7 22 13
1 21 14
3 20 15
8 19 16
7 18 17
8 17 18
-6 34 0
3 24 10
7 23 11
6 22 12
4 21 13
5 20 14
6 18 16
6 17 17
-2 26 7
-5 25 8
-1 24 9
8 23 10
-3 22 11
2 21 12
8 20 13
3 19 14
-4 18 15
-3 17 16
-5 16 17
5 15 18
-2 28 4
6 27 5
-7 26 6
5 25 7
-8 24 8
4 23 9
5 22 10
1 21 11
-8 20 12
-7 19 13
-6 18 14
7 17 15
-3 16 16
2 15 17
-1 14 18
-6 30 1
-8 28 3
4 27 4
-5 26 5
-7 25 6
-1 24 7
8 23 8
2 22 9
-1 21 10
-7 20 11
8 19 12
-5 18 13
4 17 14
-6 16 15
1 15 16
-6 14 17
3 13 18
-6 12 19
-5 30 0
-5 29 1
2 27 3
5 26 4
-4 25 5
-5 24 6
8 23 7
3 22 8
-2 21 9
-2 20 10
8 19 11
8 18 12
-5 17 13
-6 16 14
-3 15 15
-7 14 16
8 13 17
-4 12 18
-4 11 19
-7 29 0
4 26 3
4 25 4
-1 24 5
-4 23 6
-1 22 7
3 21 8
4 20 9
-2 19 10
-2 18 11
-4 17 12
1 16 13
4 15 14
-7 14 15
-5 13 16
-3 12 17
-1 11 18
3 10 19
8 25 3
-4 24 4
2 23 5
-7 22 6
-7 21 7
4 20 8
7 19 9
1 18 10
-5 17 11
-5 16 12
-8 14 14
4 13 15
-6 12 16
1 11 17
-2 10 18
-3 9 19
-1 24 3
2 23 4
-4 22 5
-3 21 6
1 20 7
7 19 8
3 18 9
2 17 10
-6 16 11
7 15 12
4 14 13
4 13 14
-8 12 15
8 11 16
7 10 17
-1 9 18
-1 8 19
6 24 2
-2 23 3
-8 22 4
8 21 5
-3 20 6
1 19 7
2 18 8
-2 17 9
-3 16 10
5 15 11
-2 14 12
5 13 13
3 12 14
-8 11 15
-6 10 16
6 9 17
-1 8 18
-3 7 19
1 6 20
1 24 1
1 23 2
7 21 4
2 20 5
5 19 6
-2 17 8
5 16 9
4 15 10
-7 14 11
4 13 12
2 12 13
7 11 14
3 10 15
7 9 16
-8 8 17
-5 7 18
-5 6 19
-6 5 20
-2 23 1
-3 20 4
-7 19 5
8 18 6
3 16 8
4 15 9
6 14 10
7 13 11
7 12 12
-7 11 13
-8 10 14
1 9 15
4 7 17
-2 6 18
-4 5 19
-4 4 20
-6 19 4
-2 18 5
-2 17 6
-1 16 7
8 15 8
-2 14 9
-6 13 10
-6 12 11
-5 11 12
3 10 13
2 9 14
7 8 15
5 7 16
5 6 17
3 5 18
-3 4 19
5 3 20
5 18 4
3 17 5
4 16 6
-2 15 7
-5 14 8
8 13 9
1 12 10
5 11 11
-7 9 13
-1 8 14
-8 7 15
2 6 16
3 5 17
-6 4 18
-8 3 19
5 2 20
-1 18 3
-7 17 4
5 16 5
6 15 6
2 14 7
-2 13 8
1 12 9
5 11 10
-5 10 11
-6 9 12
-7 8 13
6 7 14
6 6 15
-7 5 16
1 4 17
-5 3 18
6 2 19
-2 1 20
-1 0 21
-8 20 0
-7 19 1
-1 18 2
-2 17 3
-1 16 4
-5 15 5
-4 14 6
3 13 7
-7 12 8
8 10 10
7 9 11
-3 8 12
6 7 13
-1 6 14
6 5 15
3 4 16
-2 2 18
-3 1 19
8 0 20
-6 19 0
-6 18 1
2 17 2
-2 15 4
-6 14 5
4 13 6
-4 12 7
1 11 8
6 10 9
3 9 10
-2 8 11
8 7 12
2 6 13
6 5 14
8 4 15
-1 3 16
-3 1 18
-6 0 19
6 18 0
6 17 1
-4 14 4
-4 13 5
1 12 6
-8 11 7
4 10 8
1 9 9
3 8 10
-8 7 11
5 6 12
-1 5 13
2 3 15
6 2 16
-4 1 17
-1 0 18
8 17 0
-8 13 4
8 12 5
-6 11 6
-6 10 7
1 9 8
5 8 9
3 7 10
5 6 11
-5 4 13
-6 3 14
-8 2 15
-1 1 16
-3 0 17
1 12 4
-3 11 5
1 10 6
6 9 7
-6 8 8
-4 7 9
-6 6 10
2 5 11
-8 4 12
-1 3 13
1 2 14
7 1 15
2 0 16
6 11 4
-5 10 5
-2 9 6
-8 8 7
2 7 8
-7 6 9
-4 5 10
6 4 11
6 3 12
7 2 13
-4 1 14
1 0 15
-5 13 1
-1 11 3
-4 10 4
-1 9 5
-6 8 6
8 7 7
4 6 8
6 5 9
8 4 10
5 3 11
-1 2 12
-5 1 13
-5 0 14
-7 13 0
-7 12 1
-4 10 3
-2 9 4
4 8 5
5 7 6
8 6 7
-2 5 8
7 4 9
-8 3 10
3 2 11
8 1 12
6 0 13
-3 12 0
-8 9 3
8 8 4
-4 7 5
5 6 6
-3 5 7
4 4 8
3 3 9
7 2 10
3 0 12
1 8 3
6 7 4
5 6 5
-2 5 6
-2 3 8
-4 2 9
-8 1 10
3 0 11
2 7 3
-8 6 4
8 4 6
-2 3 7
-8 2 8
-3 1 9
2 0 10
5 7 2
4 6 3
8 5 4
1 4 5
-1 3 6
-6 2 7
1 1 8
7 0 9
-2 7 1
-2 6 2
4 4 4
-6 3 5
8 1 7
-4 0 8
4 6 1
8 3 4
6 2 5
8 1 6
-7 0 7
-1 2 4
-3 1 5
6 0 6
-2 1 4
-2 0 5
2 1 3
-4 0 4
-1 3 0
-3 2 1
2 1 2
4 0 3
6 2 0
-5 1 1
-4 0 2
5 1 0
5 0 1
8 0 0
END
POLY T1
1 38 0
-4 37 0
4 36 0
-2 21 0
8 20 0
-8 19 0
END
POLY T2
1 19 19
-5 19 18
-4 18 19
2 19 17
3 18 18
4 17 19
-8 18 17
-3 17 18
8 17 17
6 19 2
-2 2 19
4 19 1
-7 18 2
-7 2 18
8 1 19
-5 19 0
1 18 1
7 17 2
-4 2 17
-6 1 18
-8 0 19
3 18 0
-1 17 1
-1 1 17
6 0 18
-3 17 0
1 0 17
5 2 2
-8 2 1
-3 1 2
-7 2 0
-2 1 1
3 0 2
-6 1 0
2 0 1
6 0 0
END
POLY T3
1 0 54
-8 0 53
1 0 52
-8 0 37
-4 0 36
-8 0 35
1 0 20
-8 0 19
1 0 18
END
POLY M1_1
-5 54 33
7 53 34
3 51 36
-2 50 37
-5 49 38
-3 48 39
5 47 40
5 56 30
8 55 31
6 54 32
-1 53 33
3 52 34
-8 51 35
8 50 36
5 49 37
7 48 38
1 47 39
8 64 21
-4 63 22
-3 62 23
-4 61 24
1 60 25
7 59 26
8 58 27
3 57 28
7 56 29
-8 55 30
5 54 31
1 53 32
-5 52 33
-5 51 34
-1 50 35
-7 49 36
4 48 37
-8 47 38
-4 46 39
-4 45 40
1 66 18
-6 65 19
2 64 20
3 63 21
7 62 22
-8 61 23
-3 60 24
-8 59 25
7 58 26
-2 57 27
-5 56 28
8 55 29
2 54 30
7 53 31
7 52 32
-7 51 33
6 50 34
6 49 35
-1 48 36
8 47 37
5 46 38
-8 45 39
-1 68 15
3 67 16
-3 65 18
6 64 19
7 63 20
3 62 21
-4 60 23
-1 59 24
-2 58 25
-4 57 26
2 56 27
4 54 29
1 53 30
8 52 31
-5 51 32
3 50 33
6 49 34
-5 48 35
4 47 36
-2 46 37
6 45 38
2 44 39
-1 43 40
1 70 12
8 68 14
7 67 15
1 66 16
-4 65 17
-5 64 18
2 63 19
8 62 20
-2 61 21
8 60 22
3 59 23
-7 58 24
-5 57 25
8 56 26
7 55 27
4 54 28
8 53 29
-8 52 30
-6 51 31
-4 50 32
-7 49 33
-6 48 34
1 47 35
-6 46 36
2 45 37
3 44 38
-8 43 39
-5 42 40
-3 41 41
-1 72 9
-3 71 10
-8 70 11
-1 69 12
1 68 13
2 67 14
6 65 16
2 64 17
-7 63 18
-5 62 19
6 61 20
-3 60 21
4 59 22
1 58 23
6 56 25
-5 55 26
-8 54 27
-6 53 28
7 52 29
-6 51 30
5 50 31
3 49 32
1 48 33
-3 47 34
1 46 35
-1 45 36
8 44 37
4 43 38
-5 41 40
-3 40 41
1 74 6
6 73 7
-5 71 9
8 70 10
-7 69 11
6 68 12
-6 67 13
4 66 14
-5 65 15
5 64 16
1 63 17
4 62 18
-7 61 19
-1 60 20
-7 59 21
8 58 22
-2 57 23
-2 56 24
-4 55 25
-1 54 26
3 53 27
-5 52 28
-3 51 29
-2 50 30
1 49 31
5 48 32
-4 47 33
2 46 34
-8 45 35
4 44 36
-8 43 37
3 42 38
-4 40 40
-6 39 41
8 76 3
4 75 4
-2 74 5
4 73 6
8 72 7
-4 71 8
-8 70 9
-7 69 10
3 67 12
-2 66 13
3 65 14
6 64 15
-1 63 16
7 61 18
3 60 19
-8 59 20
2 58 21
-6 57 22
-3 56 23
2 55 24
-5 54 25
2 53 26
-5 52 27
-5 51 28
-2 50 29
5 49 30
-1 48 31
1 47 32
-6 46 33
3 45 34
-4 44 35
7 43 36
-4 42 37
-7 41 38
1 40 39
-6 38 41
-2 76 2
-1 75 3
-3 74 4
3 73 5
2 72 6
5 70 8
1 69 9
-7 68 10
6 67 11
-5 66 12
-5 65 13
2 64 14
-1 63 15
7 62 16
3 61 17
-5 60 18
6 59 19
2 58 20
-1 56 22
-8 55 23
4 54 24
-6 52 26
-2 51 27
-7 50 28
-5 49 29
-3 48 30
2 47 31
7 46 32
7 45 33
1 44 34
4 43 35
-1 42 36
7 41 37
-3 40 38
1 39 39
-7 38 40
5 37 41
-3 76 1
8 75 2
8 74 3
-6 73 4
-3 72 5
-3 70 7
-8 69 8
6 68 9
-5 67 10
6 66 11
1 65 12
-4 64 13
5 62 15
-8 61 16
-6 60 17
6 59 18
-2 58 19
-8 57 20
2 56 21
7 55 22
6 54 23
-2 53 24
-2 52 25
4 50 27
6 49 28
-1 48 29
5 47 30
-5 46 31
-5 45 32
-8 44 33
-8 42 35
6 41 36
-5 40 37
4 39 38
-2 38 39
6 37 40
-2 36 41
4 35 42
7 75 1
5 73 3
-6 72 4
2 71 5
-6 70 6
8 69 7
4 68 8
-7 67 9
1 66 10
-2 65 11
3 64 12
2 63 13
7 62 14
-3 61 15
4 60 16
-3 59 17
-2 58 18
1 57 19
-3 56 20
4 55 21
5 54 22
8 53 23
4 52 24
5 51 25
-5 49 27
-2 48 28
1 47 29
1 46 30
1 45 31
1 44 32
7 43 33
-6 41 35
-6 40 36
-7 39 37
-1 38 38
2 37 39
1 36 40
-7 34 42
-5 75 0
-2 74 1
-8 73 2
8 72 3
-7 71 4
6 70 5
-7 69 6
8 68 7
1 67 8
-1 66 9
5 65 10
-5 64 11
5 63 12
8 62 13
5 61 14
-6 60 15
8 59 16
2 58 17
-4 57 18
2 56 19
-2 53 22
8 52 23
-3 51 24
5 50 25
3 49 26
5 48 27
1 47 28
-2 46 29
-6 45 30
8 44 31
-5 43 32
3 42 33
-6 40 35
1 39 36
2 38 37
3 36 39
-4 35 40
-4 34 41
-8 33 42
-8 74 0
3 73 1
-6 72 2
3 71 3
7 70 4
-8 69 5
-6 68 6
-1 67 7
-7 66 8
4 65 9
6 64 10
1 63 11
-5 62 12
5 61 13
-3 60 14
2 59 15
3 58 16
-8 57 17
6 56 18
1 55 19
6 54 20
-8 53 21
-2 52 22
2 51 23
-6 50 24
-8 49 25
-1 48 26
-2 47 27
-8 46 28
6 45 29
-3 44 30
-2 43 31
7 42 32
-2 41 33
5 40 34
-6 39 35
-2 38 36
-2 37 37
-7 36 38
6 35 39
-6 34 40
3 33 41
8 32 42
-7 73 0
8 72 1
-1 70 3
2 69 4
-7 68 5
3 67 6
5 66 7
1 65 8
-2 64 9
3 62 11
2 61 12
1 60 13
3 59 14
-2 58 15
5 57 16
5 56 17
1 55 18
7 54 19
-4 53 20
6 52 21
5 51 22
6 50 23
-6 49 24
8 48 25
-5 47 26
-5 46 27
-1 45 28
4 44 29
-5 43 30
5 42 31
-3 41 32
1 40 33
2 39 34
-4 38 35
5 37 36
4 36 37
-7 35 38
-6 34 39
6 33 40
-7 32 41
4 31 42
7 72 0
1 71 1
4 70 2
7 69 3
8 68 4
-8 67 5
5 66 6
1 65 7
5 63 9
-6 62 10
-2 61 11
3 60 12
-8 59 13
5 58 14
8 57 15
8 56 16
-5 55 17
7 54 18
-8 53 19
2 52 20
8 51 21
7 50 22
-2 49 23
6 48 24
6 47 25
-4 46 26
8 45 27
-4 44 28
3 43 29
-7 42 30
-6 41 31
-5 40 32
1 39 33
5 38 34
8 37 35
-1 36 36
-8 35 37
4 34 38
3 33 39
-8 32 40
-2 31 41
1 30 42
2 29 43
-8 71 0
1 70 1
8 69 2
2 68 3
-2 67 4
-2 66 5
-7 65 6
-6 64 7
8 62 9
7 61 10
-2 60 11
-3 59 12
-7 58 13
6 57 14
-3 56 15
1 55 16
-2 54 17
-4 53 18
-7 52 19
-6 51 20
5 50 21
-1 49 22
-5 48 23
4 46 25
6 45 26
3 44 27
-5 43 28
-7 42 29
7 41 30
3 40 31
3 39 32
-2 38 33
-2 37 34
-7 36 35
-4 35 36
-8 34 37
-4 33 38
1 32 39
5 30 41
-6 29 42
-6 70 0
7 69 1
3 67 3
7 66 4
-7 65 5
3 64 6
5 63 7
-7 62 8
-4 61 9
-6 60 10
-1 59 11
2 58 12
-8 57 13
-2 56 14
-8 55 15
-7 54 16
-7 53 17
-8 51 19
-1 50 20
-8 49 21
8 47 23
-8 46 24
8 45 25
1 44 26
-6 43 27
-6 42 28
3 41 29
1 40 30
8 39 31
6 38 32
-6 37 33
-5 36 34
4 35 35
3 34 36
-4 33 37
1 31 39
6 30 40
-4 29 41
-8 28 42
-5 27 43
-3 69 0
5 68 1
-3 67 2
4 66 3
-6 65 4
-1 64 5
7 63 6
8 62 7
-6 61 8
3 59 10
-7 58 11
5 57 12
-4 56 13
8 55 14
-4 54 15
4 52 17
4 51 18
-3 50 19
-6 49 20
-1 48 21
-6 47 22
1 45 24
-7 43 26
5 42 27
-6 41 28
-2 40 29
-1 39 30
-7 38 31
4 37 32
2 36 33
5 35 34
5 34 35
2 33 36
7 32 37
-5 31 38
-5 30 39
-1 29 40
8 28 41
-6 27 42
-6 68 0
8 67 1
3 66 2
-5 65 3
5 64 4
-3 63 5
8 62 6
2 61 7
-5 60 8
-1 59 9
1 58 10
7 57 11
-7 56 12
-4 55 13
-3 54 14
1 53 15
4 51 17
-3 50 18
8 49 19
-1 48 20
-5 47 21
7 46 22
-8 45 23
-8 44 24
-8 43 25
-6 42 26
6 41 27
1 40 28
-1 39 29
3 38 30
3 37 31
1 36 32
7 35 33
7 34 34
-5 33 35
7 31 37
2 30 38
-5 29 39
7 28 40
-1 27 41
-2 26 42
3 25 43
-5 67 0
-3 66 1
5 65 2
-4 64 3
1 63 4
3 62 5
-2 61 6
3 60 7
-2 59 8
-3 58 9
-8 57 10
7 56 11
2 55 12
-5 54 13
4 53 14
-7 52 15
6 50 17
2 49 18
-5 48 19
4 47 20
-8 46 21
8 45 22
8 44 23
8 43 24
7 42 25
5 41 26
5 40 27
-6 39 28
-6 37 30
-4 36 31
8 35 32
-6 34 33
-5 33 34
8 31 36
-5 30 37
-6 29 38
4 28 39
3 27 40
-2 26 41
1 25 42
-4 66 0
-6 65 1
-5 64 2
8 63 3
-5 62 4
8 61 5
-1 60 6
-1 57 9
6 56 10
-2 55 11
-4 54 12
-2 53 13
1 52 14
-6 51 15
-5 50 16
5 49 17
2 48 18
-5 47 19
-4 46 20
-7 45 21
-1 43 23
6 42 24
2 41 25
-5 40 26
-3 39 27
8 38 28
-1 37 29
-1 36 30
-5 35 31
-4 34 32
4 33 33
2 32 34
-5 31 35
5 30 36
1 29 37
3 28 38
-8 26 40
-2 25 41
6 24 42
3 23 43
4 65 0
-7 64 1
8 63 2
-3 62 3
-3 61 4
-7 60 5
-5 59 6
-1 58 7
-7 57 8
1 56 9
-7 55 10
-6 54 11
-3 53 12
5 52 13
2 51 14
-2 50 15
-5 49 16
7 48 17
8 47 18
4 46 19
-4 45 20
-2 44 21
4 43 22
-8 42 23
-1 41 24
6 40 25
-2 39 26
4 38 27
-3 37 28
5 36 29
8 35 30
3 34 31
3 33 32
7 32 33
4 31 34
-1 29 36
8 28 37
1 27 38
2 26 39
8 25 40
1 24 41
6 23 42
-4 22 43
-6 64 0
7 63 1
4 62 2
-6 61 3
5 60 4
1 58 6
-2 57 7
8 56 8
8 54 10
7 53 11
8 52 12
-4 51 13
4 50 14
-4 49 15
7 48 16
2 47 17
-3 46 18
3 45 19
4 44 20
-7 43 21
-5 42 22
3 41 23
6 40 24
5 39 25
3 38 26
-4 37 27
-8 36 28
5 35 29
-5 34 30
-8 33 31
8 32 32
2 30 34
-7 29 35
1 28 36
3 27 37
5 26 38
6 25 39
-7 24 40
2 23 41
2 22 42
-8 21 43
8 62 1
-8 61 2
-2 60 3
1 59 4
8 58 5
-1 57 6
7 56 7
-2 55 8
-8 53 10
-1 52 11
-6 51 12
4 50 13
-8 49 14
-1 48 15
-6 47 16
-1 46 17
-2 45 18
-4 44 19
3 43 20
-3 42 21
-1 41 22
4 40 23
5 39 24
8 38 25
1 37 26
-6 36 27
-4 35 28
-1 34 29
-7 32 31
7 31 32
6 30 33
-5 29 34
1 28 35
-2 27 36
-8 26 37
6 25 38
2 24 39
8 23 40
-2 22 41
1 21 42
-5 20 43
-5 62 0
-6 61 1
-4 60 2
-6 59 3
6 58 4
8 57 5
-3 56 6
8 55 7
8 54 8
-7 53 9
2 52 10
7 51 11
7 50 12
5 49 13
-6 48 14
-5 47 15
-2 46 16
3 45 17
-2 44 18
-1 43 19
-1 42 20
-1 41 21
2 40 22
-3 38 24
8 37 25
-2 36 26
4 35 27
-7 34 28
-1 33 29
-2 32 30
6 31 31
7 30 32
-8 29 33
8 28 34
-4 27 35
-7 26 36
-5 25 37
2 24 38
6 23 39
-1 22 40
5 21 41
7 19 43
-3 61 0
7 60 1
-3 59 2
8 58 3
7 57 4
-1 56 5
-1 55 6
-1 54 7
-2 53 8
5 52 9
-4 51 10
5 50 11
3 49 12
-6 48 13
5 47 14
-8 46 15
-5 45 16
-3 44 17
8 43 18
4 42 19
-6 41 20
-2 40 21
-5 39 22
7 38 23
-1 37 24
-5 36 25
-2 35 26
-7 34 27
-2 33 28
-6 32 29
-4 31 30
7 30 31
5 29 32
-5 28 33
-4 27 34
7 26 35
-5 25 36
7 24 37
-8 23 38
-1 22 39
4 21 40
2 20 41
-7 19 42
7 60 0
2 59 1
5 58 2
5 57 3
5 56 4
2 55 5
5 54 6
-5 53 7
7 52 8
-1 51 9
1 50 10
3 49 11
-7 48 12
8 47 13
-8 46 14
-6 45 15
8 44 16
7 43 17
-8 42 18
5 40 20
-3 39 21
-5 38 22
1 37 23
-2 36 24
-2 35 25
3 34 26
-1 33 27
5 32 28
-8 31 29
3 30 30
2 29 31
-7 28 32
2 27 33
7 26 34
-5 25 35
-6 24 36
2 23 37
7 22 38
-8 21 39
-2 20 40
2 19 41
-1 59 0
-5 58 1
6 57 2
-2 56 3
5 55 4
-1 54 5
4 53 6
7 52 7
7 51 8
-4 50 9
1 49 10
1 48 11
-7 47 12
3 46 13
-7 45 14
-6 44 15
-3 43 16
5 42 17
-6 41 18
8 40 19
6 39 20
-7 38 21
-4 37 22
1 36 23
5 35 24
-7 34 25
-2 33 26
1 32 27
7 31 28
1 30 29
5 29 30
4 28 31
-7 27 32
-8 25 34
-2 24 35
3 23 36
-1 22 37
6 21 38
2 20 39
-7 19 40
5 58 0
-1 57 1
8 56 2
-3 55 3
-4 54 4
1 53 5
-3 52 6
-6 51 7
-5 50 8
-4 49 9
1 48 10
4 47 11
-2 46 12
6 45 13
-5 44 14
1 43 15
6 42 16
7 41 17
-5 40 18
7 39 19
-3 38 20
-5 37 21
8 36 22
-6 35 23
-7 34 24
-6 33 25
-5 32 26
2 31 27
2 30 28
-4 29 29
-1 28 30
8 27 31
-6 26 32
-7 25 33
4 24 34
8 23 35
2 22 36
-5 21 37
-5 20 38
3 19 39
5 57 0
-4 56 1
-7 55 2
-8 54 3
1 53 4
-4 52 5
1 51 6
-7 50 7
5 48 9
-5 46 11
2 45 12
-1 43 14
1 42 15
3 41 16
8 40 17
6 39 18
-7 38 19
-6 37 20
-4 36 21
8 35 22
8 34 23
-5 33 24
-3 32 25
-6 31 26
3 30 27
-4 29 28
4 28 29
3 27 30
-8 26 31
-1 25 32
7 24 33
4 23 34
-8 22 35
-2 21 36
3 20 37
-1 19 38
3 56 0
-2 55 1
-2 54 2
6 53 3
-5 52 4
3 51 5
-1 50 6
-4 49 7
3 48 8
-4 47 9
-3 46 10
-5 45 11
7 44 12
-2 43 13
-7 42 14
2 40 16
-5 39 17
-3 38 18
-8 37 19
2 36 20
3 35 21
2 34 22
-6 33 23
-3 32 24
3 31 25
-5 30 26
-2 29 27
-4 28 28
-2 27 29
4 26 30
-8 25 31
-2 24 32
-8 22 34
-3 21 35
7 20 36
-5 19 37
-3 55 0
5 54 1
8 53 2
-8 52 3
2 51 4
-3 50 5
3 49 6
5 48 7
3 46 9
2 45 10
1 44 11
-6 43 12
1 42 13
2 41 14
-8 40 15
-3 39 16
-6 38 17
-5 37 18
-6 36 19
8 35 20
-5 34 21
3 33 22
2 32 23
-7 31 24
-5 30 25
-4 29 26
-1 28 27
-3 27 28
4 26 29
-6 25 30
5 24 31
8 23 32
-3 22 33
3 21 34
5 20 35
6 19 36
-2 54 0
-3 53 1
-5 52 2
6 51 3
-8 50 4
2 49 5
-6 48 6
-7 47 7
6 46 8
1 45 9
5 44 10
-6 43 11
7 42 12
-4 41 13
-1 40 14
5 39 15
8 38 16
3 36 18
-3 35 19
-6 34 20
5 33 21
-2 32 22
-2 31 23
4 30 24
1 29 25
7 28 26
8 27 27
5 26 28
3 24 30
1 23 31
8 22 32
7 21 33
1 20 34
-4 19 35
-3 53 0
3 52 1
-5 51 2
-5 50 3
6 49 4
7 48 5
-5 47 6
8 46 7
4 45 8
-1 44 9
4 43 10
2 42 11
-4 40 13
5 39 14
8 38 15
-6 37 16
-7 36 17
-8 35 18
6 34 19
6 33 20
1 32 21
3 31 22
-2 30 23
-5 29 24
6 28 25
3 27 26
-8 26 27
6 24 29
5 23 30
4 22 31
-3 21 32
-1 20 33
-7 19 34
5 52 0
-3 51 1
-4 50 2
-1 49 3
-5 48 4
1 47 5
-7 46 6
-7 45 7
-1 44 8
-5 43 9
-8 42 10
8 41 11
7 40 12
-5 39 13
-8 38 14
6 37 15
-5 36 16
-4 35 17
6 34 18
4 33 19
2 32 20
2 31 21
3 30 22
5 29 23
-7 28 24
-5 27 25
-1 26 26
-4 25 27
-6 24 28
6 23 29
5 21 31
-3 20 32
-7 19 33
1 51 0
-6 50 1
-6 49 2
-5 48 3
4 46 5
-5 45 6
1 44 7
2 43 8
8 42 9
-6 41 10
4 40 11
-5 39 12
7 38 13
-8 37 14
1 36 15
-2 35 16
4 34 17
7 33 18
-6 32 19
1 31 20
5 30 21
2 29 22
1 28 23
-5 27 24
6 26 25
1 25 26
7 24 27
-7 23 28
2 22 29
-3 21 30
4 20 31
5 19 32
5 50 0
8 49 1
-7 48 2
-4 47 3
2 46 4
4 45 5
-4 44 6
2 43 7
-5 42 8
6 41 9
-2 40 10
4 39 11
1 38 12
1 37 13
-6 36 14
-1 35 15
-4 34 16
8 33 17
8 32 18
3 31 19
-4 30 20
-3 29 21
2 28 22
-8 27 23
-2 26 24
4 25 25
-2 24 26
7 23 27
3 22 28
-3 21 29
4 20 30
-1 19 31
4 49 0
2 48 1
7 47 2
-2 46 3
1 45 4
-5 44 5
-7 43 6
-7 42 7
2 41 8
2 40 9
5 39 10
5 38 11
8 37 12
4 36 13
7 35 14
5 34 15
8 33 16
-8 32 17
-2 31 18
-7 30 19
7 29 20
-5 28 21
-1 25 24
-8 24 25
7 23 26
6 22 27
2 21 28
-2 20 29
2 19 30
4 48 0
7 47 1
4 46 2
4 45 3
-7 44 4
1 43 5
6 42 6
1 41 7
6 40 8
-5 39 9
3 38 10
7 37 11
-3 36 12
5 35 13
6 34 14
-1 33 15
-4 32 16
-1 31 17
5 30 18
1 29 19
2 28 20
2 27 21
5 26 22
2 25 23
-3 24 24
-7 23 25
1 22 26
8 21 27
-2 20 28
-2 19 29
-4 47 0
-5 46 1
5 45 2
3 43 4
2 42 5
-7 41 6
5 40 7
4 39 8
-6 38 9
7 37 10
1 36 11
-4 35 12
3 34 13
-7 33 14
3 32 15
-5 31 16
-2 30 17
7 29 18
3 28 19
6 27 20
3 26 21
-4 24 23
8 23 24
1 21 26
-5 20 27
-4 19 28
-3 46 0
6 45 1
-8 44 2
-1 43 3
-3 42 4
6 41 5
-6 40 6
7 39 7
6 38 8
6 37 9
1 36 10
-5 35 11
-5 34 12
3 33 13
6 32 14
-5 31 15
1 30 16
3 29 17
7 28 18
-4 27 19
-8 26 20
-1 25 21
7 24 22
2 23 23
4 22 24
6 21 25
-7 20 26
-4 19 27
-3 45 0
7 44 1
3 43 2
-3 42 3
-3 41 4
4 40 5
6 39 6
6 38 7
-3 37 8
-6 36 9
3 35 10
-8 34 11
-1 33 12
5 32 13
-2 31 14
5 30 15
-6 29 16
6 28 17
3 27 18
-5 26 19
6 25 20
-5 24 21
-8 23 22
-2 22 23
1 21 24
8 20 25
-2 19 26
1 43 1
-8 42 2
8 41 3
2 40 4
-7 39 5
2 37 7
-1 36 8
-4 35 9
-5 34 10
3 33 11
-6 32 12
8 30 14
4 29 15
-4 28 16
2 27 17
-5 26 18
-4 25 19
6 24 20
8 23 21
7 22 22
2 21 23
-2 20 24
-7 19 25
2 43 0
4 42 1
3 41 2
-2 40 3
5 39 4
-2 38 5
8 37 6
-3 36 7
7 35 8
7 34 9
-5 33 10
7 32 11
6 31 12
-2 30 13
2 29 14
8 28 15
8 27 16
-7 26 17
6 25 18
7 24 19
-1 23 20
7 22 21
3 21 22
8 20 23
4 19 24
-8 42 0
-8 41 1
-1 39 3
3 38 4
-4 37 5
-7 36 6
8 35 7
4 34 8
-8 33 9
2 31 11
5 30 12
-1 29 13
1 28 14
-3 27 15
-3 26 16
8 25 17
-8 24 18
-4 23 19
-2 22 20
-5 21 21
7 20 22
1 19 23
4 41 0
7 40 1
-1 39 2
4 38 3
3 37 4
-6 36 5
-1 35 6
1 34 7
-6 33 8
-2 31 10
-3 30 11
-8 29 12
4 28 13
5 27 14
-3 26 15
6 25 16
-8 22 19
-8 21 20
-3 20 21
-1 19 22
-4 40 0
-4 39 1
-4 38 2
-7 37 3
-3 36 4
-4 35 5
-8 34 6
3 33 7
4 31 9
-1 30 10
2 29 11
-4 26 14
5 25 15
3 23 17
8 22 18
2 21 19
-3 20 20
6 19 21
7 39 0
8 37 2
-6 36 3
7 35 4
7 34 5
7 33 6
1 32 7
-1 31 8
1 30 9
-2 29 10
1 27 12
-3 26 13
-8 25 14
3 24 15
4 23 16
-8 21 18
5 20 19
-6 19 20
-2 38 0
-6 37 1
-3 36 2
7 35 3
6 34 4
2 33 5
-3 32 6
-1 31 7
-4 30 8
-5 29 9
-6 28 10
-6 26 12
6 25 13
3 24 14
8 23 15
-6 22 16
-2 21 17
8 20 18
-1 19 19
-6 36 1
-8 35 2
4 33 4
4 32 5
-5 31 6
1 30 7
8 29 8
5 28 9
-2 27 10
2 26 11
2 25 12
-3 24 13
-6 23 14
-6 22 15
5 21 16
7 20 17
5 19 18
-1 36 0
2 35 1
-3 34 2
-3 33 3
-4 32 4
-6 31 5
7 30 6
-8 29 7
-8 28 8
-7 27 9
-3 26 10
7 25 11
-3 24 12
7 23 13
-5 22 14
6 21 15
-2 20 16
-1 19 17
-3 35 0
-2 34 1
-7 33 2
6 32 3
7 31 4
1 30 5
-5 29 6
2 28 7
-7 27 8
-6 26 9
4 24 11
3 23 12
-6 22 13
-1 21 14
2 20 15
-3 19 16
6 34 0
1 33 1
4 32 2
6 31 3
-2 30 4
-7 29 5
-2 28 6
-8 27 7
5 26 8
-2 25 9
2 24 10
-7 23 11
8 22 12
-4 20 14
1 19 15
-5 33 0
-2 32 1
3 30 3
4 29 4
4 28 5
-3 27 6
-1 26 7
4 25 8
8 24 9
6 23 10
5 22 11
4 21 12
-5 20 13
1 19 14
-5 32 0
-5 31 1
-1 30 2
-1 29 3
-6 28 4
-1 27 5
7 26 6
8 25 7
-8 24 8
8 23 9
-8 22 10
-4 21 11
-1 20 12
4 19 13
1 31 0
8 30 1
-3 29 2
-7 28 3
-5 27 4
6 26 5
1 25 6
-4 24 7
-1 23 8
5 22 9
-1 21 10
-3 20 11
-4 19 12
-3 30 0
7 29 1
5 28 2
3 27 3
-6 26 4
-5 25 5
3 24 6
-8 23 7
-5 22 8
8 20 10
8 19 11
4 29 0
-5 28 1
6 27 2
-3 26 3
5 25 4
-6 24 5
3 23 6
-7 22 7
1 21 8
-5 19 10
5 28 0
-2 27 1
5 26 2
7 25 3
7 24 4
-5 23 5
5 22 6
-2 21 7
-2 20 8
-2 19 9
4 27 0
4 26 1
1 25 2
2 24 3
-3 23 4
-5 22 5
4 21 6
-4 20 7
1 19 8
3 26 0
5 25 1
5 24 2
8 23 3
-8 22 4
-6 21 5
-7 20 6
-3 19 7
5 25 0
2 24 1
2 23 2
-4 22 3
4 20 5
-7 19 6
-1 24 0
4 23 1
-2 22 2
-1 21 3
1 20 4
3 19 5
-8 23 0
6 22 1
-7 21 2
8 20 3
-4 19 4
-5 22 0
-7 21 1
1 20 2
-8 21 0
3 20 1
1 19 2
-2 19 1
3 19 0
1 18 1
-6 18 0
END
POLY M1_2
-5 47 34
2 46 35
2 45 36
5 44 37
3 43 38
-2 42 39
-5 41 40
5 49 31
-4 48 32
5 47 33
5 46 34
5 45 35
6 44 36
-5 43 37
-6 42 38
-3 41 39
5 40 40
8 57 22
4 56 23
1 55 24
-3 54 25
-2 53 26
5 52 27
-4 51 28
-1 50 29
3 49 30
2 48 31
1 47 32
7 46 33
-8 45 34
-2 44 35
-1 43 36
-6 42 37
-2 41 38
-5 40 39
6 39 40
1 59 19
-5 58 20
-1 57 21
-8 56 22
6 55 23
2 54 24
-7 53 25
3 52 26
-2 51 27
2 50 28
-2 49 29
6 48 30
-5 47 31
-5 46 32
-4 45 33
-6 44 34
6 43 35
7 42 36
2 41 37
3 40 38
-2 39 39
-1 38 40
-1 61 16
2 60 17
-2 59 18
3 58 19
-3 57 20
3 56 21
-8 55 22
-8 54 23
5 53 24
-3 52 25
-7 51 26
-7 50 27
2 49 28
7 48 29
5 47 30
7 46 31
-6 45 32
5 44 33
8 43 34
2 42 35
-1 41 36
6 40 37
1 39 38
8 38 39
7 37 40
1 63 13
1 62 14
-4 61 15
7 60 16
-8 59 17
7 57 19
-3 56 20
-6 55 21
8 54 22
-5 53 23
-4 52 24
4 51 25
1 49 27
6 48 28
-3 47 29
-4 46 30
-2 44 32
-8 43 33
4 42 34
-2 41 35
-6 40 36
-8 39 37
8 38 38
-2 37 39
5 36 40
3 35 41
-1 65 10
-4 64 11
1 63 12
1 62 13
6 61 14
-6 60 15
-8 59 16
-6 58 17
4 57 18
-8 56 19
-6 55 20
4 54 21
-1 53 22
7 52 23
-3 51 24
-4 50 25
5 49 26
6 48 27
8 47 28
3 46 29
-7 45 30
-7 43 32
7 42 33
-8 41 34
-6 40 35
-4 39 36
-7 38 37
-5 37 38
4 36 39
-3 35 40
1 67 7
7 66 8
-6 65 9
1 63 11
-5 62 12
-2 60 14
-5 59 15
6 58 16
-1 57 17
4 56 18
7 55 19
6 54 20
-4 53 21
4 52 22
-2 51 23
5 50 24
-7 49 25
-5 48 26
4 47 27
-1 46 28
-5 45 29
1 44 30
7 43 31
7 42 32
4 39 35
1 38 36
8 37 37
-5 36 38
2 35 39
-3 34 40
-5 33 41
7 29 45
4 28 46
4 27 47
-7 26 48
6 25 49
-4 24 50
7 23 51
8 69 4
-5 68 5
6 67 6
4 66 7
3 65 8
3 64 9
7 63 10
4 62 11
2 61 12
4 60 13
2 59 14
-1 58 15
6 57 16
-6 56 17
4 55 18
-1 54 19
-4 53 20
-6 52 21
6 51 22
-5 50 23
-6 49 24
-6 48 25
-7 47 26
-5 46 27
-4 45 28
-1 44 29
2 43 30
3 42 31
-3 41 32
4 40 33
-5 39 34
-1 38 35
-2 37 36
5 36 37
3 35 38
5 33 40
-3 32 41
7 29 44
6 28 45
-3 27 46
2 26 47
-4 25 48
-7 24 49
1 23 50
7 22 51
8 68 4
-1 67 5
4 66 6
2 65 7
2 64 8
-8 63 9
-6 62 10
-2 61 11
-1 60 12
8 59 13
-3 58 14
-4 57 15
3 56 16
-6 55 17
-8 54 18
-8 53 19
5 52 20
6 51 21
-3 50 22
-7 49 23
-6 48 24
7 47 25
-4 46 26
-4 45 27
7 44 28
7 42 30
6 41 31
-8 40 32
1 39 33
-3 38 34
-8 37 35
-7 36 36
2 34 38
-3 33 39
-2 32 40
-4 31 41
6 30 42
-6 29 43
2 28 44
6 27 45
3 26 46
7 25 47
1 24 48
6 23 49
-6 22 50
-8 21 51
5 69 2
4 67 4
3 66 5
8 65 6
-5 64 7
-5 63 8
7 60 11
-7 59 12
-5 58 13
-1 57 14
-1 56 15
-8 55 16
3 54 17
-6 53 18
-6 52 19
-2 51 20
6 50 21
3 48 23
-7 47 24
6 46 25
-6 45 26
2 44 27
1 42 29
-8 41 30
-3 40 31
3 39 32
-1 38 33
2 37 34
-7 36 35
3 35 36
-6 34 37
8 33 38
-7 32 39
4 31 40
-2 30 41
6 29 42
-1 28 43
-5 27 44
-6 26 45
-1 25 46
8 24 47
-5 23 48
-1 22 49
-1 20 51
-5 69 1
-8 68 2
8 67 3
-6 66 4
1 65 5
-4 64 6
1 63 7
-6 62 8
-3 61 9
2 60 10
-5 59 11
8 58 12
1 57 13
3 56 14
8 55 15
5 54 16
-3 53 17
2 52 18
-2 51 19
2 50 20
-4 49 21
8 48 22
-2 47 23
-5 46 24
-4 45 25
-3 44 26
-4 43 27
4 42 28
6 41 29
-1 40 30
-3 39 31
-7 38 32
3 37 33
-7 36 34
-1 35 35
-2 34 36
-2 33 37
-7 32 38
4 31 39
-8 30 40
-1 28 42
1 27 43
-3 26 44
6 25 45
1 24 46
1 23 47
5 22 48
1 21 49
2 20 50
-5 19 51
-4 68 1
2 67 2
-7 66 3
-7 65 4
-5 64 5
-6 63 6
3 62 7
6 60 9
7 59 10
-1 58 11
-2 57 12
-8 56 13
-2 54 15
5 53 16
-5 52 17
-4 51 18
6 50 19
5 49 20
2 48 21
-2 47 22
-7 46 23
8 45 24
5 44 25
4 43 26
2 42 27
7 40 29
4 39 30
7 38 31
6 37 32
2 36 33
-2 35 34
-7 34 35
-1 33 36
2 32 37
-4 31 38
8 30 39
3 29 40
-5 27 42
-4 26 43
-5 25 44
-1 24 45
-4 23 46
-8 22 47
1 21 48
-1 20 49
-4 19 50
6 17 52
3 68 0
-7 66 2
-1 64 4
7 63 5
-2 62 6
2 61 7
2 60 8
2 59 9
8 58 10
3 57 11
1 56 12
6 55 13
-4 54 14
6 53 15
-6 52 16
-3 51 17
-8 50 18
5 49 19
1 48 20
-6 47 21
-5 46 22
4 45 23
-6 43 25
1 42 26
-4 41 27
-7 40 28
-7 39 29
-6 38 30
-1 37 31
4 36 32
-4 35 33
7 34 34
-5 33 35
3 32 36
-1 31 37
-6 30 38
-7 28 40
2 26 42
-3 25 43
-6 24 44
-7 22 46
-4 21 47
5 20 48
3 18 50
2 17 51
-5 16 52
1 67 0
-1 66 1
5 65 2
-3 64 3
3 63 4
3 62 5
8 61 6
4 60 7
3 59 8
-8 58 9
-7 57 10
-6 56 11
-7 55 12
-6 54 13
-8 53 14
2 52 15
5 51 16
-6 50 17
-5 49 18
5 48 19
-3 47 20
3 46 21
2 45 22
-7 44 23
-4 43 24
-3 42 25
-2 41 26
1 40 27
-6 39 28
4 38 29
-1 37 30
1 36 31
7 35 32
-8 34 33
1 33 34
8 32 35
4 31 36
1 30 37
7 29 38
-8 28 39
4 27 40
1 26 41
-3 24 43
-6 23 44
-1 22 45
-2 21 46
1 20 47
-2 19 48
-8 18 49
-6 17 50
-2 16 51
-3 15 52
8 66 0
-1 65 1
2 64 2
3 63 3
3 62 4
-1 61 5
-8 60 6
3 59 7
-6 58 8
6 57 9
6 56 10
-8 54 12
1 53 13
2 52 14
6 51 15
-7 50 16
-8 49 17
3 48 18
-3 47 19
1 46 20
-1 45 21
1 44 22
2 43 23
4 42 24
2 41 25
4 40 26
-8 39 27
-2 38 28
-4 37 29
6 36 30
1 35 31
4 34 32
-5 33 33
-5 31 35
-8 30 36
-7 29 37
-8 28 38
1 27 39
-2 26 40
1 25 41
-6 24 42
-4 23 43
-3 22 44
-1 21 45
3 20 46
-2 19 47
-4 18 48
-8 17 49
1 16 50
4 15 51
5 14 52
7 64 1
-3 63 2
-2 61 4
7 60 5
5 59 6
-1 58 7
6 57 8
-2 56 9
-7 55 10
-4 54 11
8 53 12
6 52 13
-6 51 14
-2 50 15
8 49 16
5 48 17
1 47 18
3 46 19
-1 45 20
-8 44 21
-3 43 22
-2 41 24
-5 40 25
8 39 26
-8 38 27
3 37 28
-4 35 30
-2 34 31
1 33 32
3 32 33
5 31 34
1 30 35
-1 29 36
5 28 37
6 27 38
-7 26 39
1 25 40
3 24 41
-7 23 42
7 22 43
5 21 44
-8 20 45
-2 19 46
-7 18 47
-3 17 48
-2 15 50
-3 13 52
7 64 0
2 63 1
-4 62 2
7 61 3
7 60 4
-5 59 5
7 58 6
2 57 7
-8 56 8
-2 55 9
6 54 10
-5 53 11
7 52 12
-2 51 13
-2 50 14
-4 49 15
-2 48 16
-2 47 17
7 46 18
3 45 19
-2 44 20
-4 43 21
-2 42 22
-4 41 23
1 40 24
4 39 25
-7 38 26
-2 37 27
2 36 28
5 35 29
2 34 30
-7 32 32
-1 31 33
-7 30 34
-1 29 35
8 28 36
8 27 37
-8 26 38
7 25 39
-4 24 40
6 23 41
4 22 42
-2 21 43
7 20 44
1 19 45
-2 18 46
4 17 47
3 16 48
-2 15 49
-7 14 50
6 13 51
-8 12 52
-8 11 53
5 63 0
7 62 1
-6 61 2
3 60 3
-7 58 5
-7 57 6
-4 56 7
-4 55 8
-1 53 10
-2 52 11
1 51 12
-7 50 13
4 49 14
4 48 15
-5 47 16
1 46 17
5 45 18
4 44 19
-5 43 20
5 42 21
8 41 22
8 40 23
-7 39 24
-4 38 25
8 37 26
-2 36 27
-1 35 28
2 34 29
4 33 30
-1 32 31
-2 31 32
-4 30 33
3 28 35
7 27 36
1 26 37
2 25 38
-1 24 39
8 23 40
6 22 41
3 21 42
-1 20 43
-1 19 44
-3 18 45
-6 17 46
6 16 47
4 15 48
1 14 49
-6 13 50
5 12 51
-8 11 52
6 10 53
8 62 0
-4 61 1
3 60 2
2 59 3
-5 58 4
-2 57 5
6 56 6
3 55 7
-2 54 8
-5 53 9
-8 52 10
-8 51 11
4 50 12
4 48 14
-7 47 15
6 46 16
1 45 17
7 44 18
1 43 19
-8 42 20
-1 41 21
-3 40 22
8 39 23
-7 38 24
-2 37 25
7 36 26
-1 35 27
-5 34 28
-6 33 29
-8 32 30
-5 31 31
-8 30 32
2 29 33
-4 28 34
1 27 35
-2 25 37
3 24 38
8 23 39
8 22 40
-3 21 41
-5 20 42
7 19 43
-5 18 44
8 17 45
-6 16 46
3 15 47
3 14 48
3 13 49
-5 12 50
2 11 51
-3 10 52
7 9 53
-5 61 0
2 60 1
5 59 2
-8 58 3
4 57 4
-5 56 5
7 55 6
8 54 7
-7 52 9
-6 51 10
4 50 11
1 49 12
2 48 13
-8 46 15
-2 45 16
-4 44 17
1 43 18
-3 42 19
2 41 20
1 40 21
-6 39 22
-7 38 23
4 36 25
-5 35 26
5 34 27
1 33 28
-7 32 29
-6 31 30
5 30 31
-2 29 32
5 28 33
-8 27 34
2 26 35
2 25 36
6 24 37
-7 23 38
7 22 39
-8 21 40
3 20 41
-3 19 42
-4 17 44
5 16 45
1 15 46
2 14 47
-5 13 48
-4 12 49
4 11 50
1 10 51
5 8 53
-7 60 0
1 59 1
-5 58 2
3 57 3
6 56 4
1 55 5
2 54 6
2 53 7
3 52 8
-1 51 9
2 50 10
-5 49 11
-7 46 14
-1 45 15
8 44 16
7 43 17
-4 42 18
-6 41 19
3 40 20
7 39 21
7 38 22
5 37 23
-1 36 24
-5 34 26
-5 33 27
7 32 28
8 31 29
1 30 30
-8 29 31
-2 28 32
-3 27 33
4 26 34
-4 25 35
-6 24 36
-6 23 37
2 22 38
7 21 39
4 20 40
-8 19 41
-7 18 42
-2 17 43
8 16 44
-2 15 45
1 14 46
-8 13 47
5 12 48
-6 11 49
8 10 50
-5 9 51
-2 8 52
-3 7 53
2 59 0
8 58 1
5 57 2
-7 56 3
-8 55 4
6 54 5
-6 53 6
-4 52 7
4 51 8
3 50 9
6 48 11
3 47 12
-5 46 13
-6 45 14
1 44 15
5 43 16
-4 42 17
2 41 18
-4 40 19
-8 39 20
1 38 21
-1 37 22
8 36 23
6 35 24
-8 34 25
3 33 26
-1 32 27
8 31 28
-3 29 30
-8 28 31
6 27 32
2 26 33
-4 25 34
-7 24 35
-8 22 37
4 21 38
-1 20 39
-1 19 40
2 18 41
-7 17 42
3 16 43
-1 14 45
-7 13 46
-7 12 47
-2 11 48
6 10 49
-6 9 50
3 8 51
-2 7 52
-2 6 53
-4 5 54
6 56 2
3 55 3
4 54 4
6 53 5
-4 52 6
-1 51 7
-7 50 8
4 49 9
5 48 10
2 47 11
-1 46 12
-1 45 13
-8 44 14
5 43 15
-8 42 16
1 41 17
-3 40 18
7 39 19
-8 38 20
5 37 21
-4 36 22
-2 35 23
6 33 25
-1 32 26
-8 31 27
-8 30 28
-6 29 29
7 28 30
1 27 31
-3 26 32
-4 25 33
-8 24 34
-2 23 35
-2 22 36
7 21 37
4 20 38
-4 19 39
6 18 40
-3 17 41
-7 16 42
-7 15 43
3 14 44
-3 13 45
5 12 46
-6 10 48
-2 9 49
2 8 50
5 7 51
8 6 52
-2 5 53
-4 4 54
1 57 0
-1 56 1
7 55 2
7 54 3
-3 52 5
2 51 6
-3 50 7
-7 49 8
-3 48 9
-8 47 10
7 46 11
-1 45 12
8 44 13
2 43 14
-2 41 16
6 40 17
7 39 18
-1 38 19
-1 37 20
1 36 21
-4 35 22
5 34 23
-1 33 24
-6 32 25
7 29 28
-5 28 29
-2 27 30
6 26 31
-8 25 32
-6 24 33
-7 23 34
6 21 36
-7 19 38
-8 18 39
5 17 40
1 15 42
6 14 43
-1 13 44
4 12 45
-6 10 47
-6 9 48
3 8 49
5 7 50
-8 6 51
8 5 52
4 4 53
7 3 54
6 56 0
-6 55 1
8 54 2
7 53 3
-8 52 4
-7 51 5
-3 50 6
-6 49 7
-4 48 8
-2 47 9
7 46 10
-4 45 11
3 44 12
-8 43 13
3 42 14
-1 41 15
5 39 17
4 38 18
-7 37 19
1 36 20
-6 35 21
4 34 22
6 33 23
4 32 24
-1 31 25
4 30 26
-7 28 28
-7 27 29
-7 26 30
8 25 31
3 24 32
8 23 33
3 22 34
-8 21 35
-2 20 36
2 19 37
1 18 38
-2 17 39
-5 16 40
4 15 41
6 14 42
-3 13 43
-8 12 44
7 11 45
-2 10 46
-6 9 47
6 8 48
-4 7 49
8 6 50
-8 5 51
-1 4 52
4 3 53
3 2 54
-8 55 0
6 54 1
-1 53 2
3 51 4
-1 50 5
2 49 6
-1 48 7
-8 47 8
3 46 9
-8 45 10
-5 43 12
3 42 13
-3 41 14
4 40 15
-5 39 16
4 38 17
4 37 18
-8 35 20
-4 34 21
-2 33 22
-2 32 23
-4 31 24
-5 30 25
-6 29 26
4 28 27
3 27 28
-6 26 29
-4 25 30
6 24 31
4 23 32
-3 22 33
2 21 34
5 20 35
6 19 36
7 18 37
-4 17 38
1 16 39
-1 15 40
2 14 41
2 13 42
-3 12 43
5 11 44
4 10 45
5 9 46
-5 8 47
6 5 50
8 4 51
-7 3 52
4 2 53
-2 1 54
6 54 0
3 53 1
-1 52 2
-3 51 3
-3 50 4
-3 49 5
7 48 6
-2 47 7
-4 46 8
-8 45 9
-6 44 10
4 43 11
7 42 12
-7 41 13
6 40 14
-7 39 15
8 38 16
-1 37 17
-6 36 18
-8 35 19
-7 34 20
-4 32 22
-2 30 24
8 29 25
-8 28 26
6 27 27
-7 26 28
6 25 29
-4 24 30
6 23 31
2 22 32
4 21 33
4 20 34
-3 19 35
-7 18 36
2 17 37
-4 16 38
-7 15 39
-3 14 40
-5 13 41
-4 12 42
8 11 43
-2 10 44
-1 9 45
8 8 46
4 7 47
4 6 48
-4 5 49
1 4 50
-6 3 51
-3 2 52
4 1 53
-3 0 54
3 53 0
6 52 1
-2 51 2
-4 50 3
7 49 4
6 48 5
-2 47 6
4 46 7
5 45 8
-8 44 9
-5 43 10
5 42 11
2 41 12
7 40 13
-1 39 14
5 38 15
-4 37 16
-6 36 17
-5 35 18
7 34 19
-5 33 20
-1 32 21
-6 31 22
6 30 23
-2 29 24
-3 28 25
4 27 26
3 26 27
5 25 28
-2 24 29
-5 23 30
-1 22 31
-4 21 32
-3 20 33
5 19 34
-4 18 35
3 17 36
6 16 37
-3 14 39
1 13 40
-4 12 41
-7 11 42
-6 10 43
-1 9 44
-1 8 45
4 7 46
-1 6 47
8 5 48
5 3 50
8 2 51
-3 1 52
-3 0 53
6 52 0
5 51 1
6 50 2
-2 49 3
-4 48 4
-3 47 5
2 46 6
-4 45 7
-2 44 8
-7 43 9
2 42 10
-7 41 11
5 40 12
-2 39 13
-5 38 14
7 37 15
-2 36 16
-3 35 17
2 33 19
-7 32 20
-4 31 21
3 29 23
-5 28 24
1 27 25
-4 26 26
2 25 27
-2 24 28
7 23 29
-4 22 30
5 21 31
6 20 32
4 18 34
1 17 35
-3 16 36
6 15 37
8 14 38
-1 13 39
8 12 40
-4 11 41
-6 10 42
7 9 43
5 8 44
1 7 45
-7 6 46
-6 5 47
-3 4 48
2 3 49
3 2 50
-1 1 51
2 0 52
8 51 0
1 50 1
-5 49 2
-6 48 3
6 47 4
-1 46 5
-1 45 6
-2 44 7
-1 43 8
4 42 9
2 41 10
-5 40 11
-2 39 12
5 38 13
4 37 14
7 36 15
8 35 16
5 34 17
1 33 18
4 32 19
-2 31 20
4 30 21
-7 29 22
5 28 23
-6 27 24
2 26 25
4 25 26
1 24 27
-8 23 28
-4 22 29
-3 21 30
-3 20 31
1 19 32
-1 18 33
-2 17 34
-7 16 35
-6 15 36
6 14 37
1 13 38
-5 12 39
-2 11 40
2 10 41
4 9 42
-3 8 43
-3 6 45
-1 5 46
-4 4 47
4 3 48
6 2 49
-2 1 50
-3 0 51
1 50 0
-4 49 1
4 47 3
-8 46 4
1 44 6
-1 43 7
-2 42 8
4 41 9
2 40 10
-6 39 11
5 38 12
5 37 13
-8 36 14
-7 35 15
-3 34 16
5 32 18
2 31 19
-1 30 20
-2 29 21
-3 28 22
-3 27 23
-2 26 24
1 25 25
1 23 27
5 22 28
5 21 29
-3 20 30
-2 19 31
-4 18 32
6 16 34
-7 15 35
-1 14 36
-4 13 37
-4 12 38
1 11 39
5 10 40
2 9 41
-3 8 42
-8 7 43
-4 6 44
4 5 45
-6 4 46
5 3 47
4 2 48
-8 0 50
8 49 0
7 48 1
6 47 2
7 46 3
7 45 4
2 44 5
2 43 6
3 42 7
3 41 8
7 39 10
-2 38 11
-3 37 12
-8 36 13
2 35 14
-7 34 15
-6 33 16
-4 32 17
-5 31 18
-1 30 19
1 29 20
2 28 21
5 26 23
4 25 24
5 24 25
-2 23 26
-1 22 27
-4 21 28
6 20 29
1 19 30
4 18 31
7 16 33
8 15 34
3 14 35
-1 12 37
5 11 38
-3 10 39
3 9 40
6 8 41
6 7 42
-2 6 43
-6 5 44
8 4 45
-8 3 46
4 2 47
8 1 48
1 0 49
8 48 0
2 47 1
2 46 2
-5 45 3
-4 44 4
8 43 5
1 42 6
-6 41 7
1 40 8
-1 39 9
3 38 10
7 37 11
3 36 12
2 35 13
-7 34 14
3 33 15
8 32 16
-2 31 17
-2 30 18
-1 29 19
-8 28 20
1 27 21
-1 25 23
7 24 24
7 23 25
-7 22 26
7 21 27
-3 20 28
-1 19 29
-4 18 30
2 17 31
6 16 32
-2 13 35
6 12 36
4 11 37
-8 10 38
-6 9 39
3 8 40
5 7 41
8 6 42
-2 5 43
3 4 44
4 3 45
-7 2 46
-2 1 47
-2 0 48
-4 47 0
-7 46 1
-8 45 2
-8 44 3
6 43 4
-4 42 5
7 41 6
-4 40 7
-7 39 8
7 38 9
-7 37 10
-7 36 11
3 35 12
-3 34 13
8 33 14
3 32 15
-3 31 16
-3 30 17
-1 29 18
1 28 19
-2 27 20
7 26 21
2 25 22
-8 24 23
1 23 24
7 22 25
4 21 26
-5 20 27
4 19 28
6 18 29
-4 17 30
3 16 31
-1 15 32
-2 14 33
3 13 34
-5 12 35
1 11 36
-4 10 37
2 9 38
3 8 39
8 7 40
3 6 41
8 5 42
1 4 43
4 3 44
-6 2 45
-4 1 46
-5 0 47
8 46 0
-5 45 1
5 44 2
4 43 3
-4 42 4
-3 41 5
4 40 6
8 39 7
1 38 8
4 37 9
2 36 10
-8 35 11
1 33 13
3 32 14
-2 31 15
5 30 16
-8 29 17
6 28 18
4 27 19
8 26 20
-3 25 21
-3 24 22
5 23 23
3 22 24
3 21 25
7 19 27
-4 18 28
-5 17 29
-4 16 30
4 15 31
-2 14 32
5 13 33
4 12 34
-2 11 35
-3 10 36
1 9 37
8 8 38
-3 7 39
-8 6 40
8 5 41
1 4 42
8 3 43
-4 2 44
-6 1 45
5 0 46
1 45 0
5 44 1
-5 43 2
-7 42 3
-7 41 4
-1 40 5
-6 39 6
-7 38 7
8 37 8
6 36 9
6 35 10
6 34 11
1 33 12
-3 32 13
5 30 15
-4 29 16
-8 28 17
-6 27 18
8 26 19
-5 25 20
-2 24 21
2 23 22
1 22 23
-3 21 24
8 20 25
-3 19 26
-7 18 27
5 17 28
2 16 29
7 15 30
3 14 31
-8 13 32
3 12 33
-4 11 34
-3 10 35
2 9 36
4 8 37
-1 7 38
-1 6 39
-7 5 40
-6 4 41
6 2 43
-5 1 44
-8 0 45
1 44 0
-6 43 1
5 41 3
2 40 4
6 39 5
6 38 6
-7 37 7
-4 36 8
-3 35 9
3 34 10
8 33 11
-8 32 12
-1 31 13
-5 30 14
-2 29 15
-6 28 16
6 27 17
6 26 18
8 25 19
-5 24 20
-7 23 21
2 22 22
8 21 23
2 20 24
-8 19 25
-6 18 26
1 17 27
-2 16 28
-3 15 29
-1 14 30
-5 13 31
-6 12 32
1 11 33
4 10 34
-7 9 35
-4 8 36
2 7 37
3 6 38
-2 5 39
-4 4 40
3 3 41
7 2 42
-4 1 43
3 0 44
6 43 0
-6 42 1
4 41 2
6 40 3
-4 38 5
-8 37 6
-1 36 7
-8 34 9
-6 33 10
5 32 11
-7 31 12
-4 30 13
-7 29 14
-8 28 15
-5 27 16
-3 26 17
-3 25 18
3 24 19
-2 23 20
-6 22 21
8 21 22
3 20 23
4 19 24
3 18 25
-5 17 26
-4 16 27
7 15 28
-6 14 29
5 13 30
2 12 31
2 11 32
6 10 33
5 9 34
6 7 36
7 6 37
-6 5 38
6 4 39
-2 3 40
5 2 41
-4 1 42
-3 0 43
-3 42 0
-8 40 2
-2 39 3
-2 38 4
-4 37 5
4 36 6
-8 35 7
4 34 8
5 33 9
2 32 10
-8 31 11
7 30 12
-2 29 13
-7 28 14
-8 27 15
-6 26 16
-2 25 17
4 24 18
-3 23 19
-2 22 20
-2 21 21
7 20 22
4 19 23
-5 18 24
8 17 25
2 16 26
7 15 27
-3 14 28
-6 13 29
-7 12 30
1 11 31
-4 10 32
-5 9 33
-6 8 34
-4 7 35
6 6 36
-7 5 37
-8 4 38
3 3 39
2 2 40
-1 0 42
-6 41 0
6 40 1
-3 39 2
-7 38 3
3 37 4
1 36 5
-6 35 6
-6 34 7
6 33 8
5 32 9
-5 31 10
7 30 11
2 29 12
4 28 13
-3 27 14
2 26 15
1 25 16
2 24 17
-8 23 18
6 22 19
-1 21 20
2 20 21
-7 19 22
-5 18 23
-5 17 24
-1 16 25
8 15 26
7 14 27
-7 13 28
-7 12 29
-4 11 30
6 10 31
-8 9 32
-3 8 33
-4 7 34
-2 6 35
-2 5 36
8 4 37
6 3 38
-1 2 39
5 1 40
-8 0 41
5 40 0
-7 39 1
-7 37 3
6 36 4
5 35 5
2 34 6
-5 33 7
-1 32 8
6 31 9
-3 30 10
-1 29 11
6 28 12
-5 27 13
7 26 14
2 25 15
6 24 16
-5 23 17
-5 22 18
-8 21 19
-5 20 20
4 19 21
-1 18 22
-2 17 23
1 16 24
-3 14 26
1 13 27
-5 12 28
-2 10 30
-3 9 31
-2 8 32
-4 6 34
-5 5 35
-7 4 36
-8 3 37
3 2 38
8 1 39
1 0 40
-7 39 0
7 38 1
3 37 2
6 36 3
-7 35 4
-4 34 5
-3 33 6
-4 32 7
-8 31 8
-3 30 9
-8 29 10
-1 28 11
-2 27 12
-4 26 13
5 25 14
-2 24 15
6 23 16
-6 22 17
-2 21 18
-5 20 19
-7 19 20
-7 18 21
4 17 22
1 16 23
-1 15 24
-7 14 25
5 13 26
5 12 27
8 11 28
-2 10 29
-4 9 30
8 8 31
5 7 32
-4 6 33
-8 5 34
6 3 36
2 2 37
-2 1 38
2 0 39
-8 38 0
-1 37 1
-7 36 2
-8 34 4
-7 33 5
6 32 6
-2 31 7
-5 30 8
4 29 9
-3 28 10
3 27 11
-3 26 12
-1 25 13
-7 24 14
-4 23 15
8 22 16
4 21 17
-5 20 18
8 19 19
6 17 21
-3 16 22
-2 15 23
-5 14 24
-2 13 25
6 12 26
-3 11 27
-1 10 28
7 9 29
-5 8 30
8 7 31
-5 6 32
-3 5 33
2 4 34
-4 2 36
2 1 37
-1 0 38
-4 37 0
8 36 1
-2 35 2
1 34 3
-8 33 4
-1 32 5
-2 31 6
-4 30 7
-4 29 8
1 28 9
7 27 10
8 25 12
3 24 13
-8 23 14
6 22 15
3 21 16
6 20 17
2 19 18
-3 18 19
1 17 20
-1 16 21
8 15 22
3 14 23
3 13 24
-4 12 25
2 11 26
1 10 27
8 9 28
-1 8 29
-1 7 30
1 6 31
-4 5 32
1 4 33
4 3 34
2 2 35
2 1 36
2 0 37
1 36 0
-5 35 1
-4 33 3
5 32 4
7 31 5
3 30 6
4 29 7
1 28 8
7 27 9
5 26 10
7 25 11
-8 24 12
-4 23 13
5 22 14
2 21 15
-2 20 16
-7 19 17
4 18 18
-2 17 19
1 16 20
3 15 21
7 14 22
-6 13 23
-2 12 24
-2 11 25
-5 10 26
-7 9 27
-2 8 28
-5 7 29
-7 6 30
-3 5 31
7 4 32
5 3 33
7 2 34
2 1 35
8 0 36
-6 35 0
-1 34 1
-5 33 2
8 32 3
-7 31 4
-6 30 5
5 29 6
7 28 7
8 27 8
-6 25 10
5 24 11
-7 23 12
-7 22 13
-3 21 14
-7 20 15
8 19 16
-5 18 17
-2 17 18
5 16 19
5 15 20
4 14 21
-6 13 22
1 12 23
7 11 24
-2 10 25
6 9 26
6 8 27
-7 7 28
1 5 30
5 4 31
-1 3 32
4 2 33
1 1 34
-4 0 35
-7 34 0
-1 33 1
4 32 2
-5 31 3
-2 30 4
-8 29 5
-2 28 6
-4 27 7
8 26 8
5 25 9
-2 24 10
6 23 11
5 22 12
-4 21 13
-3 20 14
-1 19 15
8 18 16
4 17 17
-6 16 18
-5 15 19
6 14 20
2 13 21
-4 12 22
-8 11 23
1 10 24
3 9 25
-5 8 26
4 7 27
5 6 28
-3 4 30
8 3 31
-1 2 32
-1 1 33
8 0 34
8 33 0
6 32 1
-1 31 2
1 30 3
8 29 4
-8 28 5
-3 27 6
6 26 7
-5 25 8
-3 24 9
4 23 10
-3 22 11
2 21 12
-5 20 13
-1 19 14
2 18 15
1 17 16
-5 16 17
-1 15 18
-7 14 19
8 13 20
4 12 21
1 11 22
-5 10 23
-6 8 25
8 7 26
-8 6 27
-3 5 28
6 4 29
2 3 30
7 2 31
-5 1 32
-6 0 33
2 31 1
-8 30 2
-1 29 3
-6 28 4
2 27 5
2 26 6
6 25 7
1 24 8
5 23 9
6 22 10
-6 21 11
-1 20 12
-3 19 13
5 18 14
-4 17 15
-4 16 16
2 15 17
-4 14 18
6 13 19
8 12 20
-5 11 21
-2 10 22
-1 9 23
4 8 24
-5 7 25
-1 6 26
-4 5 27
-8 4 28
2 3 29
-2 2 30
-8 0 32
6 31 0
-7 30 1
-8 29 2
-5 28 3
1 27 4
2 26 5
2 25 6
6 24 7
6 23 8
-3 22 9
-6 21 10
6 20 11
8 19 12
-6 18 13
-8 17 14
-5 16 15
3 15 16
-2 14 17
6 13 18
-3 12 19
-2 11 20
7 10 21
1 9 22
-4 8 23
8 7 24
-6 6 25
-1 5 26
4 3 28
-3 2 29
5 1 30
5 0 31
-3 30 0
5 29 1
4 28 2
-8 27 3
6 26 4
8 25 5
-1 24 6
2 23 7
2 22 8
2 21 9
-7 20 10
1 19 11
1 18 12
3 17 13
-1 16 14
7 15 15
-2 14 16
-3 13 17
-6 12 18
2 11 19
-5 10 20
-7 9 21
-1 8 22
6 7 23
-8 6 24
8 5 25
4 4 26
8 3 27
3 2 28
-2 1 29
-2 0 30
7 29 0
-2 28 1
-1 27 2
-5 26 3
2 25 4
-3 24 5
4 23 6
-5 22 7
-6 21 8
4 20 9
8 19 10
8 18 11
-6 17 12
-1 16 13
-2 15 14
-4 14 15
7 13 16
-8 12 17
-1 11 18
1 10 19
-1 9 20
-2 8 21
3 7 22
-4 6 23
-3 5 24
-7 4 25
1 3 26
-2 2 27
-8 1 28
-5 0 29
6 28 0
8 27 1
-6 26 2
-5 25 3
5 24 4
-2 23 5
3 22 6
1 21 7
-4 20 8
-3 19 9
2 18 10
-3 17 11
3 16 12
-7 15 13
3 14 14
5 13 15
-5 12 16
2 11 17
-2 10 18
-7 9 19
4 8 20
5 6 22
-5 5 23
-8 4 24
-2 3 25
2 2 26
-5 1 27
1 0 28
-4 27 0
-1 26 1
-7 25 2
3 24 3
5 22 5
-7 21 6
7 20 7
7 19 8
4 18 9
6 17 10
-7 16 11
-4 15 12
3 14 13
8 13 14
-3 12 15
6 11 16
3 10 17
5 9 18
-8 8 19
1 7 20
6 5 22
5 4 23
-4 3 24
3 2 25
7 0 27
-1 26 0
3 25 1
-6 24 2
-5 23 3
-4 22 4
-5 21 5
1 20 6
-5 19 7
3 18 8
-6 17 9
8 16 10
1 15 11
7 14 12
-1 13 13
-7 12 14
-3 11 15
4 10 16
2 8 18
-4 7 19
2 6 20
-4 4 22
3 3 23
3 2 24
3 1 25
-4 0 26
3 25 0
-8 24 1
-5 23 2
-6 22 3
7 21 4
-3 20 5
4 19 6
-2 18 7
-4 17 8
3 16 9
8 15 10
2 14 11
8 13 12
-6 12 13
-4 11 14
-4 10 15
-1 8 17
4 7 18
-7 6 19
-2 5 20
1 4 21
7 3 22
-4 2 23
5 1 24
8 0 25
8 24 0
3 22 2
3 21 3
3 20 4
-6 19 5
4 18 6
-3 17 7
-3 16 8
-2 15 9
5 14 10
-3 13 11
5 12 12
6 11 13
1 10 14
2 9 15
-3 8 16
6 7 17
2 6 18
-2 5 19
-3 4 20
-3 3 21
4 2 22
2 1 23
-1 0 24
-7 23 0
-2 22 1
4 21 2
1 20 3
-2 19 4
-1 18 5
4 17 6
3 16 7
-6 15 8
-3 14 9
-2 13 10
-1 12 11
-1 11 12
7 10 13
-3 9 14
-7 8 15
-2 7 16
-4 6 17
-6 5 18
-1 4 19
-5 3 20
2 2 21
-3 0 23
5 22 0
-6 21 1
6 20 2
2 19 3
7 18 4
3 16 6
5 15 7
2 14 8
-8 13 9
-7 12 10
2 11 11
-7 10 12
1 9 13
-4 8 14
-8 7 15
6 6 16
5 5 17
-5 4 18
-6 3 19
-3 2 20
-3 1 21
5 0 22
-2 21 0
8 20 1
2 19 2
-7 18 3
-8 17 4
7 16 5
7 15 6
6 14 7
-1 13 8
-2 12 9
7 11 10
7 10 11
2 9 12
-3 8 13
-1 6 15
4 5 16
6 4 17
-7 3 18
4 2 19
8 1 20
-8 0 21
5 20 0
-4 19 1
-7 18 2
-5 17 3
3 16 4
1 15 5
7 14 6
8 13 7
3 12 8
6 11 9
-6 10 10
-6 9 11
-6 8 12
-7 7 13
-4 6 14
-2 5 15
-7 4 16
-1 3 17
1 2 18
-6 1 19
-6 0 20
-4 19 0
-4 18 1
-5 17 2
4 16 3
-5 15 4
-8 14 5
-2 13 6
3 12 7
7 11 8
8 10 9
-6 9 10
8 8 11
-4 7 12
-1 6 13
-4 5 14
-4 4 15
7 3 16
2 1 18
-6 0 19
6 18 0
-5 17 1
-1 16 2
5 15 3
-1 14 4
-4 13 5
2 12 6
5 11 7
6 10 8
-5 9 9
-8 8 10
7 7 11
-1 6 12
1 5 13
6 4 14
8 3 15
-2 2 16
7 1 17
8 0 18
4 17 0
-4 16 1
2 15 2
1 14 3
-1 13 4
4 12 5
8 11 6
-8 10 7
6 9 8
3 7 10
4 6 11
-7 5 12
6 4 13
-5 3 14
4 2 15
-7 1 16
-2 0 17
-5 16 0
7 15 1
-7 14 2
4 13 3
5 12 4
-7 11 5
5 10 6
4 9 7
6 8 8
7 7 9
-2 6 10
-1 5 11
-4 4 12
-4 3 13
5 2 14
-4 1 15
8 0 16
1 15 0
-2 14 1
-4 13 2
6 12 3
-4 11 4
-7 10 5
-1 9 6
4 8 7
-5 7 8
-6 6 9
7 5 10
1 4 11
3 3 12
-1 2 13
5 1 14
-8 0 15
-3 14 0
7 13 1
5 11 3
5 10 4
3 9 5
-1 8 6
-4 7 7
4 5 9
7 4 10
-2 3 11
5 2 12
-3 1 13
4 0 14
-3 13 0
6 12 1
8 11 2
-3 9 4
-6 8 5
-8 7 6
-4 6 7
-7 5 8
6 3 10
-5 2 11
-3 1 12
-2 0 13
-7 12 0
-6 11 1
-3 10 2
-7 9 3
-3 8 4
-1 6 6
-2 5 7
-6 4 8
3 3 9
5 2 10
1 1 11
-6 0 12
-7 11 0
-1 10 1
-6 9 2
1 8 3
-7 7 4
-5 6 5
-5 5 6
3 4 7
3 3 8
-2 2 9
1 1 10
-1 0 11
3 10 0
3 9 1
4 8 2
8 7 3
-1 6 4
5 5 5
3 4 6
1 3 7
2 2 8
6 1 9
1 0 10
3 9 0
4 8 1
1 7 2
1 6 3
1 5 4
-2 4 5
-7 2 7
7 1 8
4 0 9
-4 8 0
7 7 1
8 3 5
5 2 6
-4 1 7
4 0 8
3 7 0
-1 6 1
-6 5 2
6 4 3
-6 3 4
-6 2 5
-7 1 6
-2 0 7
-7 6 0
-3 5 1
-2 4 2
-1 3 3
4 2 4
5 1 5
4 0 6
1 5 0
6 4 1
6 3 2
-6 2 3
3 1 4
8 0 5
-8 4 0
8 3 1
4 2 2
3 1 3
-4 0 4
-3 3 0
5 2 1
-8 0 3
7 2 0
-5 0 2
1 1 0
-6 0 1
-1 0 0
END
POLY M1_3
-8 29 75
-7 28 76
-7 27 77
8 26 78
-2 25 79
7 24 80
-8 23 81
8 31 72
-3 30 73
2 28 75
4 27 76
7 26 77
6 25 78
7 24 79
8 23 80
-8 22 81
6 39 63
3 38 64
5 37 65
2 36 66
7 35 67
-5 34 68
8 33 69
7 32 70
-6 31 71
-8 30 72
-2 29 73
-3 28 74
-3 27 75
-5 26 76
-2 25 77
7 24 78
-1 23 79
-1 22 80
-3 21 81
5 41 60
-8 40 61
1 39 62
-8 38 63
7 37 64
1 36 65
4 35 66
1 34 67
-7 33 68
-8 32 69
7 30 71
-5 29 72
4 28 73
-6 26 75
-2 25 76
7 24 77
4 23 78
-5 22 79
1 21 80
6 20 81
-3 44 56
7 43 57
-5 42 58
4 41 59
-2 40 60
6 39 61
-6 37 63
-2 36 64
-7 35 65
-5 34 66
-7 32 68
-7 31 69
2 30 70
-7 29 71
3 28 72
-5 26 74
4 25 75
-2 24 76
1 23 77
-6 22 78
7 21 79
3 20 80
-4 19 81
6 46 53
-1 45 54
-1 44 55
-2 43 56
-3 42 57
-2 41 58
-5 40 59
-2 39 60
2 38 61
6 37 62
8 36 63
-6 35 64
3 34 65
-2 33 66
-4 32 67
6 31 68
-6 30 69
-8 29 70
2 28 71
8 27 72
1 26 73
-1 25 74
-3 24 75
6 23 76
3 22 77
-6 20 79
-3 19 80
-2 17 82
-6 48 50
-7 46 52
2 45 53
-7 44 54
2 43 55
-1 42 56
-5 41 57
3 40 58
-2 39 59
7 38 60
2 37 61
-3 36 62
1 35 63
-2 34 64
8 33 65
-5 32 66
1 31 67
-5 30 68
1 29 69
5 28 70
-2 27 71
1 26 72
6 25 73
4 24 74
-2 23 75
3 22 76
-3 21 77
-4 20 78
7 19 79
5 18 80
-4 16 82
6 50 47
1 49 48
7 48 49
-8 47 50
-7 46 51
-1 45 52
-4 44 53
2 43 54
4 42 55
1 41 56
-7 40 57
-2 39 58
5 38 59
1 37 60
-5 36 61
6 35 62
-7 34 63
8 31 66
1 30 67
-8 29 68
1 28 69
-4 27 70
-5 26 71
8 25 72
-1 24 73
-3 23 74
7 22 75
-1 20 77
1 19 78
-1 18 79
-1 17 80
2 16 81
1 15 82
-6 52 44
-8 51 45
-2 50 46
-4 48 48
5 47 49
-3 46 50
1 45 51
3 44 52
-4 43 53
-7 42 54
6 41 55
-8 40 56
3 39 57
-3 38 58
3 37 59
3 36 60
-7 35 61
4 34 62
7 33 63
1 32 64
-4 31 65
7 30 66
8 29 67
-2 28 68
3 27 69
-8 26 70
-8 25 71
-6 24 72
3 23 73
6 22 74
-1 21 75
6 20 76
1 19 77
-7 18 78
8 17 79
4 15 81
4 14 82
6 54 41
-2 53 42
2 52 43
-4 51 44
-6 49 46
2 48 47
8 47 48
2 46 49
-6 45 50
8 44 51
7 43 52
-8 42 53
-8 41 54
3 40 55
8 39 56
-6 38 57
-6 37 58
6 36 59
-3 35 60
-5 33 62
-4 32 63
3 30 65
-8 29 66
6 28 67
5 27 68
-5 26 69
3 25 70
1 23 72
-7 22 73
-2 21 74
8 20 75
-5 19 76
1 18 77
-2 17 78
-1 16 79
-8 15 80
-7 14 81
1 13 82
-3 56 38
-8 55 39
-7 54 40
-6 53 41
-2 52 42
1 51 43
-2 50 44
6 49 45
-1 48 46
1 47 47
2 46 48
5 44 50
8 42 52
-6 41 53
7 40 54
-1 39 55
7 38 56
3 37 57
-8 36 58
8 35 59
-3 34 60
7 33 61
8 32 62
-8 31 63
-2 29 65
6 28 66
-4 27 67
2 26 68
-2 25 69
7 24 70
1 23 71
-4 22 72
-7 21 73
6 20 74
-5 19 75
1 18 76
1 17 77
4 16 78
8 15 79
-8 14 80
-8 13 81
-3 12 82
-3 11 83
5 56 37
3 55 38
-6 54 39
-5 53 40
7 52 41
-5 51 42
7 50 43
5 49 44
2 48 45
-2 47 46
-6 46 47
3 45 48
-1 44 49
-2 42 51
-1 41 52
2 39 54
1 38 55
-2 37 56
8 36 57
5 35 58
-7 34 59
2 33 60
-7 32 61
-4 31 62
2 30 63
-7 29 64
-5 28 65
-3 27 66
5 26 67
-5 25 68
7 24 69
-5 23 70
-2 22 71
-7 21 72
-8 20 73
8 19 74
3 18 75
7 17 76
-3 16 77
-6 15 78
-3 14 79
-7 13 80
-3 12 81
-2 11 82
-2 10 83
-1 56 36
-4 55 37
-3 54 38
7 53 39
1 52 40
6 51 41
-4 50 42
-5 49 43
7 48 44
-5 47 45
-2 46 46
-7 45 47
-2 44 48
1 43 49
3 42 50
2 41 51
-8 40 52
-1 39 53
-6 38 54
-3 36 56
-7 35 57
-1 34 58
-2 33 59
-8 32 60
8 31 61
-4 30 62
4 29 63
2 28 64
-6 27 65
-2 26 66
5 25 67
-6 24 68
-7 23 69
4 22 70
2 21 71
-1 20 72
-1 19 73
-1 18 74
4 17 75
-6 16 76
-7 14 78
6 13 79
-1 12 80
-8 11 81
-4 10 82
-8 9 83
-3 55 36
-3 54 37
2 52 39
-8 51 40
2 50 41
3 49 42
5 48 43
6 47 44
-8 46 45
-6 45 46
-3 44 47
3 43 48
2 42 49
-1 41 50
-2 40 51
-2 39 52
3 38 53
-1 37 54
2 36 55
7 35 56
7 34 57
-2 33 58
-8 32 59
-2 31 60
5 30 61
2 29 62
-8 28 63
-7 27 64
7 26 65
-1 25 66
-2 24 67
3 23 68
3 22 69
3 21 70
3 20 71
4 19 72
8 18 73
-4 17 74
3 16 75
-5 15 76
6 14 77
8 13 78
-8 12 79
8 11 80
-7 10 81
-3 9 82
4 8 83
4 55 35
-4 54 36
-6 53 37
-8 52 38
-8 50 40
-1 47 43
4 46 44
8 45 45
4 44 46
-5 43 47
5 42 48
-6 41 49
-8 39 51
-4 38 52
3 37 53
2 36 54
-1 35 55
4 34 56
5 33 57
1 32 58
-2 31 59
-6 30 60
-3 29 61
-7 28 62
-3 27 63
-5 26 64
-8 25 65
6 24 66
-3 23 67
-8 22 68
-2 21 69
-4 20 70
6 19 71
6 18 72
1 17 73
8 16 74
-2 15 75
-6 14 76
-3 13 77
6 12 78
-6 11 79
3 10 80
-7 9 81
5 8 82
1 7 83
-4 54 35
7 52 37
-8 51 38
-2 50 39
4 49 40
-4 48 41
2 47 42
4 46 43
-4 45 44
1 44 45
-3 43 46
-6 42 47
-5 41 48
-4 40 49
1 39 50
-3 38 51
-4 37 52
2 36 53
-7 35 54
7 34 55
-1 33 56
7 32 57
-7 31 58
1 30 59
7 29 60
-4 28 61
7 27 62
4 26 63
2 25 64
-1 24 65
-6 23 66
-5 22 67
6 21 68
-5 20 69
5 19 70
-7 18 71
-7 17 72
-2 16 73
4 15 74
-1 14 75
2 13 76
-5 12 77
-2 11 78
3 10 79
3 9 80
-4 8 81
6 7 82
-5 6 83
7 5 84
3 52 36
6 51 37
5 50 38
5 49 39
2 48 40
-7 47 41
-8 46 42
-5 45 43
-7 44 44
4 43 45
-7 42 46
-1 40 48
1 39 49
2 38 50
1 37 51
-1 36 52
-4 35 53
-8 34 54
5 33 55
-5 31 57
-1 30 58
6 29 59
8 28 60
-5 27 61
-6 26 62
7 25 63
-4 24 64
-4 23 65
5 22 66
6 21 67
1 20 68
-3 19 69
3 18 70
-8 17 71
2 16 72
2 15 73
2 14 74
-1 13 75
-8 12 76
1 11 77
4 10 78
-2 9 79
-8 7 81
-5 6 82
4 5 83
7 4 84
-2 52 35
-8 51 36
-3 50 37
-1 49 38
6 48 39
-8 47 40
-4 46 41
1 45 42
2 44 43
2 43 44
-6 42 45
-5 41 46
7 40 47
-7 39 48
4 38 49
4 37 50
-3 35 52
4 33 54
-4 32 55
5 30 57
6 29 58
4 28 59
1 27 60
7 26 61
7 24 63
6 23 64
-6 22 65
-8 21 66
1 20 67
-2 19 68
-1 18 69
-1 17 70
-8 16 71
-4 15 72
1 14 73
6 13 74
5 12 75
-7 11 76
4 10 77
-3 9 78
5 8 79
5 7 80
2 5 82
2 4 83
-8 3 84
1 51 35
8 50 36
-2 49 37
-2 48 38
6 47 39
-2 46 40
-7 45 41
-3 44 42
4 41 45
-3 40 46
-6 39 47
2 38 48
6 37 49
4 36 50
-8 35 51
3 34 52
-6 33 53
2 32 54
-8 31 55
2 30 56
8 29 57
-7 28 58
1 27 59
3 26 60
6 25 61
-2 24 62
8 23 63
-1 22 64
-4 21 65
1 20 66
7 19 67
2 18 68
-2 17 69
7 16 70
-8 15 71
-7 14 72
-7 13 73
-5 12 74
-7 11 75
-4 10 76
4 8 78
-1 7 79
5 5 81
-6 4 82
7 3 83
-1 2 84
8 52 33
-2 51 34
-1 50 35
7 49 36
5 48 37
-8 47 38
2 46 39
7 45 40
-2 44 41
-8 43 42
-2 42 43
1 41 44
-6 40 45
7 39 46
-2 38 47
7 37 48
-2 36 49
-4 34 51
8 33 52
-8 32 53
-3 31 54
1 30 55
1 29 56
5 28 57
-2 27 58
-5 26 59
2 25 60
7 24 61
-6 23 62
2 22 63
2 21 64
2 20 65
5 19 66
4 18 67
-6 17 68
-2 16 69
-6 15 70
-8 14 71
5 13 72
1 11 74
8 10 75
7 9 76
1 8 77
4 7 78
8 6 79
-2 5 80
-6 4 81
-6 3 82
-1 2 83
-5 1 84
-8 54 30
-5 53 31
-7 52 32
7 49 35
4 48 36
5 47 37
1 46 38
-8 45 39
4 44 40
5 43 41
8 42 42
6 41 43
-6 40 44
3 39 45
-7 38 46
-7 37 47
7 36 48
2 35 49
8 34 50
4 33 51
6 32 52
3 31 53
7 30 54
-3 29 55
5 28 56
3 27 57
6 26 58
-1 25 59
4 24 60
6 23 61
-7 22 62
4 21 63
8 20 64
-5 19 65
-1 18 66
3 17 67
2 16 68
1 15 69
-2 14 70
3 13 71
-8 12 72
-6 11 73
-5 10 74
5 9 75
4 8 76
-3 7 77
-5 6 78
8 5 79
-6 4 80
-4 3 81
6 2 82
6 1 83
1 0 84
-6 62 21
8 61 22
-8 60 23
-7 59 24
8 58 25
2 57 26
-5 56 27
8 55 28
-8 54 29
-1 53 30
-7 52 31
-4 51 32
-1 50 33
8 49 34
5 48 35
4 47 36
-7 46 37
-4 45 38
2 44 39
-5 43 40
8 42 41
-5 41 42
-3 39 44
2 38 45
8 37 46
7 36 47
-4 35 48
-6 34 49
5 33 50
7 32 51
-8 31 52
-4 30 53
5 29 54
4 28 55
7 27 56
-2 26 57
4 25 58
3 24 59
6 23 60
4 22 61
3 21 62
3 20 63
1 18 65
1 17 66
-2 16 67
-1 15 68
2 14 69
2 13 70
4 12 71
7 11 72
5 10 73
-4 9 74
1 8 75
-5 7 76
-5 6 77
3 5 78
-3 4 79
3 3 80
-3 2 81
1 1 82
-5 0 83
-5 64 18
3 63 19
6 62 20
8 61 21
2 60 22
-7 59 23
2 58 24
1 57 25
-2 56 26
-8 54 28
-3 53 29
-1 52 30
-8 51 31
-1 50 32
7 49 33
-7 48 34
6 47 35
-5 46 36
3 45 37
-5 44 38
-5 43 39
-6 42 40
4 41 41
2 40 42
2 39 43
-1 38 44
-4 37 45
4 36 46
3 35 47
1 34 48
-1 33 49
5 32 50
8 31 51
5 30 52
-1 29 53
2 28 54
3 27 55
3 26 56
8 25 57
2 23 59
1 22 60
-1 21 61
-7 20 62
7 19 63
2 18 64
1 17 65
-5 16 66
3 15 67
6 14 68
3 13 69
3 12 70
3 11 71
-6 10 72
-3 9 73
-1 7 75
-8 6 76
-5 5 77
3 4 78
5 3 79
1 2 80
4 1 81
5 66 15
-5 65 16
-3 64 17
-8 63 18
-1 62 19
3 61 20
-8 60 21
-1 59 22
-6 58 23
6 57 24
6 56 25
-1 55 26
-3 54 27
5 53 28
1 52 29
2 51 30
-4 50 31
-4 49 32
-6 48 33
2 47 34
-7 45 36
7 44 37
-8 43 38
-3 42 39
6 41 40
-7 40 41
6 39 42
-2 37 44
5 36 45
-2 35 46
-8 34 47
6 33 48
-7 32 49
1 31 50
-1 30 51
-6 29 52
-3 28 53
3 27 54
-3 26 55
-5 25 56
1 24 57
3 23 58
-3 22 59
7 21 60
8 20 61
3 19 62
8 18 63
-1 17 64
-1 16 65
4 15 66
-6 14 67
-5 13 68
-6 12 69
-1 11 70
8 10 71
2 9 72
-3 8 73
2 7 74
4 5 76
-4 4 77
-2 3 78
-6 2 79
2 1 80
-6 0 81
-5 68 12
7 67 13
1 66 14
-3 65 15
-5 64 16
8 63 17
-5 62 18
-4 61 19
3 60 20
3 59 21
-4 58 22
-8 57 23
7 55 25
4 54 26
7 53 27
-8 52 28
2 50 30
-7 49 31
2 48 32
2 47 33
-5 46 34
-4 45 35
-3 44 36
-7 42 38
-4 41 39
6 39 41
-5 38 42
4 37 43
8 36 44
3 35 45
-1 34 46
6 33 47
5 32 48
-3 30 50
3 29 51
-7 28 52
-5 27 53
-4 26 54
2 25 55
6 24 56
-7 23 57
-8 22 58
3 21 59
-8 20 60
-4 19 61
-2 18 62
-2 17 63
6 16 64
-6 15 65
-7 14 66
7 12 68
7 11 69
-6 10 70
-6 9 71
-4 8 72
-2 7 73
-4 6 74
-2 5 75
8 4 76
-1 3 77
1 2 78
-8 1 79
-5 0 80
5 70 9
8 69 10
-5 68 11
3 67 12
7 66 13
-1 65 14
7 64 15
-6 62 17
4 61 18
8 60 19
4 59 20
8 58 21
4 57 22
2 56 23
-4 55 24
-3 54 25
3 53 26
6 52 27
4 51 28
2 50 29
5 49 30
-8 48 31
-7 47 32
-4 46 33
-4 45 34
-6 44 35
4 43 36
-7 42 37
-6 41 38
6 39 40
5 38 41
-1 37 42
5 35 44
-2 34 45
-6 33 46
-3 32 47
-3 31 48
-8 30 49
4 29 50
-4 28 51
3 27 52
3 26 53
1 25 54
5 24 55
-7 23 56
-2 22 57
-7 21 58
6 20 59
-5 19 60
2 18 61
2 17 62
5 16 63
-5 15 64
2 14 65
-1 13 66
6 12 67
-5 11 68
-5 10 69
-2 9 70
-2 8 71
5 7 72
2 6 73
8 5 74
7 4 75
-7 3 76
-7 2 77
-7 1 78
-6 0 79
-5 72 6
-6 71 7
-2 70 8
-8 69 9
-1 68 10
-8 67 11
4 66 12
-5 65 13
3 64 14
-2 63 15
7 62 16
6 61 17
-3 59 19
2 58 20
1 57 21
3 55 23
6 54 24
-7 53 25
3 52 26
7 51 27
2 50 28
-6 48 30
1 47 31
-2 46 32
-6 45 33
-8 44 34
3 43 35
-2 41 37
-2 40 38
3 39 39
-5 38 40
-6 37 41
-7 36 42
6 35 43
-3 34 44
7 33 45
5 32 46
1 31 47
6 30 48
8 28 50
4 27 51
5 26 52
1 25 53
1 24 54
7 23 55
-1 22 56
-8 21 57
-5 20 58
8 18 60
-3 17 61
3 16 62
-2 15 63
8 14 64
7 13 65
7 12 66
2 11 67
-6 10 68
1 9 69
2 8 70
6 7 71
-8 6 72
-2 5 73
-8 4 74
-4 3 75
8 2 76
3 1 77
-4 0 78
-6 74 3
2 73 4
-8 72 5
-4 71 6
7 70 7
8 69 8
4 68 9
-3 67 10
-6 66 11
-5 65 12
8 64 13
8 63 14
-3 62 15
-6 61 16
8 59 18
4 58 19
-8 57 20
2 56 21
-5 55 22
-1 54 23
-6 53 24
2 52 25
1 51 26
-2 50 27
-5 49 28
-4 48 29
6 47 30
2 46 31
4 45 32
-3 44 33
-4 43 34
-7 42 35
6 41 36
-3 40 37
7 39 38
-4 38 39
5 37 40
-5 36 41
-4 35 42
-2 34 43
-1 33 44
2 32 45
7 31 46
-7 28 49
-6 27 50
-7 26 51
4 25 52
-3 24 53
8 23 54
-1 22 55
-7 21 56
-7 20 57
7 19 58
-7 18 59
-5 17 60
-7 16 61
8 15 62
2 14 63
-7 13 64
4 12 65
1 11 66
-4 9 68
-3 8 69
-1 7 70
5 6 71
4 5 72
7 4 73
-8 3 74
1 2 75
-8 1 76
-4 0 77
-7 74 2
1 73 3
7 72 4
5 71 5
-1 70 6
6 69 7
1 67 9
3 66 10
2 65 11
-5 64 12
7 63 13
3 62 14
8 61 15
1 60 16
-2 59 17
2 58 18
7 57 19
5 56 20
-5 55 21
-2 54 22
6 53 23
5 52 24
8 51 25
1 50 26
3 49 27
4 48 28
-7 47 29
6 46 30
2 45 31
1 44 32
-6 43 33
7 42 34
5 41 35
-7 40 36
2 38 38
2 37 39
4 35 41
-5 34 42
2 33 43
-5 32 44
-3 31 45
-2 29 47
4 28 48
1 27 49
-7 26 50
1 25 51
-1 24 52
-8 23 53
7 22 54
-5 21 55
5 20 56
-7 19 57
6 18 58
-4 17 59
1 16 60
4 15 61
-2 13 63
8 12 64
5 11 65
-4 10 66
1 9 67
-1 8 68
3 7 69
7 6 70
-2 5 71
-5 4 72
-6 3 73
1 1 75
-7 0 76
-2 74 1
-4 73 2
-2 72 3
-5 71 4
-5 70 5
1 69 6
5 68 7
-5 67 8
-3 66 9
5 65 10
2 64 11
-8 63 12
-8 62 13
6 60 15
-5 59 16
8 58 17
-7 57 18
-1 56 19
-5 55 20
-5 54 21
-3 53 22
2 52 23
1 51 24
-7 49 26
5 48 27
8 47 28
4 46 29
-8 45 30
7 44 31
-3 43 32
4 42 33
-8 41 34
7 40 35
-5 39 36
-1 38 37
-1 37 38
3 36 39
8 35 40
-4 34 41
8 33 42
7 32 43
8 31 44
-2 30 45
7 29 46
6 28 47
4 27 48
-4 26 49
-1 25 50
4 24 51
4 23 52
6 22 53
-7 21 54
3 20 55
5 19 56
5 18 57
1 17 58
8 16 59
2 15 60
-2 14 61
8 13 62
-2 12 63
-1 11 64
6 10 65
5 9 66
7 8 67
-8 7 68
6 6 69
-8 5 70
-3 4 71
-1 3 72
4 2 73
-2 1 74
8 0 75
8 73 1
-4 72 2
4 71 3
-7 70 4
7 69 5
3 68 6
5 67 7
-8 64 10
-4 63 11
7 62 12
-8 61 13
-5 59 15
2 58 16
1 57 17
1 56 18
2 55 19
3 54 20
-4 53 21
6 52 22
7 51 23
2 50 24
5 49 25
-5 48 26
-6 47 27
5 46 28
-1 45 29
1 44 30
-5 43 31
8 42 32
-6 41 33
-8 40 34
7 39 35
-5 38 36
-6 37 37
-5 36 38
7 35 39
5 34 40
-6 33 41
1 32 42
3 31 43
-7 30 44
-8 29 45
-5 28 46
8 27 47
-6 26 48
-1 25 49
-1 24 50
8 23 51
4 22 52
1 21 53
-1 20 54
1 19 55
7 18 56
6 17 57
-7 16 58
1 15 59
-2 14 60
6 12 62
-4 11 63
-2 9 65
-4 8 66
2 7 67
1 6 68
2 5 69
-7 4 70
-4 2 72
3 1 73
-8 0 74
8 73 0
8 71 2
-3 70 3
-1 69 4
1 68 5
5 67 6
7 66 7
-2 65 8
7 64 9
7 63 10
7 62 11
7 61 12
2 60 13
7 59 14
5 58 15
6 57 16
-1 56 17
-2 55 18
-1 54 19
8 53 20
5 52 21
8 51 22
3 50 23
7 49 24
7 48 25
7 47 26
-1 46 27
-7 45 28
3 43 30
-1 42 31
7 41 32
-7 40 33
-8 39 34
1 38 35
5 37 36
-6 35 38
3 34 39
-5 33 40
-5 32 41
7 31 42
2 30 43
2 29 44
2 28 45
-7 27 46
-6 26 47
-7 25 48
-8 24 49
3 23 50
-1 22 51
-6 20 53
8 19 54
2 18 55
-3 16 57
-2 15 58
4 14 59
-2 13 60
8 12 61
2 11 62
1 10 63
-4 9 64
6 8 65
2 7 66
7 6 67
2 5 68
-6 4 69
-6 3 70
5 2 71
8 1 72
-3 0 73
4 72 0
-8 71 1
-8 70 2
7 69 3
-7 68 4
1 67 5
7 66 6
4 65 7
-4 64 8
4 63 9
-5 62 10
8 61 11
2 60 12
-1 59 13
1 58 14
1 57 15
2 56 16
7 55 17
4 54 18
1 53 19
-2 52 20
8 51 21
-5 50 22
8 48 24
-5 47 25
8 45 27
-5 44 28
-1 43 29
-6 42 30
1 41 31
4 40 32
5 39 33
-2 38 34
4 37 35
8 36 36
6 35 37
7 34 38
1 33 39
-2 32 40
7 31 41
5 30 42
5 29 43
5 28 44
-5 26 46
7 25 47
8 24 48
3 23 49
6 22 50
-8 21 51
8 20 52
6 19 53
-1 18 54
-7 17 55
-1 16 56
4 15 57
3 14 58
7 13 59
3 12 60
8 11 61
-6 10 62
8 9 63
2 8 64
1 7 65
-5 5 67
-6 4 68
-1 3 69
6 2 70
7 1 71
-7 0 72
-6 71 0
-3 70 1
8 69 2
-4 68 3
-7 67 4
-7 66 5
-1 65 6
-6 64 7
6 63 8
3 62 9
-6 61 10
8 60 11
-2 59 12
-3 58 13
-2 57 14
1 56 15
-8 55 16
-8 54 17
-2 53 18
-6 52 19
5 51 20
-4 50 21
-8 49 22
2 48 23
4 47 24
5 46 25
-4 45 26
7 44 27
2 43 28
-4 42 29
5 41 30
8 40 31
-1 39 32
-6 38 33
-4 37 34
5 36 35
-4 35 36
4 34 37
5 33 38
1 32 39
7 31 40
-8 30 41
-6 29 42
-1 28 43
7 26 45
8 25 46
-3 24 47
-6 22 49
2 21 50
5 20 51
5 19 52
-2 18 53
-6 17 54
-1 16 55
-7 15 56
4 14 57
4 13 58
7 12 59
-4 11 60
-7 10 61
-2 9 62
6 8 63
-2 7 64
3 5 66
-7 4 67
2 3 68
1 2 69
-2 1 70
-7 0 71
-2 70 0
1 69 1
-7 68 2
-6 67 3
-5 66 4
5 65 5
-3 64 6
3 63 7
8 62 8
-7 61 9
2 60 10
-1 59 11
-8 58 12
7 57 13
-2 56 14
4 55 15
7 54 16
2 53 17
7 52 18
-8 51 19
6 50 20
3 49 21
2 47 23
1 46 24
3 45 25
1 44 26
2 43 27
7 42 28
-7 41 29
-1 40 30
-3 39 31
5 38 32
8 37 33
-7 36 34
-4 35 35
1 34 36
4 33 37
5 32 38
-2 31 39
-5 30 40
-3 29 41
2 28 42
-8 27 43
-4 26 44
8 25 45
-8 24 46
-3 23 47
-2 22 48
5 21 49
1 20 50
-3 19 51
-1 18 52
-4 17 53
5 16 54
3 15 55
3 13 57
3 12 58
5 11 59
-4 10 60
4 9 61
-2 8 62
7 7 63
-4 5 65
4 4 66
7 3 67
-8 2 68
5 1 69
5 0 70
1 69 0
-5 68 1
3 67 2
-1 66 3
-1 65 4
-8 64 5
3 63 6
6 62 7
7 61 8
3 60 9
-3 59 10
6 58 11
6 57 12
4 56 13
-4 55 14
2 54 15
-1 53 16
-8 52 17
7 51 18
6 50 19
-7 49 20
3 48 21
-1 47 22
-4 46 23
-2 45 24
-1 44 25
1 43 26
7 42 27
-6 41 28
-5 40 29
7 38 31
-3 37 32
1 36 33
-4 35 34
6 34 35
-4 33 36
-4 32 37
-8 31 38
4 30 39
1 27 42
-2 26 43
-2 25 44
7 24 45
6 23 46
-5 22 47
6 21 48
-7 20 49
7 19 50
-5 18 51
-8 16 53
-8 15 54
-1 14 55
-5 13 56
1 12 57
-6 11 58
-3 10 59
-7 9 60
1 8 61
8 7 62
8 6 63
-4 4 65
1 3 66
4 2 67
7 1 68
4 0 69
2 68 0
-5 67 1
6 65 3
-1 64 4
-6 63 5
3 62 6
-4 61 7
-7 60 8
4 59 9
-1 58 10
-6 57 11
-1 56 12
-1 55 13
2 53 15
-1 52 16
7 51 17
6 50 18
-5 49 19
-6 48 20
4 47 21
-7 46 22
5 45 23
-2 44 24
8 43 25
-6 42 26
7 41 27
-5 40 28
1 39 29
3 38 30
-2 37 31
1 36 32
8 35 33
-8 34 34
-6 33 35
-7 32 36
-7 31 37
-2 30 38
-1 29 39
-2 28 40
2 27 41
-8 26 42
-8 25 43
-1 24 44
1 23 45
7 22 46
5 21 47
1 20 48
6 19 49
3 18 50
-6 17 51
5 16 52
2 15 53
-5 14 54
-6 13 55
8 12 56
-8 11 57
8 10 58
7 9 59
-5 8 60
7 7 61
-6 6 62
-1 5 63
6 3 65
-2 2 66
7 1 67
-4 0 68
4 67 0
-8 66 1
4 65 2
8 64 3
5 63 4
-3 62 5
-7 61 6
-6 60 7
-3 59 8
-3 58 9
-6 57 10
3 56 11
-5 55 12
-1 54 13
-8 53 14
-7 52 15
2 51 16
5 50 17
7 49 18
-4 48 19
-7 47 20
-3 46 21
-1 45 22
-4 44 23
-2 43 24
-5 42 25
-4 41 26
-6 40 27
-3 39 28
-6 38 29
-3 37 30
-8 36 31
3 35 32
-7 34 33
3 33 34
-4 31 36
6 30 37
7 29 38
3 27 40
-7 26 41
7 25 42
-4 24 43
-5 21 46
8 20 47
-7 19 48
1 18 49
4 17 50
6 16 51
-1 15 52
2 13 54
8 12 55
-1 11 56
-2 10 57
4 9 58
-7 8 59
2 7 60
-4 6 61
5 5 62
4 3 64
-2 2 65
5 1 66
3 0 67
-6 66 0
-4 65 1
-4 64 2
-7 63 3
7 62 4
-6 61 5
-2 60 6
-4 59 7
7 58 8
8 57 9
-4 56 10
8 55 11
-1 54 12
7 53 13
4 52 14
-2 51 15
3 50 16
6 49 17
5 48 18
5 46 20
-5 45 21
6 44 22
1 43 23
5 42 24
-2 41 25
5 40 26
-8 39 27
6 38 28
6 37 29
-2 36 30
8 35 31
3 34 32
-2 33 33
1 32 34
3 31 35
-2 30 36
-2 29 37
1 28 38
-4 26 40
-4 25 41
5 24 42
-8 23 43
8 22 44
7 21 45
1 20 46
-7 19 47
8 18 48
6 17 49
3 15 51
4 14 52
8 13 53
6 12 54
-2 11 55
-4 10 56
5 9 57
-1 8 58
-8 7 59
3 6 60
-6 4 62
1 3 63
-1 2 64
-7 1 65
5 0 66
8 65 0
-7 64 1
-6 63 2
-3 62 3
5 61 4
2 60 5
7 59 6
8 58 7
-6 56 9
8 55 10
1 54 11
2 53 12
5 52 13
7 51 14
8 50 15
3 49 16
-4 48 17
1 47 18
-6 46 19
-2 45 20
7 44 21
3 43 22
-1 42 23
3 41 24
1 40 25
4 39 26
2 38 27
-3 37 28
-5 36 29
-2 35 30
5 34 31
-5 33 32
4 32 33
2 31 34
7 30 35
-2 29 36
-4 28 37
6 27 38
-6 26 39
5 25 40
7 24 41
2 23 42
4 22 43
1 21 44
6 20 45
-6 19 46
-6 18 47
1 17 48
-1 16 49
7 15 50
-8 14 51
-2 12 53
-3 11 54
8 10 55
7 9 56
6 8 57
-1 7 58
2 6 59
-4 5 60
-1 4 61
4 3 62
7 2 63
-6 1 64
4 0 65
-4 64 0
-4 63 1
5 62 2
-1 61 3
-1 60 4
3 59 5
4 58 6
-4 57 7
6 56 8
-6 55 9
-6 54 10
-8 53 11
-4 51 13
-6 50 14
-6 49 15
-5 48 16
-2 47 17
-8 46 18
-8 45 19
-3 44 20
8 43 21
4 42 22
-4 41 23
-1 40 24
-1 39 25
-7 38 26
-7 37 27
5 36 28
8 35 29
3 34 30
3 33 31
5 32 32
4 31 33
1 30 34
3 29 35
4 28 36
-6 27 37
-6 26 38
-7 25 39
4 24 40
-6 23 41
-3 22 42
6 21 43
1 20 44
-1 19 45
3 18 46
-2 17 47
4 16 48
-7 15 49
8 13 51
-3 12 52
-5 11 53
8 10 54
7 9 55
2 7 57
8 6 58
-4 5 59
8 3 61
-1 2 62
6 1 63
6 0 64
-1 63 0
6 61 2
-7 60 3
7 59 4
-5 56 7
3 55 8
-8 54 9
-6 53 10
1 52 11
-6 51 12
-2 50 13
-3 49 14
6 48 15
4 47 16
-7 46 17
8 45 18
-2 44 19
6 43 20
4 42 21
6 41 22
7 40 23
-6 39 24
-1 38 25
-7 37 26
-2 36 27
2 35 28
-3 34 29
3 33 30
-8 32 31
-1 31 32
7 29 34
4 28 35
3 27 36
-5 26 37
-5 25 38
-2 24 39
-7 23 40
3 22 41
3 21 42
-1 20 43
7 19 44
-5 18 45
-7 17 46
-3 16 47
-1 15 48
2 14 49
7 13 50
-1 12 51
-7 11 52
6 10 53
-5 9 54
-4 8 55
-2 7 56
-2 6 57
3 5 58
3 4 59
7 3 60
1 2 61
-3 1 62
-5 0 63
-6 62 0
-6 61 1
7 60 2
-3 59 3
4 58 4
-5 57 5
-6 56 6
1 55 7
3 54 8
-7 53 9
1 52 10
3 51 11
-6 50 12
-2 49 13
-4 47 15
2 46 16
7 45 17
7 44 18
7 43 19
-3 42 20
-6 41 21
-1 40 22
-5 39 23
6 38 24
-5 37 25
-1 36 26
-8 35 27
-3 34 28
7 33 29
-3 32 30
-5 31 31
1 30 32
-2 29 33
5 28 34
1 27 35
-2 26 36
-4 25 37
-4 24 38
-1 23 39
1 22 40
-8 21 41
5 20 42
4 19 43
8 18 44
2 17 45
-1 16 46
-6 15 47
-6 14 48
-3 12 50
4 11 51
7 10 52
-3 9 53
-7 8 54
-5 7 55
1 6 56
7 5 57
-2 4 58
6 3 59
-2 2 60
4 1 61
8 0 62
-3 61 0
8 60 1
6 59 2
-5 58 3
3 57 4
6 56 5
-2 55 6
4 54 7
6 53 8
1 52 9
-7 51 10
-3 50 11
8 49 12
6 48 13
-2 47 14
-7 46 15
-4 45 16
-8 44 17
5 43 18
-5 42 19
3 41 20
5 40 21
-2 39 22
-5 38 23
-1 37 24
6 36 25
-6 35 26
7 34 27
-3 33 28
-4 32 29
-3 31 30
4 30 31
-4 29 32
3 28 33
-6 27 34
3 26 35
1 25 36
-4 24 37
6 21 40
7 20 41
6 19 42
8 18 43
2 17 44
-6 16 45
-8 15 46
5 14 47
7 13 48
-4 12 49
-5 11 50
-3 10 51
-4 9 52
-2 8 53
-4 7 54
1 6 55
-1 5 56
5 4 57
5 2 59
5 0 61
-2 60 0
6 59 1
-3 58 2
4 57 3
3 56 4
-7 55 5
-6 54 6
-1 53 7
-1 52 8
2 51 9
2 50 10
6 49 11
-3 48 12
-8 47 13
2 46 14
-6 45 15
2 44 16
7 43 17
-2 42 18
3 41 19
8 40 20
1 39 21
-7 38 22
-6 37 23
-6 36 24
-6 35 25
-7 33 27
6 32 28
-7 31 29
4 30 30
-6 29 31
6 28 32
3 27 33
6 26 34
-6 25 35
-7 24 36
2 23 37
3 22 38
-6 21 39
-8 20 40
2 19 41
8 18 42
6 17 43
-3 16 44
-6 15 45
6 14 46
-5 13 47
-5 12 48
-4 11 49
-2 10 50
-4 9 51
-7 8 52
-6 7 53
1 6 54
-1 5 55
6 4 56
-2 3 57
-3 2 58
-8 1 59
8 0 60
-7 59 0
-6 58 1
3 57 2
-4 56 3
2 55 4
-5 54 5
-1 52 7
4 51 8
-5 50 9
-8 49 10
-2 48 11
-1 47 12
-7 46 13
-1 44 15
-3 43 16
-7 42 17
7 41 18
2 40 19
8 39 20
-5 38 21
-3 37 22
7 36 23
-8 35 24
-4 34 25
1 32 27
4 31 28
8 30 29
-8 29 30
3 28 31
1 27 32
4 26 33
-1 25 34
4 24 35
2 23 36
-6 22 37
4 21 38
-8 20 39
-2 19 40
7 18 41
-7 17 42
-7 15 44
-2 14 45
-7 13 46
1 12 47
-2 11 48
6 10 49
3 9 50
-2 8 51
-5 7 52
2 6 53
6 5 54
-2 4 55
-2 3 56
7 2 57
-2 1 58
6 0 59
6 58 0
-6 57 1
-8 56 2
7 55 3
-4 53 5
5 52 6
-8 51 7
-4 50 8
7 49 9
4 48 10
-2 47 11
-4 46 12
4 45 13
8 44 14
-2 43 15
-4 42 16
-1 41 17
-8 40 18
-4 39 19
5 38 20
6 37 21
1 36 22
-4 35 23
6 34 24
-7 33 25
1 32 26
4 31 27
7 30 28
-4 29 29
-3 28 30
-6 27 31
-3 26 32
5 24 34
-2 23 35
4 22 36
8 21 37
4 20 38
-3 19 39
5 18 40
4 17 41
-3 16 42
6 15 43
-8 14 44
8 13 45
-2 12 46
1 11 47
-7 10 48
-1 9 49
1 8 50
4 7 51
-3 6 52
-2 5 53
5 4 54
6 3 55
-5 2 56
-8 1 57
2 0 58
3 57 0
6 56 1
5 55 2
1 54 3
-4 53 4
-4 52 5
2 51 6
-6 50 7
-7 49 8
-7 48 9
3 47 10
3 46 11
7 45 12
4 44 13
-2 43 14
4 42 15
-5 41 16
1 40 17
-7 39 18
-7 38 19
5 37 20
-6 36 21
-8 35 22
-3 34 23
5 33 24
8 32 25
-2 31 26
-8 30 27
-3 29 28
-4 28 29
-5 27 30
1 26 31
-3 25 32
-2 24 33
-4 23 34
7 22 35
-6 21 36
-2 20 37
7 19 38
-4 18 39
8 16 41
6 15 42
2 14 43
-6 13 44
3 12 45
-4 11 46
-6 10 47
-2 9 48
-6 8 49
-5 7 50
1 6 51
-2 5 52
-6 4 53
-3 3 54
7 2 55
-6 1 56
-2 0 57
3 56 0
3 55 1
8 54 2
-6 53 3
-6 52 4
-8 51 5
-7 50 6
3 49 7
6 48 8
-7 47 9
-7 46 10
-8 44 12
-3 43 13
-4 42 14
5 41 15
6 40 16
4 39 17
4 38 18
-7 37 19
-7 36 20
-3 35 21
-4 33 23
-5 32 24
-5 31 25
-8 30 26
3 29 27
5 28 28
8 27 29
6 26 30
-6 25 31
8 24 32
7 23 33
5 22 34
-1 21 35
8 20 36
-6 19 37
-8 18 38
-8 17 39
5 16 40
-3 15 41
-5 14 42
-7 13 43
2 12 44
2 11 45
-4 10 46
6 9 47
5 8 48
-2 7 49
-2 6 50
-5 3 53
-4 2 54
1 0 56
8 55 0
3 54 1
5 53 2
4 52 3
-8 51 4
-4 50 5
5 49 6
2 48 7
-6 47 8
2 46 9
7 45 10
-8 44 11
3 43 12
-4 42 13
5 41 14
4 40 15
6 39 16
-3 37 18
-7 36 19
-6 35 20
-3 34 21
-8 33 22
6 32 23
-8 31 24
-8 30 25
4 29 26
5 28 27
8 27 28
7 26 29
5 25 30
-8 24 31
-4 23 32
3 22 33
5 21 34
2 20 35
7 19 36
5 18 37
1 17 38
1 16 39
2 15 40
8 14 41
6 13 42
5 12 43
-8 11 44
6 10 45
8 9 46
-5 8 47
2 6 49
-3 5 50
-2 4 51
-4 3 52
4 1 54
1 0 55
2 54 0
-7 53 1
-5 52 2
-3 50 4
5 49 5
-4 48 6
1 47 7
-2 46 8
8 45 9
-7 44 10
-4 43 11
-3 42 12
-8 41 13
-8 40 14
-5 39 15
2 38 16
-2 36 18
-6 35 19
-8 34 20
3 33 21
-6 32 22
7 31 23
4 30 24
1 29 25
8 28 26
-6 27 27
-4 26 28
-2 25 29
-7 24 30
6 23 31
-7 22 32
-7 21 33
-8 20 34
6 19 35
7 18 36
4 17 37
1 16 38
4 15 39
-2 14 40
-1 13 41
7 12 42
-7 11 43
-2 10 44
7 9 45
-6 8 46
-7 7 47
-2 6 48
-8 5 49
6 4 50
8 3 51
-3 2 52
6 1 53
6 0 54
4 53 0
8 52 1
2 51 2
-4 50 3
-5 49 4
-8 48 5
5 47 6
-3 46 7
-3 45 8
7 44 9
-7 43 10
8 42 11
6 41 12
7 40 13
-7 39 14
1 38 15
-4 37 16
-2 36 17
-8 35 18
1 34 19
7 33 20
3 32 21
-7 31 22
-3 30 23
-5 29 24
4 28 25
-6 27 26
-5 26 27
2 25 28
-6 24 29
-5 23 30
-4 22 31
2 21 32
5 20 33
-3 19 34
3 18 35
-3 17 36
-2 16 37
-7 15 38
2 14 39
8 13 40
6 12 41
4 11 42
-6 10 43
7 9 44
4 8 45
1 7 46
7 6 47
-5 5 48
-6 4 49
-5 3 50
2 2 51
-2 1 52
1 0 53
6 52 0
1 51 1
4 50 2
-2 49 3
-5 48 4
2 47 5
-4 46 6
-8 45 7
-1 44 8
-1 43 9
4 42 10
-6 41 11
-5 40 12
-3 39 13
-7 38 14
-7 37 15
2 36 16
6 35 17
5 34 18
3 33 19
3 32 20
3 31 21
8 30 22
-6 29 23
-2 28 24
-1 27 25
1 26 26
5 25 27
8 24 28
-5 23 29
-3 22 30
2 21 31
-2 20 32
5 19 33
6 18 34
-8 17 35
7 16 36
2 15 37
2 13 39
-7 12 40
3 11 41
-2 10 42
-2 9 43
-1 8 44
2 7 45
-7 6 46
-2 5 47
3 4 48
1 3 49
2 2 50
-7 1 51
8 0 52
7 51 0
5 50 1
-2 49 2
-7 48 3
-6 47 4
-6 46 5
5 45 6
-2 44 7
-7 43 8
1 42 9
1 41 10
-2 40 11
-1 39 12
-3 38 13
1 37 14
1 36 15
6 34 17
8 33 18
-5 32 19
-4 31 20
8 30 21
-5 29 22
5 28 23
3 27 24
5 26 25
8 25 26
7 24 27
6 23 28
-1 22 29
4 21 30
1 20 31
6 19 32
1 18 33
-5 17 34
7 16 35
8 15 36
-4 13 38
-7 12 39
-5 11 40
-3 10 41
-1 9 42
6 8 43
1 7 44
-8 6 45
6 5 46
-1 4 47
-1 3 48
8 2 49
8 1 50
2 0 51
2 50 0
-8 49 1
-5 47 3
-8 46 4
-3 45 5
-1 44 6
-1 43 7
-4 42 8
-1 41 9
-8 40 10
2 39 11
-7 37 13
-4 36 14
-6 35 15
3 34 16
-1 32 18
2 31 19
3 30 20
5 29 21
-7 28 22
-7 26 24
-2 25 25
-4 24 26
-8 23 27
-3 22 28
-4 21 29
-7 20 30
5 19 31
2 18 32
4 17 33
-5 16 34
-7 15 35
2 14 36
-1 13 37
7 11 39
-6 10 40
7 9 41
4 8 42
-1 7 43
-3 6 44
4 5 45
2 4 46
-5 3 47
-3 2 48
-4 1 49
-8 0 50
-5 48 1
8 47 2
5 46 3
-8 45 4
2 44 5
-2 43 6
4 42 7
7 41 8
-4 40 9
-3 39 10
-6 38 11
-3 37 12
3 36 13
-5 35 14
3 33 16
-2 32 17
1 31 18
2 30 19
-4 28 21
-5 27 22
6 26 23
-6 25 24
6 24 25
-8 23 26
-7 22 27
-3 21 28
-1 20 29
-2 19 30
7 18 31
3 16 33
-6 15 34
-1 14 35
-3 13 36
-4 12 37
-7 11 38
-4 10 39
-2 9 40
-5 8 41
-7 7 42
3 6 43
6 5 44
-8 4 45
-7 3 46
4 2 47
3 1 48
-6 0 49
-5 48 0
3 47 1
-4 46 2
5 44 4
1 43 5
-7 42 6
-7 41 7
8 39 9
6 38 10
-6 37 11
5 35 13
-3 34 14
-5 33 15
-5 32 16
5 31 17
8 30 18
-2 29 19
4 28 20
5 27 21
-3 26 22
-8 25 23
3 24 24
3 23 25
-7 22 26
-1 21 27
-1 20 28
5 19 29
-3 18 30
-5 17 31
3 16 32
3 15 33
-7 14 34
-5 13 35
3 12 36
3 11 37
-6 10 38
6 9 39
2 7 41
-3 6 42
5 5 43
-6 4 44
-1 3 45
-4 2 46
-3 1 47
8 0 48
-4 47 0
1 46 1
6 45 2
8 44 3
-2 43 4
7 42 5
5 41 6
6 40 7
6 39 8
2 38 9
-2 37 10
1 36 11
-6 35 12
-8 34 13
-6 33 14
-4 32 15
5 31 16
7 30 17
-1 29 18
7 28 19
-3 27 20
-4 26 21
3 25 22
8 24 23
-4 23 24
-8 22 25
-6 21 26
-3 20 27
6 19 28
3 18 29
4 17 30
-7 16 31
-1 15 32
2 14 33
-5 13 34
4 12 35
7 11 36
8 10 37
7 9 38
-1 8 39
3 7 40
8 6 41
8 4 43
3 3 44
-4 2 45
-3 1 46
7 0 47
-2 46 0
-2 45 1
-3 44 2
-3 43 3
6 42 4
8 41 5
8 40 6
-5 39 7
6 38 8
-3 37 9
2 36 10
1 35 11
-4 34 12
4 33 13
-3 32 14
-5 31 15
-7 30 16
7 29 17
-7 28 18
2 27 19
-5 26 20
-4 25 21
4 24 22
-2 23 23
5 22 24
8 21 25
3 19 27
-2 18 28
-6 17 29
4 16 30
6 15 31
-6 14 32
-5 13 33
5 12 34
6 11 35
-4 10 36
4 9 37
8 8 38
-1 7 39
-8 6 40
-6 5 41
-7 4 42
-1 3 43
-3 2 44
-7 1 45
4 0 46
4 45 0
8 44 1
2 43 2
6 42 3
-3 41 4
2 40 5
2 38 7
-8 36 9
4 35 10
1 33 12
2 32 13
-6 31 14
3 30 15
4 29 16
1 28 17
8 27 18
4 26 19
-3 25 20
5 24 21
2 23 22
-6 22 23
2 21 24
-3 20 25
8 19 26
-2 18 27
6 17 28
-8 16 29
-2 15 30
-8 14 31
-7 13 32
-7 12 33
-7 10 35
7 9 36
-8 8 37
-7 7 38
1 6 39
6 5 40
2 4 41
5 3 42
3 2 43
6 1 44
-7 0 45
7 44 0
1 43 1
3 42 2
2 41 3
-4 40 4
-5 39 5
8 38 6
8 37 7
-2 36 8
7 35 9
-1 34 10
2 33 11
-4 32 12
-2 31 13
3 30 14
7 29 15
-6 28 16
1 27 17
4 25 19
-5 24 20
3 23 21
5 22 22
2 21 23
8 20 24
-3 19 25
7 18 26
-2 17 27
-8 16 28
6 15 29
-4 14 30
8 13 31
-4 12 32
-7 11 33
-5 10 34
-3 9 35
3 7 37
-6 6 38
1 5 39
-6 4 40
-6 3 41
-7 2 42
-1 1 43
1 0 44
-4 43 0
-7 42 1
-7 41 2
-8 40 3
8 39 4
2 38 5
-7 37 6
-8 36 7
-8 35 8
-4 34 9
-7 33 10
7 32 11
4 31 12
-8 30 13
5 29 14
-5 28 15
5 27 16
3 26 17
8 25 18
-2 24 19
-1 23 20
-6 22 21
7 21 22
1 20 23
-2 19 24
-2 18 25
-4 17 26
-6 16 27
2 14 29
7 13 30
2 11 32
-3 10 33
-7 9 34
-6 8 35
-7 7 36
2 6 37
4 5 38
5 4 39
-5 3 40
-5 2 41
-3 1 42
4 0 43
6 42 0
-1 41 1
6 40 2
1 39 3
-2 38 4
8 37 5
2 36 6
2 35 7
-1 34 8
-7 33 9
-6 32 10
-6 31 11
-6 30 12
-8 29 13
4 28 14
-5 27 15
7 26 16
-6 25 17
7 23 19
-5 22 20
8 21 21
2 19 23
-8 18 24
3 17 25
8 16 26
7 15 27
1 14 28
-6 13 29
-4 11 31
5 10 32
-2 9 33
-5 8 34
-7 7 35
-3 6 36
3 5 37
-8 4 38
-4 3 39
-7 2 40
-3 1 41
-1 0 42
-4 41 0
-1 40 1
-1 39 2
-6 38 3
6 37 4
8 36 5
4 35 6
-7 34 7
-5 33 8
-5 32 9
6 31 10
-6 30 11
-2 29 12
-3 27 14
-8 26 15
-7 25 16
-1 24 17
6 23 18
8 22 19
4 21 20
-4 20 21
3 19 22
4 18 23
-7 17 24
-7 16 25
-1 15 26
5 14 27
-1 13 28
-3 10 31
5 9 32
4 8 33
5 7 34
-7 6 35
2 5 36
-3 4 37
1 3 38
5 2 39
-8 1 40
8 40 0
-7 39 1
-4 38 2
-3 37 3
5 36 4
-8 35 5
3 34 6
4 33 7
1 32 8
8 31 9
-7 30 10
7 29 11
6 28 12
-1 27 13
1 26 14
7 25 15
7 24 16
-2 23 17
-1 22 18
6 21 19
-4 19 21
-3 18 22
1 17 23
-5 16 24
-6 15 25
1 14 26
-4 13 27
-5 11 29
3 10 30
4 9 31
-7 8 32
3 7 33
-7 6 34
-6 5 35
-8 4 36
2 3 37
-5 2 38
-5 1 39
-5 0 40
-7 39 0
1 37 2
1 36 3
7 35 4
-8 34 5
5 33 6
-8 32 7
1 31 8
-1 30 9
-7 29 10
-1 28 11
-5 27 12
-4 25 14
5 24 15
7 23 16
-8 22 17
3 21 18
-2 19 20
1 17 22
8 16 23
1 15 24
-6 14 25
-1 13 26
-8 12 27
2 10 29
-7 9 30
-8 8 31
8 7 32
7 5 34
6 3 36
4 2 37
-3 0 39
8 38 0
-2 37 1
6 36 2
-1 35 3
-1 34 4
-3 32 6
8 30 8
4 29 9
4 28 10
-2 27 11
-1 26 12
1 25 13
-6 24 14
-7 23 15
3 22 16
-7 21 17
-4 20 18
-1 19 19
3 18 20
5 17 21
-7 16 22
6 15 23
-2 14 24
2 13 25
7 11 27
-1 10 28
-6 9 29
-8 8 30
-2 6 32
5 5 33
5 4 34
-5 3 35
1 2 36
1 1 37
5 0 38
6 37 0
-7 36 1
-7 35 2
2 34 3
-7 33 4
-6 32 5
7 31 6
-4 30 7
2 29 8
7 28 9
-1 27 10
4 26 11
7 25 12
-1 24 13
-4 23 14
4 22 15
-5 21 16
8 20 17
8 19 18
-7 18 19
8 17 20
-7 16 21
4 15 22
-5 14 23
8 13 24
3 12 25
-2 11 26
8 10 27
-1 9 28
-2 8 29
-5 7 30
4 6 31
-7 5 32
2 4 33
-4 2 35
-4 1 36
8 0 37
4 36 0
4 35 1
6 34 2
4 33 3
1 32 4
5 31 5
5 30 6
7 29 7
3 28 8
-1 27 9
2 26 10
1 25 11
-5 24 12
-8 23 13
-8 22 14
5 21 15
-8 20 16
-3 19 17
3 18 18
-1 17 19
-8 16 20
-2 15 21
7 14 22
7 13 23
-1 12 24
2 11 25
1 10 26
4 9 27
-4 8 28
-4 7 29
-5 6 30
-2 5 31
7 4 32
3 3 33
-3 2 34
-5 1 35
-1 0 36
3 35 0
3 34 1
-3 33 2
-7 32 3
1 30 5
-1 29 6
-2 28 7
3 27 8
-5 26 9
3 25 10
6 23 12
3 22 13
2 21 14
-3 20 15
-8 19 16
5 18 17
3 17 18
-1 16 19
7 15 20
-2 14 21
-6 13 22
2 12 23
-7 10 25
7 9 26
-7 8 27
-8 7 28
8 6 29
5 5 30
8 4 31
8 3 32
-6 2 33
-3 1 34
-1 0 35
-2 34 0
7 33 1
5 32 2
-7 31 3
3 30 4
6 29 5
-6 28 6
-4 27 7
1 26 8
3 25 9
3 24 10
-5 23 11
1 20 14
-2 19 15
-2 18 16
-8 17 17
7 16 18
-7 15 19
-4 14 20
-5 13 21
-7 12 22
-1 11 23
8 10 24
6 9 25
-3 8 26
8 7 27
2 6 28
5 5 29
-3 4 30
8 3 31
-7 2 32
-4 1 33
1 0 34
7 33 0
6 31 2
6 30 3
-2 29 4
-2 28 5
-5 27 6
4 26 7
6 25 8
4 24 9
3 23 10
-5 22 11
3 21 12
7 19 14
1 18 15
3 17 16
-3 16 17
-5 15 18
3 14 19
-4 13 20
-4 12 21
-5 11 22
8 10 23
6 9 24
2 8 25
3 7 26
3 6 27
-6 5 28
-4 4 29
-1 3 30
-1 2 31
3 1 32
-8 0 33
-3 32 0
-4 31 1
3 30 2
-4 29 3
-2 28 4
-6 27 5
8 26 6
2 25 7
-2 24 8
-1 23 9
-7 22 10
-6 21 11
-1 20 12
1 18 14
-7 17 15
4 16 16
-7 15 17
2 14 18
8 13 19
-4 12 20
6 11 21
8 10 22
-6 9 23
7 8 24
-3 7 25
-6 6 26
-5 5 27
-8 4 28
-5 2 30
6 1 31
1 0 32
2 31 0
-8 29 2
1 28 3
-7 27 4
2 26 5
-4 25 6
-8 24 7
-8 23 8
1 22 9
-7 21 10
-8 20 11
-5 19 12
2 18 13
-5 17 14
-6 16 15
-1 15 16
-7 14 17
-5 13 18
-1 12 19
-3 11 20
-2 10 21
-8 9 22
5 8 23
-4 7 24
8 6 25
-2 5 26
2 4 27
-1 3 28
-8 2 29
4 1 30
-5 0 31
-4 30 0
-4 29 1
-8 28 2
-7 27 3
6 26 4
3 25 5
-3 24 6
2 23 7
2 22 8
-8 21 9
1 20 10
-5 19 11
1 18 12
5 17 13
-1 16 14
-5 15 15
-1 14 16
-4 13 17
7 12 18
3 11 19
-8 10 20
-8 9 21
5 7 23
-5 6 24
-5 5 25
1 4 26
7 3 27
7 2 28
-6 1 29
-3 0 30
-8 29 0
-3 28 1
7 27 2
-8 26 3
-4 25 4
6 24 5
-2 22 7
-7 21 8
-7 20 9
2 19 10
2 18 11
5 17 12
7 16 13
4 15 14
-8 14 15
1 13 16
-8 11 18
-7 10 19
2 9 20
1 7 22
-8 6 23
3 5 24
-5 4 25
7 3 26
1 2 27
6 1 28
-8 0 29
-8 27 1
-1 26 2
6 25 3
8 24 4
-2 23 5
-4 22 6
-6 21 7
4 20 8
7 19 9
-4 18 10
-5 17 11
7 16 12
-8 15 13
8 14 14
-5 13 15
8 12 16
-4 11 17
7 10 18
-1 9 19
-7 8 20
2 7 21
-1 6 22
8 5 23
-7 4 24
-3 3 25
5 2 26
7 1 27
1 0 28
-2 27 0
3 26 1
-7 25 2
-2 24 3
2 23 4
7 22 5
-1 21 6
-7 20 7
2 19 8
-6 18 9
2 17 10
-6 16 11
-1 14 13
1 13 14
-1 12 15
1 11 16
3 10 17
-5 9 18
6 8 19
8 7 20
1 6 21
1 5 22
-2 4 23
-3 3 24
6 2 25
5 1 26
2 0 27
6 26 0
7 25 1
7 24 2
8 23 3
1 22 4
3 21 5
2 20 6
-6 19 7
7 18 8
-5 17 9
1 16 10
-8 15 11
4 14 12
8 13 13
-3 12 14
4 11 15
-5 10 16
-7 9 17
-1 8 18
3 7 19
1 6 20
1 5 21
5 4 22
-5 3 23
8 2 24
-1 1 25
1 0 26
-5 25 0
6 24 1
-4 23 2
-3 22 3
-1 21 4
7 20 5
5 19 6
3 18 7
5 17 8
-6 16 9
3 15 10
8 14 11
-3 13 12
-5 12 13
-1 11 14
-5 10 15
4 9 16
7 8 17
7 7 18
6 6 19
7 5 20
-7 4 21
-8 1 24
5 0 25
7 24 0
-6 23 1
-6 22 2
5 21 3
1 20 4
2 19 5
3 17 7
-6 16 8
-8 15 9
8 13 11
-6 12 12
6 11 13
-8 10 14
7 9 15
2 8 16
-5 7 17
2 6 18
4 5 19
-7 4 20
3 3 21
-8 2 22
-7 1 23
-2 0 24
3 23 0
8 22 1
-8 21 2
-4 20 3
1 19 4
6 18 5
-2 17 6
-4 16 7
3 15 8
-4 14 9
-8 13 10
-4 12 11
-4 11 12
8 10 13
8 9 14
2 8 15
8 7 16
8 6 17
2 5 18
-5 4 19
5 3 20
3 2 21
6 1 22
-6 0 23
-4 22 0
2 21 1
4 20 2
-4 19 3
1 18 4
1 17 5
4 15 7
-2 14 8
7 13 9
-2 12 10
-5 11 11
4 10 12
7 9 13
-8 8 14
8 7 15
-4 6 16
-8 4 18
-5 3 19
-5 2 20
-2 1 21
-8 0 22
-5 21 0
3 20 1
6 19 2
-6 18 3
8 17 4
-8 16 5
-6 15 6
-5 14 7
-3 13 8
-6 12 9
-6 11 10
1 10 11
4 9 12
-7 8 13
-7 7 14
-7 6 15
-7 5 16
-5 4 17
4 3 18
4 1 20
5 0 21
4 20 0
8 19 1
-1 18 2
1 17 3
-3 16 4
3 15 5
3 14 6
7 13 7
-3 12 8
-4 11 9
4 10 10
-7 9 11
-7 8 12
3 7 13
8 6 14
-2 5 15
-5 4 16
3 3 17
-2 2 18
5 1 19
7 0 20
5 19 0
-6 18 1
7 17 2
3 16 3
7 15 4
2 14 5
4 13 6
-3 12 7
-6 11 8
2 10 9
5 9 10
-3 8 11
5 7 12
-7 6 13
-7 5 14
1 4 15
7 3 16
7 2 17
-5 0 19
-4 18 0
-4 17 1
-6 16 2
4 15 3
1 14 4
-7 13 5
6 12 6
-7 11 7
-7 10 8
1 9 9
1 8 10
-3 7 11
6 6 12
3 4 14
5 3 15
-7 2 16
-6 1 17
6 0 18
-1 17 0
-6 16 1
8 15 2
-1 14 3
-6 13 4
1 12 5
8 11 6
-3 10 7
-3 9 8
2 8 9
-8 7 10
7 5 12
-5 4 13
-4 3 14
-7 2 15
7 1 16
2 0 17
8 16 0
-8 14 2
-3 13 3
7 11 5
-8 10 6
-6 9 7
-1 8 8
7 7 9
-8 6 10
2 5 11
-4 4 12
3 3 13
4 2 14
8 1 15
-3 0 16
8 15 0
-4 14 1
8 13 2
7 12 3
7 11 4
-8 10 5
3 9 6
3 8 7
-8 7 8
-2 6 9
3 5 10
1 4 11
-4 3 12
1 2 13
3 1 14
6 0 15
-4 14 0
2 13 1
-1 12 2
-1 11 3
4 10 4
-2 9 5
5 8 6
5 7 7
-2 6 8
8 5 9
-3 4 10
2 3 11
7 2 12
8 1 13
8 13 0
5 12 1
-6 11 2
-2 10 3
-5 9 4
6 7 6
6 6 7
2 5 8
8 4 9
-8 3 10
8 2 11
7 1 12
7 0 13
4 12 0
7 11 1
-6 10 2
-6 9 3
-3 8 4
3 7 5
-5 6 6
-2 5 7
-8 4 8
-6 3 9
-6 2 10
5 1 11
-7 11 0
-8 10 1
2 9 2
3 8 3
7 7 4
2 6 5
8 4 7
4 3 8
-2 2 9
-6 1 10
-1 0 11
7 10 0
-2 9 1
-7 8 2
-1 7 3
7 6 4
-8 5 5
6 4 6
1 3 7
-5 2 8
8 1 9
-2 0 10
6 8 1
-8 7 2
3 6 3
-2 5 4
-2 4 5
-4 3 6
4 2 7
-8 1 8
-7 0 9
2 8 0
-3 7 1
-7 6 2
-3 4 4
4 3 5
6 2 6
-8 1 7
6 0 8
-7 7 0
2 6 1
7 5 2
-2 4 3
-5 3 4
-8 2 5
-4 1 6
2 0 7
-1 6 0
6 5 1
1 4 2
-8 2 4
-4 1 5
3 0 6
6 5 0
8 4 1
2 3 2
-6 2 3
3 1 4
-2 0 5
-8 4 0
-5 3 1
2 2 2
3 1 3
2 0 4
-8 3 0
4 2 1
-6 1 2
-3 0 3
-2 2 0
-3 1 1
-3 1 0
7 0 1
1 0 0
END
POLY M2_1
-8 38 19
1 37 20
-2 35 22
7 34 23
-8 33 24
2 32 25
8 31 26
-1 38 18
-8 37 19
-3 36 20
7 35 21
5 34 22
8 33 23
7 32 24
1 31 25
1 30 26
6 48 7
-3 47 8
2 46 9
-3 45 10
5 44 11
1 43 12
-3 42 13
-6 41 14
-2 40 15
-8 39 16
1 38 17
6 37 18
2 36 19
4 35 20
-4 34 21
-6 33 22
-2 32 23
-2 31 24
4 30 25
-3 29 26
-6 50 4
2 49 5
3 48 6
6 47 7
3 46 8
6 45 9
-6 42 12
-5 41 13
7 40 14
2 39 15
-6 38 16
-8 37 17
-6 35 19
3 34 20
-3 33 21
-2 32 22
-3 31 23
5 30 24
6 28 26
5 50 3
1 49 4
-3 48 5
2 47 6
-3 46 7
4 45 8
-6 44 9
4 43 10
6 42 11
-5 41 12
8 40 13
1 39 14
-5 38 15
-1 37 16
-2 36 17
4 35 18
-3 34 19
-1 33 20
-6 32 21
7 31 22
-7 30 23
-1 29 24
5 28 25
-5 27 26
-5 50 2
-3 49 3
4 48 4
-2 47 5
-4 46 6
-6 45 7
7 43 9
6 42 10
3 41 11
-5 40 12
-6 39 13
-7 38 14
-7 37 15
7 36 16
-5 35 17
8 34 18
8 33 19
-3 32 20
-3 31 21
-8 30 22
-4 29 23
-7 27 25
-7 26 26
4 50 1
5 49 2
-6 47 4
-1 46 5
-2 44 7
-5 43 8
-7 42 9
-6 41 10
4 40 11
-4 39 12
8 38 13
7 37 14
-8 36 15
8 35 16
-8 34 17
3 33 18
8 32 19
-7 31 20
3 30 21
1 29 22
6 28 23
-2 27 24
7 26 25
-5 25 26
-1 49 1
6 48 2
-6 47 3
1 46 4
1 45 5
2 44 6
3 43 7
-1 42 8
-3 41 9
3 40 10
-3 39 11
-6 38 12
1 37 13
1 36 14
-8 35 15
-3 34 16
-6 33 17
-1 32 18
-3 31 19
-5 30 20
1 29 21
3 28 22
-5 27 23
3 26 24
-7 25 25
-6 24 26
1 49 0
2 47 2
-4 46 3
-2 45 4
-6 44 5
-7 43 6
-1 42 7
-4 41 8
4 40 9
3 39 10
6 38 11
-4 37 12
-4 36 13
7 35 14
5 34 15
-6 33 16
6 32 17
5 31 18
-5 30 19
-3 29 20
-4 28 21
4 27 22
-2 26 23
5 25 24
-8 24 25
-2 48 0
-4 46 2
-4 45 3
8 44 4
8 43 5
4 42 6
-3 41 7
2 40 8
-2 39 9
-2 38 10
-2 37 11
-6 36 12
-1 35 13
-5 34 14
-1 33 15
2 32 16
-1 31 17
2 30 18
3 29 19
-7 28 20
2 27 21
1 26 22
-8 25 23
-3 24 24
-1 23 25
-7 22 26
-6 47 0
-6 46 1
-2 44 3
1 43 4
-6 42 5
-7 41 6
6 40 7
-4 39 8
-6 38 9
7 37 10
-4 36 11
-3 35 12
-2 34 13
5 33 14
8 32 15
3 31 16
1 30 17
5 29 18
3 28 19
4 27 20
8 26 21
-5 25 22
7 24 23
-6 23 24
-1 22 25
8 46 0
-7 45 1
-3 44 2
-1 43 3
-1 42 4
-1 41 5
2 40 6
7 38 8
2 37 9
8 36 10
5 35 11
-8 34 12
-5 32 14
1 31 15
-2 30 16
7 29 17
-7 28 18
4 27 19
8 26 20
-8 25 21
-2 24 22
-5 23 23
-8 22 24
-8 21 25
-5 20 26
-6 45 0
-3 44 1
3 43 2
6 42 3
-7 41 4
-7 40 5
4 39 6
2 38 7
5 37 8
5 36 9
5 34 11
3 33 12
7 32 13
-1 31 14
-5 30 15
5 29 16
6 28 17
4 27 18
6 26 19
2 25 20
3 24 21
-5 23 22
3 22 23
8 21 24
2 20 25
1 44 0
-6 43 1
-6 42 2
-7 41 3
8 40 4
-2 39 5
7 38 6
3 37 7
-3 36 8
7 34 10
8 33 11
5 32 12
1 31 13
-1 30 14
6 29 15
-6 28 16
2 27 17
-5 26 18
-8 25 19
-7 24 20
1 23 21
8 22 22
8 20 24
3 43 0
8 42 1
6 41 2
-3 40 3
-8 39 4
-4 38 5
-1 37 6
-8 36 7
3 35 8
8 34 9
-5 33 10
3 32 11
8 31 12
-7 30 13
-5 29 14
-2 28 15
-5 27 16
4 26 17
6 24 19
8 22 21
-7 21 22
-1 20 23
2 19 24
7 42 0
6 41 1
7 40 2
-3 39 3
-8 38 4
1 37 5
-7 36 6
1 35 7
-4 34 8
-1 33 9
4 31 11
-1 30 12
3 29 13
-8 28 14
-7 27 15
-6 26 16
3 25 17
1 24 18
2 23 19
-6 22 20
1 21 21
-8 20 22
-6 19 23
-8 41 0
6 40 1
6 39 2
-1 38 3
5 37 4
-3 36 5
-6 35 6
-3 34 7
-8 33 8
-4 32 9
1 31 10
5 30 11
5 29 12
3 28 13
-4 27 14
2 26 15
4 25 16
7 24 17
-6 23 18
1 22 19
7 21 20
2 20 21
8 19 22
-7 40 0
-3 39 1
1 38 2
-2 37 3
-1 36 4
6 35 5
-5 34 6
3 33 7
-7 32 8
-8 31 9
-1 30 10
6 29 11
2 28 12
-3 27 13
4 26 14
-7 25 15
2 24 16
7 23 17
1 22 18
-1 21 19
-7 20 20
-8 39 0
-2 38 1
1 37 2
4 36 3
3 35 4
-7 34 5
-5 33 6
-8 32 7
-1 31 8
-1 30 9
6 29 10
8 28 11
2 27 12
2 26 13
-8 25 14
7 24 15
1 23 16
5 22 17
6 20 19
-6 19 20
-5 38 0
-1 37 1
1 36 2
3 35 3
-1 34 4
4 33 5
-3 32 6
3 31 7
-8 30 8
7 29 9
-1 28 10
-2 27 11
8 26 12
2 25 13
8 24 14
-8 23 15
2 22 16
7 21 17
5 20 18
-6 19 19
7 37 0
1 36 1
3 35 2
-1 34 3
4 33 4
-7 32 5
-2 31 6
4 30 7
3 29 8
1 28 9
1 27 10
5 26 11
-4 25 12
2 24 13
4 23 14
4 22 15
5 21 16
-4 20 17
1 19 18
-4 36 0
2 33 3
3 32 4
8 31 5
6 30 6
-2 29 7
-8 28 8
2 27 9
-7 26 10
7 25 11
4 24 12
5 23 13
1 22 14
-6 21 15
-8 20 16
-5 19 17
8 35 0
-5 34 1
3 33 2
-8 32 3
-8 31 4
3 30 5
-4 29 6
-5 28 7
-4 27 8
2 26 9
5 25 10
2 24 11
-2 23 12
-6 22 13
1 21 14
-8 20 15
2 19 16
5 34 0
-2 33 1
-2 32 2
4 31 3
4 30 4
1 29 5
6 28 6
1 27 7
-6 26 8
4 25 9
-4 24 10
-7 23 11
-6 22 12
2 21 13
-4 20 14
3 19 15
2 33 0
-5 32 1
-5 31 2
-5 30 3
7 29 4
-6 28 5
1 27 6
-2 26 7
-8 25 8
1 23 10
-8 22 11
-4 21 12
5 20 13
8 19 14
-8 32 0
-4 31 1
-8 30 2
8 29 3
-7 28 4
-3 27 5
-3 26 6
8 25 7
8 24 8
1 23 9
-1 22 10
-8 21 11
-1 20 12
2 19 13
-5 31 0
-3 30 1
5 29 2
8 28 3
7 27 4
6 26 5
4 25 6
3 24 7
2 23 8
3 22 9
-8 21 10
-6 19 12
-6 30 0
4 29 1
2 28 2
-1 27 3
-7 26 4
6 25 5
-3 24 6
-8 22 8
-3 21 9
-4 20 10
-3 19 11
3 29 0
-8 28 1
-7 27 2
-4 26 3
8 25 4
-4 24 5
2 23 6
4 22 7
-8 21 8
-3 20 9
-8 19 10
-2 28 0
5 27 1
-7 26 2
-4 25 3
4 24 4
3 23 5
4 22 6
-7 21 7
6 20 8
7 19 9
7 27 0
7 26 1
-4 25 2
1 24 3
3 23 4
2 22 5
-2 21 6
5 20 7
-5 19 8
7 26 0
-5 25 1
-8 24 2
6 23 3
1 22 4
6 21 5
-5 20 6
2 19 7
-8 25 0
-1 24 1
7 23 2
7 22 3
-3 21 4
5 20 5
-8 19 6
-7 24 0
-6 23 1
6 22 2
6 21 3
6 20 4
4 23 0
7 22 1
7 21 2
1 20 3
8 19 4
-5 22 0
2 21 1
5 20 2
1 19 3
-2 21 0
-2 20 1
-7 19 2
8 20 0
3 19 1
1 19 0
END
POLY M2_2
-8 31 20
-7 30 21
-7 29 22
8 28 23
-2 27 24
7 26 25
-8 25 26
-3 31 19
-6 30 20
-7 29 21
-6 28 22
6 27 23
1 26 24
5 25 25
7 24 26
6 41 8
3 40 9
5 39 10
2 38 11
7 37 12
8 36 13
5 35 14
-1 34 15
-3 33 16
6 32 17
-6 31 18
-5 30 19
-6 29 20
6 28 21
-1 27 22
-2 26 23
5 24 25
-3 23 26
-6 43 5
-4 42 6
-8 41 7
-1 40 8
3 39 9
-5 38 10
-1 37 11
4 36 12
8 35 13
6 34 14
8 33 15
4 32 16
1 31 17
4 30 18
-8 29 19
-6 28 20
-8 27 21
7 26 22
-8 25 23
1 24 24
6 23 25
3 22 26
-5 43 4
-1 42 5
8 41 6
8 40 7
-3 39 8
-1 38 9
-7 37 10
8 36 11
4 35 12
6 34 13
-4 33 14
1 32 15
3 30 17
2 28 19
-8 27 20
-8 26 21
8 25 22
7 24 23
2 23 24
-8 22 25
-6 21 26
-8 43 3
-3 42 4
8 41 5
8 40 6
-3 39 7
-3 38 8
5 37 9
3 36 10
7 35 11
-4 34 12
-7 33 13
-7 32 14
-2 31 15
4 30 16
1 29 17
2 28 18
-1 27 19
3 26 20
8 25 21
-5 24 22
3 23 23
-8 22 24
4 21 25
7 43 2
-1 42 3
-7 41 4
-5 40 5
-8 39 6
-2 38 7
-5 37 8
1 36 9
-7 35 10
-5 34 11
-3 33 12
-2 32 13
2 31 14
5 30 15
5 29 16
-2 28 17
7 27 18
3 26 19
4 25 20
8 23 22
1 22 23
6 21 24
-6 20 25
8 19 26
1 43 1
4 42 2
1 41 3
-6 40 4
-3 39 5
4 38 6
5 37 7
-8 36 8
3 35 9
-6 34 10
-6 33 11
-7 32 12
-4 31 13
-1 30 14
2 29 15
-3 28 16
-1 27 17
4 26 18
-6 25 19
2 23 21
-8 21 23
6 20 24
-8 19 25
-7 18 26
1 13 31
3 12 32
3 11 33
-1 10 34
-4 9 35
-3 8 36
1 7 37
6 42 1
5 41 2
-8 40 3
-6 39 4
3 38 5
-8 37 6
1 36 7
-7 35 8
-5 34 9
-1 33 10
-8 32 11
-1 31 12
8 30 13
1 28 15
5 27 16
-6 25 18
6 23 20
6 22 21
-6 20 23
4 19 24
-3 18 25
1 15 28
6 14 29
-4 13 30
2 12 31
6 11 32
6 10 33
8 9 34
-7 8 35
-6 7 36
-1 6 37
-4 42 0
-7 41 1
3 40 2
-8 39 3
7 38 4
3 37 5
3 36 6
4 35 7
7 34 8
-2 33 9
2 32 10
-3 31 11
4 30 12
-2 29 13
-5 28 14
2 27 15
-6 26 16
3 25 17
-8 24 18
-1 23 19
-3 22 20
1 21 21
6 19 23
-8 18 24
-6 17 25
7 16 26
5 15 27
6 14 28
-2 13 29
4 12 30
1 11 31
3 10 32
-2 9 33
6 8 34
6 7 35
-6 6 36
-8 5 37
4 41 0
-8 40 1
4 39 2
-5 38 3
6 37 4
5 36 5
2 35 6
-2 34 7
7 33 8
1 32 9
-6 31 10
3 30 11
-7 29 12
-3 28 13
2 27 14
7 25 16
6 24 17
-2 23 18
-4 22 19
1 21 20
-7 20 21
-4 19 22
1 18 23
1 17 24
2 15 26
3 14 27
6 13 28
6 12 29
6 11 30
-7 10 31
-8 9 32
-4 8 33
2 6 35
-8 5 36
7 4 37
5 40 0
-1 39 1
4 38 2
4 37 3
4 36 4
4 35 5
-7 34 6
1 33 7
7 32 8
-7 31 9
-2 30 10
6 29 11
-4 28 12
8 27 13
-2 26 14
5 25 15
3 24 16
7 23 17
-6 22 18
1 21 19
7 20 20
-5 19 21
5 18 22
8 17 23
-7 16 24
3 15 25
-5 14 26
3 13 27
3 12 28
-6 10 30
-3 9 31
2 8 32
6 7 33
3 6 34
-1 5 35
-7 4 36
2 3 37
-6 39 0
7 38 1
1 37 2
-8 36 3
7 35 4
1 34 5
-7 33 6
-8 32 7
7 31 8
-4 30 9
6 29 10
2 28 11
-2 27 12
8 26 13
8 25 14
2 24 15
-1 23 16
3 22 17
8 21 18
-5 20 19
4 18 21
7 17 22
1 16 23
-6 15 24
-8 14 25
-2 13 26
-3 12 27
5 11 28
-7 10 29
8 9 30
-4 8 31
-4 7 32
7 6 33
4 5 34
-4 4 35
-5 3 36
4 2 37
1 38 0
-3 37 1
-2 36 2
7 35 3
6 34 4
-1 33 5
2 32 6
3 31 7
-3 30 8
-4 29 9
4 28 10
1 27 11
-7 26 12
3 25 13
-4 24 14
-7 23 15
-2 22 16
2 21 17
2 19 19
-2 18 20
-1 17 21
6 15 23
-4 14 24
-5 12 26
-2 11 27
4 10 28
-4 9 29
-6 8 30
-5 7 31
4 6 32
-5 5 33
-6 4 34
8 3 35
-5 2 36
7 1 37
-5 37 0
-3 36 1
2 35 2
-7 34 3
2 33 4
-6 32 5
-3 31 6
-6 30 7
2 28 9
-5 27 10
-3 26 11
1 25 12
8 24 13
-7 23 14
6 22 15
-1 21 16
4 20 17
-5 19 18
-2 18 19
3 17 20
-7 16 21
2 15 22
-8 14 23
3 13 24
-3 11 26
-6 10 27
8 9 28
-5 8 29
-1 7 30
6 6 31
3 5 32
-4 4 33
-8 3 34
-8 2 35
1 1 36
-6 36 0
-1 35 1
-3 34 2
-7 33 3
-2 32 4
-4 31 5
3 30 6
-8 29 7
-3 28 8
-2 27 9
3 26 10
-2 25 11
5 24 12
6 23 13
5 22 14
7 21 15
1 20 16
2 19 17
2 17 19
-4 16 20
-8 15 21
-4 14 22
-1 13 23
-5 12 24
8 10 26
6 9 27
2 8 28
1 7 29
-3 6 30
-3 5 31
-7 4 32
-8 3 33
-7 2 34
-2 1 35
3 35 0
6 34 1
-6 33 2
1 32 3
3 31 4
6 30 5
3 29 6
7 28 7
-1 27 8
-7 26 9
2 25 10
3 24 11
-3 23 12
-5 22 13
-8 21 14
-7 20 15
6 19 16
3 18 17
3 17 18
1 16 19
-5 15 20
-8 14 21
-4 13 22
1 12 23
-4 10 25
-3 9 26
1 8 27
-1 7 28
6 6 29
-3 5 30
-5 4 31
3 3 32
-7 2 33
2 1 34
4 0 35
3 34 0
-4 33 1
8 32 2
2 31 3
-6 30 4
4 29 5
6 28 6
-5 27 7
-2 26 8
3 25 9
-2 24 10
-7 23 11
8 22 12
7 21 13
-7 20 14
-1 19 15
-4 18 16
1 17 17
-3 16 18
1 15 19
5 14 20
8 13 21
-2 12 22
2 11 23
-1 10 24
8 9 25
2 8 26
6 7 27
-4 6 28
6 5 29
4 4 30
-6 3 31
4 2 32
-8 1 33
-4 0 34
-6 33 0
-2 32 1
-3 31 2
-4 30 3
4 29 4
-2 28 5
4 27 6
-7 26 7
8 25 8
6 23 10
2 22 11
-2 21 12
-7 20 13
-4 19 14
-5 18 15
4 17 16
4 16 17
3 15 18
-1 13 20
7 12 21
1 11 22
-5 9 24
-1 8 25
3 7 26
-5 6 27
7 5 28
5 4 29
-4 3 30
-5 2 31
3 1 32
-3 0 33
-6 31 1
5 30 2
-2 29 3
3 28 4
-4 27 5
-4 26 6
-1 24 8
5 23 9
-5 22 10
6 21 11
7 20 12
-7 19 13
2 18 14
-7 17 15
6 16 16
-7 15 17
-7 14 18
6 13 19
-5 12 20
3 11 21
2 10 22
-5 9 23
-2 8 24
-3 7 25
-4 6 26
-5 5 27
-5 4 28
1 3 29
-4 2 30
-1 1 31
1 0 32
5 31 0
-6 30 1
7 29 2
-5 28 3
2 27 4
-7 26 5
6 25 6
7 24 7
-6 23 8
4 22 9
6 21 10
-7 20 11
4 19 12
-6 18 13
4 17 14
-4 16 15
2 15 16
-3 14 17
-5 13 18
-4 12 19
-5 11 20
-7 10 21
4 9 22
-8 8 23
-1 7 24
-3 6 25
-7 5 26
1 4 27
2 3 28
-6 2 29
-7 1 30
-6 0 31
-1 30 0
-4 29 1
8 28 2
2 27 3
3 26 4
4 25 5
-8 24 6
6 23 7
-7 22 8
-1 21 9
1 20 10
7 19 11
8 17 13
7 16 14
8 15 15
-4 14 16
4 13 17
1 12 18
7 11 19
-4 10 20
-3 9 21
6 8 22
-5 7 23
-5 6 24
-3 5 25
6 4 26
-7 3 27
7 2 28
-6 1 29
-3 0 30
-3 29 0
-2 28 1
3 27 2
1 26 3
-7 25 4
4 24 5
-7 23 6
5 22 7
-2 21 8
-5 20 9
1 19 10
5 18 11
-1 17 12
8 16 13
-3 14 15
-8 13 16
-7 12 17
-8 11 18
-3 10 19
3 9 20
-7 8 21
-6 7 22
-7 6 23
-1 5 24
6 4 25
1 3 26
-2 2 27
1 1 28
-2 0 29
-2 28 0
-4 26 2
6 24 4
-1 23 5
-3 22 6
-2 21 7
-6 20 8
-1 19 9
-7 18 10
-4 17 11
-2 16 12
-3 15 13
-8 14 14
-3 13 15
2 12 16
-3 11 17
-4 10 18
-4 9 19
2 8 20
-2 7 21
8 6 22
-5 5 23
8 4 24
5 3 25
5 2 26
7 1 27
-3 0 28
-6 27 0
8 26 1
5 25 2
3 24 3
5 23 4
-7 22 5
1 21 6
-5 20 7
-8 19 8
8 18 9
4 17 10
-6 16 11
-4 15 12
4 14 13
-6 12 15
4 11 16
1 10 17
-7 9 18
4 8 19
-5 7 20
2 6 21
4 5 22
1 4 23
-6 3 24
-8 2 25
7 0 27
5 26 0
8 25 1
-8 24 2
3 23 3
-5 22 4
-5 21 5
3 20 6
1 19 7
2 18 8
-4 17 9
3 16 10
4 15 11
6 14 12
7 13 13
5 12 14
-1 11 15
-4 10 16
5 9 17
7 8 18
-3 7 19
4 6 20
-2 5 21
2 4 22
7 3 23
5 1 25
-2 0 26
4 25 0
-2 24 1
5 23 2
-6 22 3
8 21 4
4 18 7
6 17 8
6 16 9
-3 15 10
-2 14 11
8 13 12
3 12 13
2 11 14
1 10 15
-6 9 16
-8 8 17
4 7 18
-5 6 19
-8 5 20
-5 4 21
-6 3 22
3 2 23
-2 1 24
5 0 25
8 24 0
4 23 1
-6 22 2
3 21 3
7 20 4
-3 19 5
-4 18 6
4 17 7
-2 15 9
-7 14 10
-1 13 11
-7 11 13
-2 10 14
6 8 16
2 7 17
-5 6 18
7 5 19
2 4 20
-2 2 22
8 1 23
-8 0 24
3 23 0
-5 22 1
2 21 2
-8 19 4
3 17 6
-6 16 7
6 15 8
5 14 9
-6 13 10
5 12 11
2 11 12
-1 10 13
-2 9 14
5 8 15
-2 7 16
8 6 17
-6 5 18
-5 4 19
6 2 21
-2 1 22
-7 22 0
8 21 1
-2 20 2
-1 19 3
5 18 4
-2 17 5
8 15 7
8 14 8
2 13 9
1 12 10
-7 11 11
-6 10 12
4 9 13
1 8 14
4 6 16
-4 5 17
-1 4 18
-7 3 19
1 2 20
-5 1 21
-6 0 22
-5 21 0
2 19 2
-1 18 3
-6 17 4
7 15 6
-3 14 7
6 13 8
-3 12 9
7 11 10
3 10 11
-7 9 12
-2 8 13
4 7 14
6 6 15
-7 5 16
-4 4 17
-2 3 18
8 2 19
-6 1 20
-4 0 21
-5 20 0
-4 19 1
-4 18 2
2 17 3
-1 15 5
1 14 6
-4 13 7
3 12 8
-8 10 10
8 9 11
5 8 12
3 7 13
-1 6 14
8 5 15
4 4 16
1 3 17
3 2 18
-5 1 19
-4 0 20
-1 19 0
2 18 1
4 17 2
3 16 3
6 15 4
1 14 5
5 13 6
-2 12 7
-4 11 8
8 10 9
-5 9 10
-1 8 11
2 7 12
-3 6 13
1 5 14
-1 4 15
2 3 16
-6 2 17
-2 1 18
3 0 19
4 18 0
-2 17 1
1 16 2
-4 15 3
3 14 4
7 12 6
6 11 7
4 10 8
1 9 9
2 8 10
5 7 11
-4 6 12
-5 5 13
-7 4 14
-8 3 15
-1 2 16
-7 1 17
-7 0 18
4 17 0
4 16 1
-6 14 3
-3 13 4
-7 12 5
-7 11 6
-2 10 7
1 9 8
-7 8 9
-2 7 10
-1 6 11
-3 5 12
-7 4 13
-1 3 14
4 2 15
7 1 16
-3 0 17
-4 16 0
6 15 1
-5 14 2
-5 13 3
1 12 4
-2 11 5
2 10 6
-2 9 7
-8 8 8
1 7 9
-3 6 10
1 5 11
6 4 12
-8 3 13
3 2 14
6 1 15
-3 0 16
-2 15 0
1 14 1
-3 13 2
-2 12 3
-5 11 4
7 10 5
1 9 6
-1 8 7
-4 7 8
6 6 9
2 5 10
3 4 11
-8 3 12
5 2 13
8 1 14
1 0 15
7 13 1
-7 12 2
-4 11 3
6 10 4
-3 9 5
-1 8 6
-2 7 7
-4 6 8
-8 5 9
2 4 10
1 3 11
-5 2 12
-8 1 13
-2 0 14
-2 13 0
-3 12 1
7 11 2
-8 10 3
1 9 4
2 8 5
8 7 6
-5 6 7
2 5 8
-6 3 10
6 2 11
6 1 12
-1 0 13
-2 12 0
6 10 2
-5 9 3
1 8 4
6 7 5
-2 6 6
-4 5 7
-1 4 8
6 3 9
-7 2 10
-6 1 11
1 0 12
7 11 0
-1 10 1
-6 9 2
-3 8 3
-1 7 4
-7 6 5
-2 5 6
6 4 7
2 3 8
-1 2 9
4 1 10
2 0 11
-1 10 0
-3 9 1
-6 8 2
1 7 3
-7 6 4
-3 5 5
6 4 6
-1 2 8
-4 1 9
-8 0 10
-1 9 0
-7 8 1
-8 7 2
2 6 3
1 5 4
-8 4 5
-6 3 6
-7 2 7
1 1 8
-4 0 9
7 8 0
-5 7 1
-5 5 3
-5 4 4
1 3 5
8 2 6
-3 1 7
2 0 8
-3 7 0
-2 6 1
-5 5 2
-4 4 3
-1 3 4
4 2 5
-7 1 6
7 0 7
-2 6 0
-2 5 1
-3 4 2
4 3 3
-1 2 4
-7 1 5
2 0 6
3 5 0
-1 4 1
-8 3 2
6 2 3
-1 1 4
5 0 5
1 4 0
-5 3 1
5 2 2
3 1 3
5 0 4
-6 3 0
-8 2 1
-6 1 2
5 0 3
8 2 0
-8 1 1
6 1 0
-2 0 0
END
POLY M2_3
-6 13 61
-1 12 62
-1 11 63
6 10 64
7 9 65
1 8 66
-6 7 67
-4 13 60
8 12 61
-4 11 62
8 10 63
-2 9 64
3 8 65
4 7 66
6 6 67
-4 23 49
-2 22 50
8 21 51
-7 20 52
1 19 53
-8 18 54
-5 17 55
4 16 56
-7 15 57
-6 14 58
-5 13 59
-4 12 60
8 11 61
-3 10 62
-8 9 63
-6 8 64
-4 7 65
-3 5 67
4 25 46
-3 24 47
7 23 48
2 22 49
2 21 50
1 20 51
-1 19 52
5 18 53
5 17 54
3 16 55
5 15 56
-8 14 57
-1 13 58
3 12 59
-2 11 60
-8 10 61
-2 9 62
-2 8 63
-6 7 64
8 6 65
-2 5 66
-8 4 67
2 28 42
-8 27 43
-7 26 44
7 25 45
7 24 46
8 22 48
-3 21 49
-5 20 50
5 19 51
3 18 52
-4 17 53
-2 15 55
-4 14 56
2 13 57
-3 12 58
-3 11 59
5 10 60
-3 9 61
5 8 62
-3 7 63
3 6 64
-6 5 65
5 4 66
5 3 67
-2 30 39
2 29 40
7 28 41
-1 27 42
2 26 43
-3 25 44
-1 24 45
-7 23 46
-3 22 47
-5 21 48
6 20 49
-2 19 50
-3 18 51
-8 17 52
7 16 53
-4 15 54
-1 14 55
8 13 56
8 12 57
1 11 58
5 10 59
-5 9 60
-6 8 61
-5 7 62
2 6 63
6 5 64
4 4 65
-7 2 67
-4 30 38
-2 29 39
2 28 40
1 27 41
4 26 42
6 24 44
-8 23 45
-8 22 46
2 21 47
7 20 48
2 19 49
-3 18 50
-4 17 51
-8 16 52
8 15 53
-6 14 54
4 13 55
2 12 56
-3 11 57
5 10 58
5 9 59
-7 8 60
-6 7 61
-7 6 62
-5 5 63
6 4 64
2 3 65
4 2 66
-8 1 67
4 30 37
-8 29 38
-7 28 39
-3 27 40
-6 26 41
6 25 42
6 24 43
1 23 44
-5 22 45
3 21 46
1 20 47
3 19 48
2 18 49
4 17 50
-8 16 51
-2 15 52
1 14 53
4 13 54
-3 12 55
-7 11 56
4 10 57
8 9 58
3 8 59
-1 7 60
2 6 61
4 5 62
7 4 63
2 3 64
4 2 65
8 1 66
7 30 36
7 29 37
-4 28 38
5 26 40
7 25 41
-4 24 42
-2 23 43
6 22 44
-6 21 45
-3 20 46
2 19 47
-7 18 48
1 17 49
-3 16 50
-5 15 51
-5 14 52
-1 13 53
-8 12 54
-6 11 55
-7 10 56
6 9 57
-1 8 58
4 7 59
-1 6 60
3 4 62
5 3 63
-1 2 64
6 1 65
3 29 36
5 28 37
4 27 38
-4 26 39
2 25 40
-5 24 41
5 23 42
4 22 43
7 21 44
2 20 45
4 19 46
4 18 47
-3 16 49
-5 15 50
-6 14 51
5 13 52
6 12 53
7 11 54
4 10 55
-7 9 56
4 8 57
-8 7 58
-5 6 59
-5 5 60
-1 4 61
8 3 62
1 2 63
6 1 64
-7 0 65
6 29 35
1 28 36
2 27 37
-3 26 38
8 25 39
-5 24 40
-1 23 41
2 22 42
8 21 43
-4 20 44
-3 19 45
5 18 46
-8 17 47
8 16 48
-1 15 49
-5 14 50
1 13 51
2 12 52
4 11 53
-5 10 54
-6 9 55
4 8 56
5 7 57
-3 6 58
-2 5 59
-6 3 61
-4 2 62
1 1 63
-2 0 64
3 28 35
-3 27 36
7 26 37
-5 25 38
3 24 39
1 23 40
-8 22 41
-2 21 42
5 19 44
-8 18 45
3 17 46
3 16 47
2 15 48
-3 14 49
3 13 50
-3 12 51
2 11 52
1 10 53
-7 9 54
-5 8 55
-4 7 56
3 6 57
6 5 58
-1 4 59
-5 3 60
3 2 61
-8 1 62
3 0 63
7 27 35
-8 26 36
4 24 38
-2 23 39
-5 22 40
4 21 41
6 20 42
-5 19 43
8 18 44
5 17 45
-4 16 46
8 15 47
-2 14 48
-6 13 49
-7 12 50
8 11 51
6 10 52
-4 9 53
-6 8 54
3 7 55
-1 6 56
7 5 57
4 3 59
1 2 60
-6 0 62
6 26 35
-7 25 36
2 24 37
-7 23 38
-1 22 39
-5 21 40
-7 20 41
7 19 42
-5 18 43
3 17 44
-1 16 45
-5 15 46
5 14 47
4 13 48
-4 12 49
3 11 50
-2 9 52
-8 8 53
4 7 54
-3 6 55
-6 5 56
7 4 57
2 3 58
-1 2 59
-8 1 60
-3 0 61
-1 25 35
-6 24 36
-4 23 37
8 22 38
-7 21 39
-1 20 40
2 19 41
-3 18 42
-2 17 43
-1 16 44
3 15 45
7 14 46
4 13 47
-8 12 48
7 10 50
-3 9 51
-8 8 52
-1 7 53
-3 5 55
3 4 56
-2 3 57
1 2 58
-8 1 59
8 0 60
3 23 36
1 22 37
4 21 38
3 20 39
5 19 40
-1 18 41
-1 17 42
2 16 43
-8 15 44
-5 14 45
6 13 46
7 12 47
2 11 48
-7 10 49
-2 9 50
-4 8 51
1 7 52
-6 6 53
1 5 54
4 4 55
-6 3 56
-7 2 57
-1 1 58
-1 0 59
-3 23 35
5 22 36
5 21 37
1 20 38
1 19 39
-8 18 40
-3 16 42
6 15 43
4 14 44
6 13 45
-3 12 46
-2 11 47
2 9 49
-2 8 50
8 7 51
2 6 52
6 5 53
-6 4 54
-6 3 55
3 2 56
-3 1 57
-2 0 58
1 23 34
7 22 35
-4 21 36
1 20 37
-5 19 38
-1 18 39
3 17 40
3 16 41
1 15 42
8 14 43
-6 13 44
-7 11 46
-2 10 47
4 9 48
4 8 49
8 7 50
-5 6 51
-7 5 52
-5 3 54
-8 1 56
-4 0 57
-5 23 33
8 22 34
-2 21 35
-5 20 36
7 19 37
1 18 38
-6 16 40
-7 15 41
-6 14 42
-8 13 43
-4 12 44
-3 11 45
1 10 46
-6 9 47
-2 8 48
-8 7 49
-1 6 50
6 5 51
3 4 52
-5 3 53
2 2 54
-7 1 55
4 0 56
6 36 19
7 35 20
2 34 21
-5 33 22
4 32 23
-8 31 24
5 30 25
6 29 26
-7 23 32
4 22 33
8 21 34
-3 20 35
6 19 36
6 18 37
3 17 38
6 16 39
5 15 40
-8 14 41
8 13 42
8 12 43
3 11 44
2 10 45
-1 9 46
1 8 47
-3 7 48
7 6 49
-3 5 50
2 4 51
-7 3 52
-4 2 53
-3 1 54
-8 0 55
5 36 18
6 35 19
-8 34 20
1 32 22
-4 31 23
-4 29 25
2 25 29
7 24 30
-5 23 31
-8 22 32
2 21 33
8 20 34
6 19 35
1 18 36
-7 17 37
-1 16 38
6 15 39
8 14 40
8 13 41
-3 12 42
-7 11 43
8 10 44
5 8 46
3 7 47
1 6 48
5 5 49
-3 4 50
-1 3 51
8 2 52
-4 1 53
-3 0 54
4 46 7
6 45 8
-6 44 9
-1 43 10
6 42 11
-7 41 12
3 40 13
-3 39 14
3 38 15
2 37 16
3 36 17
5 35 18
-6 34 19
4 33 20
7 32 21
-5 31 22
5 30 23
7 29 24
2 28 25
3 27 26
5 26 27
-5 25 28
-5 24 29
7 23 30
2 22 31
-2 21 32
2 20 33
-2 19 34
-4 18 35
-2 17 36
3 16 37
-1 15 38
4 14 39
3 13 40
1 12 41
-6 11 42
7 10 43
8 9 44
-7 8 45
-2 7 46
-8 6 47
6 5 48
2 4 49
-4 3 50
8 2 51
4 1 52
-4 48 4
-1 47 5
8 46 6
-4 45 7
1 44 8
5 43 9
-8 41 11
-1 40 12
-5 39 13
1 38 14
8 37 15
7 36 16
7 35 17
-2 34 18
-1 33 19
8 32 20
4 31 21
-7 30 22
3 29 23
2 28 24
-1 27 25
1 26 26
7 25 27
8 24 28
8 23 29
1 22 30
-4 21 31
2 20 32
-3 19 33
1 18 34
-2 17 35
1 16 36
-8 15 37
-5 14 38
-6 12 40
-1 11 41
-1 10 42
7 9 43
-8 8 44
8 7 45
-4 6 46
-4 5 47
3 4 48
1 3 49
8 2 50
4 1 51
8 0 52
-8 48 3
-3 47 4
-6 46 5
-1 45 6
-1 44 7
3 43 8
-2 42 9
-7 41 10
6 40 11
-3 39 12
-1 38 13
-1 37 14
2 36 15
-4 35 16
-3 34 17
-2 33 18
1 32 19
-2 31 20
4 30 21
-1 29 22
-6 28 23
5 26 25
-7 25 26
3 24 27
4 23 28
3 22 29
-6 21 30
-8 20 31
-4 19 32
4 18 33
-4 17 34
7 16 35
-1 15 36
1 13 38
1 12 39
1 11 40
-6 9 42
5 8 43
8 7 44
-4 6 45
8 5 46
5 4 47
-2 3 48
3 2 49
7 1 50
-5 0 51
8 48 2
-1 47 3
1 46 4
6 45 5
-4 44 6
5 43 7
3 42 8
8 41 9
3 40 10
1 39 11
-5 37 13
8 36 14
3 35 15
1 34 16
4 33 17
7 32 18
2 31 19
7 30 20
-5 29 21
-3 28 22
-6 27 23
4 26 24
7 25 25
3 24 26
-1 23 27
-5 22 28
3 21 29
2 20 30
-1 19 31
3 18 32
-3 17 33
-5 16 34
-8 15 35
-6 14 36
-4 13 37
1 12 38
-5 11 39
6 10 40
2 9 41
-8 8 42
8 7 43
-5 6 44
-5 5 45
-7 4 46
3 3 47
3 2 48
8 1 49
-6 0 50
-3 48 1
1 47 2
-4 46 3
5 45 4
8 44 5
3 43 6
-7 42 7
-7 41 8
-1 39 10
-8 38 11
1 37 12
7 36 13
-8 35 14
1 33 16
4 32 17
-4 31 18
-2 30 19
2 29 20
-3 28 21
-8 27 22
-7 26 23
1 25 24
-4 24 25
-2 23 26
1 22 27
-5 21 28
-7 20 29
-4 19 30
-6 18 31
1 17 32
-6 16 33
-1 15 34
5 14 35
3 13 36
-3 12 37
7 11 38
2 10 39
-3 9 40
-8 8 41
-5 7 42
-4 6 43
5 5 44
6 4 45
-6 3 46
8 2 47
-3 1 48
2 0 49
-7 47 1
6 46 2
-4 45 3
4 44 4
-4 43 5
-7 42 6
1 41 7
-3 40 8
-1 39 9
-8 38 10
6 37 11
-6 36 12
4 35 13
-1 34 14
6 33 15
-6 32 16
-7 31 17
-6 30 18
-6 29 19
-8 28 20
6 27 21
1 26 22
-2 25 23
-3 24 24
2 23 25
-2 22 26
-2 21 27
5 20 28
7 19 29
-8 18 30
-5 17 31
6 16 32
-2 15 33
5 12 36
-2 11 37
-7 10 38
-8 9 39
-5 8 40
-2 7 41
5 6 42
-4 5 43
-5 4 44
-4 3 45
-5 2 46
-3 1 47
-6 0 48
-5 47 0
-6 46 1
-4 45 2
-7 44 3
-7 43 4
6 42 5
-6 41 6
5 40 7
-6 39 8
7 38 9
4 37 10
7 36 11
-4 35 12
4 34 13
-7 33 14
8 32 15
3 31 16
-7 30 17
5 29 18
-4 28 19
6 27 20
5 26 21
-3 25 22
4 24 23
8 23 24
-5 22 25
-6 21 26
-7 20 27
4 19 28
5 18 29
2 17 30
-2 16 31
-8 15 32
1 14 33
6 13 34
-6 12 35
-8 10 37
-7 9 38
5 8 39
-7 7 40
-5 6 41
3 5 42
6 4 43
-3 2 45
-6 1 46
-8 0 47
7 46 0
7 45 1
-6 44 2
-5 43 3
1 42 4
1 41 5
1 40 6
-8 39 7
7 38 8
4 37 9
-8 36 10
-2 35 11
6 34 12
3 33 13
-7 32 14
-2 31 15
-4 30 16
4 29 17
-5 28 18
5 27 19
8 26 20
4 25 21
2 24 22
8 23 23
7 22 24
5 21 25
4 20 26
-7 19 27
-3 18 28
-5 17 29
5 16 30
-2 15 31
6 14 32
8 13 33
-2 12 34
1 11 35
-4 10 36
8 9 37
2 8 38
6 7 39
3 6 40
-4 5 41
2 4 42
2 3 43
1 2 44
6 1 45
3 0 46
-2 45 0
6 44 1
-5 43 2
-2 42 3
4 41 4
-5 40 5
-7 39 6
-6 38 7
-1 37 8
-4 36 9
8 35 10
-4 34 11
-8 33 12
-7 32 13
8 31 14
2 30 15
-5 29 16
7 28 17
-1 27 18
5 26 19
-6 25 20
7 24 21
-5 23 22
-4 22 23
-8 21 24
-1 20 25
-1 19 26
8 18 27
-1 17 28
8 15 30
8 14 31
6 13 32
7 12 33
-4 11 34
-7 10 35
-2 9 36
7 8 37
6 7 38
-3 6 39
-4 5 40
5 4 41
-4 3 42
-4 2 43
3 1 44
6 0 45
7 44 0
2 42 2
1 41 3
-5 40 4
-5 39 5
2 38 6
6 37 7
8 36 8
2 35 9
5 33 11
-3 32 12
-3 31 13
8 30 14
-3 29 15
-3 28 16
-5 27 17
-4 26 18
-1 25 19
-7 24 20
3 23 21
6 22 22
1 21 23
-4 18 26
-2 17 27
2 16 28
1 15 29
8 14 30
2 13 31
2 12 32
-5 11 33
-1 10 34
3 9 35
-5 7 37
8 6 38
7 5 39
-2 4 40
-4 3 41
-7 2 42
-6 1 43
2 0 44
1 43 0
2 42 1
-4 41 2
-4 40 3
3 39 4
3 37 6
5 36 7
-5 35 8
-2 34 9
7 32 11
3 31 12
8 30 13
-7 29 14
4 28 15
5 27 16
7 26 17
-4 25 18
7 24 19
8 23 20
6 22 21
2 21 22
-4 20 23
-7 19 24
-3 18 25
4 17 26
6 16 27
-5 15 28
2 14 29
-4 13 30
-7 12 31
-2 11 32
-5 10 33
6 9 34
6 8 35
-7 6 37
-7 5 38
3 4 39
-8 3 40
-8 2 41
3 1 42
6 0 43
8 42 0
7 39 3
-7 38 4
6 37 5
3 36 6
-6 34 8
7 31 11
8 30 12
-1 29 13
-5 28 14
1 27 15
2 26 16
7 25 17
-2 24 18
-7 23 19
8 22 20
-4 21 21
-7 20 22
-6 19 23
7 17 25
2 16 26
1 15 27
3 14 28
1 13 29
-6 12 30
-6 11 31
3 10 32
5 9 33
1 8 34
-5 7 35
5 6 36
-7 5 37
5 4 38
-5 3 39
-5 2 40
-2 1 41
1 0 42
2 41 0
3 40 1
-1 38 3
6 37 4
-2 36 5
-3 35 6
1 34 7
-1 33 8
-6 32 9
7 31 10
7 30 11
-3 29 12
-2 28 13
-1 27 14
2 26 15
-8 25 16
-8 24 17
6 23 18
2 22 19
5 21 20
-7 20 21
-4 19 22
6 18 23
-8 17 24
1 16 25
1 15 26
5 14 27
1 13 28
7 12 29
-4 11 30
4 10 31
1 9 32
8 8 33
-2 7 34
-5 6 35
2 5 36
-8 4 37
4 2 39
1 1 40
-6 0 41
-4 40 0
-8 39 1
-4 38 2
4 37 3
5 36 4
2 35 5
-1 34 6
-8 33 7
-5 32 8
-6 30 10
-3 29 11
1 28 12
-7 27 13
-3 26 14
-7 25 15
-7 24 16
-6 23 17
-8 22 18
-1 21 19
6 20 20
-8 18 22
5 17 23
5 16 24
1 15 25
3 14 26
-4 13 27
1 12 28
-8 9 31
3 8 32
-4 7 33
-4 6 34
-8 5 35
-4 4 36
8 3 37
-5 2 38
-6 1 39
-1 0 40
-1 39 0
-7 38 1
-5 37 2
4 36 3
-3 35 4
-2 34 5
-3 33 6
-3 32 7
8 31 8
3 30 9
-8 29 10
1 28 11
7 27 12
8 26 13
-5 25 14
6 24 15
-2 23 16
7 22 17
4 21 18
-2 20 19
-8 19 20
5 17 22
-2 15 24
4 14 25
6 13 26
8 12 27
-3 11 28
-4 10 29
-3 9 30
5 8 31
-6 7 32
-4 6 33
-8 5 34
6 4 35
-3 3 36
8 2 37
-5 1 38
3 0 39
-6 38 0
-7 37 1
-3 36 2
3 35 3
-4 34 4
1 33 5
-1 32 6
-6 31 7
8 30 8
1 29 9
4 28 10
-2 27 11
8 26 12
5 25 13
8 24 14
2 22 16
7 21 17
6 20 18
-1 19 19
3 18 20
-1 17 21
-1 16 22
-4 15 23
6 14 24
6 13 25
5 12 26
-6 11 27
4 9 29
4 8 30
7 7 31
-3 6 32
4 5 33
-1 3 35
-7 2 36
-8 0 38
-1 37 0
2 36 1
-2 35 2
-7 34 3
5 33 4
-7 32 5
6 31 6
2 30 7
8 29 8
2 28 9
7 27 10
-3 26 11
2 25 12
-3 24 13
-1 23 14
-7 22 15
2 21 16
-8 20 17
7 19 18
-4 18 19
-5 17 20
-7 16 21
1 15 22
8 14 23
8 13 24
5 12 25
-2 11 26
-8 9 28
-3 8 29
-2 7 30
7 6 31
5 5 32
-2 4 33
-3 3 34
-1 2 35
6 1 36
-7 0 37
-5 36 0
-8 35 1
3 34 2
-8 33 3
-6 32 4
5 31 5
1 30 6
-6 28 8
-6 27 9
3 26 10
6 25 11
-2 24 12
-5 23 13
-2 22 14
4 21 15
-1 18 18
2 17 19
1 16 20
-8 15 21
-7 14 22
-4 13 23
-7 12 24
-8 11 25
8 10 26
-5 9 27
-5 8 28
5 7 29
4 6 30
4 5 31
2 3 33
-1 2 34
-8 1 35
-4 0 36
5 35 0
8 34 1
5 32 3
2 30 5
8 29 6
4 28 7
-8 27 8
-3 26 9
-6 25 10
5 24 11
-3 23 12
6 22 13
2 21 14
-5 20 15
2 19 16
-1 17 18
-3 16 19
-6 15 20
3 14 21
-7 13 22
-6 12 23
-8 11 24
4 10 25
6 9 26
-5 8 27
7 7 28
3 6 29
4 5 30
-1 4 31
-1 3 32
2 2 33
-8 1 34
-3 0 35
-6 34 0
-7 33 1
1 32 2
6 31 3
-6 30 4
6 29 5
-8 27 7
-6 26 8
-4 25 9
-5 24 10
-3 23 11
7 22 12
-4 20 14
-4 19 15
-6 18 16
6 17 17
1 16 18
-1 15 19
-8 14 20
-8 13 21
4 12 22
4 11 23
-2 10 24
-1 9 25
7 8 26
-6 7 27
4 6 28
-4 5 29
-1 4 30
-5 3 31
-2 2 32
-7 1 33
8 0 34
-3 33 0
-7 32 1
-1 31 2
-5 30 3
-4 29 4
5 28 5
1 27 6
-5 26 7
-1 25 8
5 24 9
-1 23 10
1 22 11
1 21 12
4 20 13
-1 19 14
4 18 15
4 17 16
6 16 17
3 15 18
-8 14 19
6 13 20
6 12 21
-7 11 22
-2 10 23
5 9 24
-3 8 25
-8 7 26
-3 6 27
-4 5 28
-8 4 29
-7 3 30
-7 2 31
-8 1 32
6 0 33
-1 32 0
8 31 1
-7 30 2
-2 29 3
-8 28 4
6 27 5
-4 26 6
-2 25 7
-5 24 8
-7 23 9
6 22 10
-3 21 11
8 20 12
-1 19 13
2 18 14
-7 17 15
-1 16 16
-4 15 17
4 14 18
6 12 20
7 11 21
-7 10 22
-8 9 23
2 8 24
3 7 25
-6 6 26
5 5 27
-8 4 28
-5 3 29
-2 2 30
-1 1 31
4 0 32
-6 30 1
-8 29 2
-8 28 3
-6 27 4
-4 26 5
2 25 6
-4 24 7
8 23 8
8 22 9
-1 21 10
5 20 11
-2 19 12
6 17 14
5 16 15
3 15 16
-1 14 17
8 13 18
1 11 20
2 10 21
-5 9 22
1 8 23
4 7 24
7 6 25
-6 5 26
2 2 29
-2 1 30
8 0 31
1 30 0
-3 29 1
-7 28 2
6 27 3
3 26 4
4 25 5
2 24 6
-1 23 7
6 22 8
7 20 10
-1 19 11
4 18 12
6 17 13
-2 16 14
7 15 15
-6 14 16
3 13 17
-7 12 18
-2 11 19
-2 10 20
-1 9 21
-1 8 22
-7 7 23
3 6 24
6 5 25
1 4 26
1 3 27
-7 2 28
-1 1 29
2 0 30
8 28 1
-2 27 2
-1 26 3
-8 25 4
4 24 5
-4 23 6
2 22 7
-5 21 8
-1 20 9
4 19 10
-4 18 11
-2 17 12
3 16 13
-5 15 14
5 14 15
3 13 16
5 12 17
-7 11 18
2 10 19
4 9 20
-7 8 21
-6 7 22
-6 6 23
-1 5 24
-2 4 25
3 3 26
8 2 27
2 28 0
2 27 1
-6 26 2
7 25 3
4 24 4
7 23 5
-4 22 6
8 20 8
-5 19 9
-4 18 10
-4 17 11
-8 16 12
-4 15 13
-6 13 15
6 12 16
1 11 17
-7 10 18
-4 9 19
3 8 20
5 6 22
-8 5 23
-5 4 24
2 3 25
1 2 26
-5 1 27
4 0 28
-4 27 0
-5 26 1
-2 25 2
-4 24 3
1 23 4
-4 22 5
4 21 6
5 20 7
-7 19 8
-5 18 9
8 17 10
-2 16 11
6 15 12
6 14 13
-4 13 14
-4 12 15
-2 11 16
2 10 17
-3 9 18
1 8 19
-5 7 20
4 6 21
7 5 22
4 4 23
2 3 24
4 2 25
5 1 26
-7 0 27
-8 26 0
6 25 1
3 24 2
-1 23 3
3 22 4
-5 21 5
-5 20 6
8 19 7
7 18 8
1 16 10
-7 15 11
5 14 12
2 13 13
-1 12 14
2 11 15
8 10 16
-5 9 17
-8 8 18
2 7 19
-8 6 20
4 4 22
8 3 23
-2 2 24
2 1 25
6 0 26
8 25 0
4 24 1
-5 23 2
-3 22 3
7 21 4
3 20 5
-1 19 6
-7 18 7
-3 17 8
4 16 9
-2 15 10
3 14 11
-3 13 12
6 12 13
-4 11 14
-3 10 15
1 9 16
-7 8 17
4 7 18
-1 6 19
4 5 20
2 4 21
7 3 22
6 2 23
-3 1 24
7 0 25
2 24 0
-1 23 1
1 22 2
-4 21 3
-2 20 4
-1 19 5
-6 18 6
-3 17 7
-6 16 8
-5 15 9
-3 14 10
6 13 11
5 12 12
7 11 13
-6 10 14
-6 9 15
-4 8 16
1 7 17
-8 5 19
-7 4 20
-2 3 21
4 2 22
7 1 23
-5 0 24
6 22 1
1 21 2
2 20 3
5 19 4
3 18 5
-7 16 7
7 15 8
-8 14 9
-7 13 10
6 12 11
3 11 12
2 10 13
-1 9 14
3 8 15
4 7 16
-2 6 17
5 5 18
-3 4 19
8 3 20
2 2 21
-6 1 22
-6 0 23
7 22 0
5 21 1
8 20 2
-2 19 3
7 18 4
8 17 5
8 16 6
-5 15 7
6 14 8
2 13 9
8 12 10
-7 10 12
5 9 13
1 8 14
4 7 15
8 6 16
7 5 17
-7 4 18
-4 3 19
6 2 20
-6 1 21
1 0 22
8 20 1
6 19 2
7 17 4
1 16 5
3 15 6
-8 14 7
-1 13 8
-4 12 9
-7 11 10
4 10 11
-5 8 13
-7 6 15
8 5 16
-7 3 18
4 2 19
4 1 20
-4 0 21
2 20 0
-3 18 2
-5 17 3
-2 16 4
-8 15 5
-2 14 6
-4 13 7
-5 12 8
3 11 9
2 10 10
6 9 11
-4 8 12
6 7 13
7 6 14
7 5 15
-5 4 16
-6 3 17
-3 2 18
5 1 19
-3 0 20
-4 19 0
-6 18 1
-1 17 2
-3 15 4
-4 14 5
-7 13 6
-2 12 7
-5 10 9
5 9 10
-3 8 11
5 7 12
-4 6 13
-2 5 14
-8 4 15
-7 3 16
-8 2 17
-1 1 18
1 0 19
4 18 0
7 17 1
2 16 2
6 15 3
-3 14 4
5 13 5
1 12 6
-7 11 7
7 10 8
-4 9 9
-2 8 10
-8 7 11
-3 6 12
8 5 13
-7 4 14
6 3 15
2 2 16
-5 1 17
-5 0 18
3 17 0
8 16 1
3 15 2
-5 14 3
8 13 4
8 12 5
3 11 6
1 10 7
-4 9 8
7 8 9
-4 7 10
-7 6 11
-3 5 12
7 4 13
2 3 14
-2 2 15
8 1 16
6 0 17
-5 16 0
-6 15 1
4 14 2
4 13 3
7 12 4
2 11 5
-5 10 6
-3 8 8
-8 7 9
8 5 11
-3 4 12
-1 3 13
-3 2 14
-8 1 15
7 0 16
-2 15 0
-2 14 1
-2 13 2
2 12 3
-7 11 4
5 10 5
-3 9 6
-2 8 7
-1 7 8
7 6 9
8 5 10
2 4 11
1 3 12
8 2 13
5 1 14
7 0 15
-5 14 0
7 13 1
-8 12 2
6 11 3
8 10 4
2 9 5
-1 8 6
-6 7 7
1 6 8
-1 5 9
5 4 10
-8 2 12
-5 1 13
-3 0 14
-2 13 0
2 12 1
-7 11 2
-4 10 3
-1 9 4
4 8 5
8 7 6
2 6 7
-8 5 8
2 4 9
-4 3 10
-3 2 11
3 1 12
-3 0 13
-4 12 0
7 11 1
3 10 2
6 9 3
6 8 4
6 7 5
5 5 7
-5 4 8
-3 3 9
-1 2 10
7 1 11
-6 0 12
-2 11 0
-2 10 1
5 9 2
-5 8 3
-3 7 4
-5 6 5
-7 5 6
-7 4 7
3 3 8
-2 2 9
7 1 10
-1 0 11
8 10 0
8 9 1
1 8 2
-3 7 3
2 6 4
3 5 5
-8 4 6
3 3 7
-1 2 8
-1 1 9
-6 9 0
2 8 1
6 7 2
-2 5 4
-5 3 6
-1 2 7
-5 1 8
4 0 9
6 8 0
5 7 1
-1 6 2
-3 5 3
2 4 4
8 3 5
-6 2 6
-6 1 7
-4 0 8
5 7 0
-5 6 1
8 5 2
4 4 3
8 3 4
4 2 5
-6 1 6
7 0 7
7 6 0
-3 5 1
1 4 2
8 3 3
-1 2 4
-2 1 5
-5 0 6
-4 5 0
-7 3 2
2 2 3
5 1 4
-3 0 5
-7 4 0
6 3 1
-3 2 2
1 1 3
-7 3 0
5 2 1
-7 1 2
-3 0 3
-1 2 0
-4 1 1
8 0 2
5 1 0
2 0 1
-2 0 0
END
POLY M3_1
8 32 18
7 31 19
7 30 20
-8 29 21
2 28 22
-7 27 23
8 26 24
5 31 18
-4 30 19
-3 29 20
3 28 21
7 27 22
1 26 23
-7 25 24
-6 42 6
-3 41 7
-5 40 8
-2 39 9
-7 38 10
-8 37 11
-5 36 12
1 35 13
3 34 14
-6 33 15
-7 32 16
-2 31 17
4 30 18
-7 29 19
-5 28 20
4 27 21
4 26 22
1 24 24
6 44 3
4 43 4
6 42 5
-6 41 6
-8 40 7
-4 39 8
-6 38 9
-7 37 10
-1 36 11
-2 35 12
-8 34 13
-4 33 14
8 32 15
6 31 16
5 30 17
-1 29 18
3 28 19
-8 27 20
-8 26 21
-4 24 23
3 23 24
7 44 2
-3 43 3
1 42 4
3 41 5
5 40 6
-8 39 7
-6 38 8
-8 36 10
8 35 11
6 34 12
-7 33 13
2 32 14
-7 31 15
-3 30 16
-4 29 17
-7 28 18
1 27 19
-1 26 20
-3 25 21
-5 24 22
-7 23 23
-7 22 24
2 44 1
4 43 2
-2 42 3
4 41 4
-2 40 5
5 39 6
3 38 7
-5 37 8
-8 36 9
6 35 10
-2 34 11
-6 33 12
-5 32 13
4 31 14
-4 30 15
4 29 16
7 28 17
3 27 18
-5 26 19
-2 25 20
-3 24 21
-4 23 22
-7 22 23
-5 21 24
6 43 1
4 42 2
-8 41 3
-3 39 5
7 38 6
3 37 7
3 36 8
-7 35 9
-3 34 10
-6 33 11
5 32 12
7 31 13
7 30 14
1 29 15
-7 28 16
-1 27 17
3 26 18
-6 25 19
5 24 20
5 23 21
-7 22 22
2 21 23
-1 20 24
-8 43 0
-8 42 1
8 41 2
7 40 3
1 39 4
-2 38 5
-3 37 6
-7 36 7
-1 35 8
-2 34 9
-6 33 10
5 32 11
7 31 12
-1 30 13
7 29 14
-4 28 15
-5 27 16
-8 26 17
8 25 18
8 24 19
-8 23 20
-8 22 21
4 21 22
2 20 23
8 42 0
3 41 1
-2 40 2
5 39 3
7 38 4
-6 37 5
-3 36 6
-2 35 7
-4 34 8
4 33 9
-4 32 10
-4 31 11
6 30 12
3 29 13
-7 28 14
-1 27 15
7 26 16
3 25 17
1 24 18
-7 23 19
-4 22 20
-3 21 21
-1 20 22
8 19 23
-8 41 0
1 40 1
-6 39 2
8 38 3
-3 37 4
8 36 5
2 35 6
6 34 7
5 33 8
-8 32 9
5 31 10
-2 30 11
3 29 12
7 28 13
-6 27 14
6 26 15
8 25 16
1 24 17
4 23 18
2 22 19
-1 21 20
-7 20 21
5 19 22
-3 40 0
-3 39 1
-4 38 2
6 37 3
3 36 4
3 35 5
1 34 6
2 33 7
-8 32 8
-3 31 9
4 30 10
2 29 11
-1 28 12
5 26 14
-2 25 15
-1 24 16
-5 23 17
7 22 18
-2 21 19
4 20 20
-4 19 21
-8 39 0
-8 38 1
-4 37 2
-7 36 3
1 35 4
-8 34 5
-2 33 6
5 32 7
-1 31 8
-3 29 10
-2 28 11
-3 27 12
7 26 13
-5 25 14
-7 24 15
-8 23 16
3 22 17
5 21 18
-5 20 19
-3 38 0
2 37 1
7 36 2
1 35 3
4 34 4
6 33 5
8 32 6
8 31 7
8 30 8
6 29 9
3 28 10
6 27 11
-6 26 12
-8 25 13
7 24 14
4 23 15
4 22 16
-4 21 17
5 19 19
-2 37 0
-4 36 1
-5 35 2
-3 34 3
7 33 4
-6 32 5
3 31 6
-8 30 7
-1 28 9
5 27 10
-4 26 11
-2 25 12
-2 24 13
4 23 14
-1 22 15
-2 20 17
4 19 18
3 36 0
-2 35 1
7 34 2
-4 33 3
2 32 4
-4 31 5
4 30 6
-4 29 7
-4 28 8
7 27 9
-5 26 10
4 25 11
1 24 12
-6 23 13
-5 22 14
-3 21 15
-5 20 16
-2 19 17
8 35 0
-3 34 1
-1 33 2
-6 32 3
-4 31 4
-5 30 5
7 29 6
2 28 7
-8 27 8
8 26 9
-2 25 10
8 24 11
7 23 12
-5 22 13
-2 21 14
-4 20 15
-4 19 16
2 34 0
6 33 1
-6 32 2
1 31 3
7 30 4
-3 29 5
4 28 6
-7 27 7
-6 26 8
-2 25 9
7 24 10
7 23 11
-7 22 12
3 21 13
-1 20 14
5 19 15
-8 33 0
7 32 1
5 31 2
1 30 3
-7 29 4
8 28 5
-7 27 6
1 26 7
-8 25 8
-3 24 9
4 23 10
-7 22 11
-7 21 12
2 20 13
3 32 0
4 31 1
-5 30 2
7 29 3
4 28 4
-3 27 5
7 26 6
4 24 8
6 23 9
-3 22 10
-2 21 11
-1 20 12
-6 19 13
6 31 0
1 30 1
-5 29 2
8 28 3
4 27 4
2 26 5
5 25 6
6 24 7
7 23 8
1 22 9
4 21 10
3 20 11
-1 19 12
6 30 0
6 29 1
-7 28 2
8 27 3
-4 26 4
-8 25 5
5 24 6
-5 23 7
-2 22 8
-5 21 9
-6 20 10
7 19 11
-8 29 0
-3 28 1
-5 27 2
-7 25 4
-6 24 5
4 23 6
6 22 7
5 21 8
-8 20 9
-6 19 10
-5 28 0
6 27 1
-2 26 2
1 25 3
-5 24 4
-3 23 5
1 22 6
-4 21 7
4 19 9
2 27 0
1 26 1
-5 25 2
8 24 3
-5 23 4
1 22 5
-2 21 6
6 20 7
-5 19 8
3 26 0
-4 24 2
-4 23 3
8 22 4
-6 21 5
-4 20 6
-3 19 7
-5 25 0
3 24 1
-5 23 2
-3 21 4
3 20 5
6 19 6
1 24 0
-3 23 1
1 21 3
6 20 4
5 19 5
-4 23 0
-1 22 1
6 21 2
8 20 3
-4 19 4
-6 22 0
-4 20 2
-1 19 3
4 21 0
-6 20 1
4 19 2
-6 20 0
3 19 1
-7 19 0
END
POLY M3_2
8 25 19
-2 24 20
5 23 21
-3 22 22
-1 21 23
-8 20 24
2 25 18
4 24 19
-5 23 20
-7 22 21
7 21 22
4 20 23
-2 19 24
-6 35 7
8 34 8
3 33 9
1 32 10
-6 31 11
3 30 12
-2 29 13
-1 28 14
2 27 15
-4 26 16
6 25 17
3 24 18
1 23 19
-4 22 20
-4 21 21
-2 20 22
-7 19 23
2 18 24
6 37 4
-7 36 5
6 35 6
6 34 7
3 33 8
1 32 9
-7 31 10
-4 30 11
-5 29 12
7 28 13
1 27 14
5 26 15
1 25 16
-5 24 17
-7 23 18
5 22 19
6 21 20
-8 20 21
-5 19 22
-3 18 23
4 36 4
-3 35 5
6 34 6
8 33 7
-8 32 8
-4 31 9
4 29 11
4 28 12
7 27 13
6 26 14
5 25 15
-8 24 16
-4 23 17
-1 22 18
2 21 19
3 20 20
-8 18 22
1 17 23
8 37 2
7 36 3
4 35 4
-7 34 5
-4 33 6
3 32 7
5 30 9
-5 29 10
8 28 11
-3 27 12
3 26 13
7 25 14
-8 24 15
6 23 16
-4 22 17
-1 21 18
1 20 19
-6 19 20
-7 18 21
2 17 22
-8 37 1
7 36 2
-6 35 3
6 34 4
-6 33 5
2 32 6
8 31 7
-5 30 8
-2 29 9
6 28 10
-4 27 11
-4 26 12
-6 24 14
6 23 15
3 22 16
8 21 17
2 19 19
3 18 20
-5 17 21
-6 36 1
6 35 2
-5 33 4
-1 32 5
-1 31 6
6 30 7
-4 29 8
2 28 9
-4 27 10
-3 26 11
8 25 12
7 24 13
-8 22 15
-5 21 16
-3 20 17
8 19 18
-5 18 19
7 17 20
-1 7 30
-4 6 31
-7 5 32
-6 4 33
-2 3 34
1 2 35
-2 36 0
3 35 1
-8 34 2
4 33 3
-8 32 4
-7 31 5
6 30 6
6 29 7
2 28 8
-8 27 9
4 26 10
3 25 11
-1 24 12
-3 23 13
-2 22 14
1 21 15
-3 20 16
-8 19 17
-1 9 27
-7 8 28
-5 7 29
2 6 30
-2 5 31
-7 4 32
8 3 33
-6 2 34
-2 1 35
4 34 1
2 33 2
-8 32 3
-3 30 5
-2 29 6
-7 28 7
7 27 8
4 26 9
2 25 10
5 24 11
-6 23 12
7 22 13
2 21 14
6 20 15
-6 19 16
-2 18 17
-2 17 18
-1 16 19
6 15 20
2 14 21
5 13 22
6 12 23
-5 11 24
5 10 25
-2 9 26
-5 8 27
3 7 28
-2 6 29
5 5 30
-5 4 31
8 3 32
-2 2 33
-3 1 34
-5 34 0
-5 33 1
2 32 2
3 31 3
-1 30 4
8 29 5
-4 28 6
8 27 7
-3 26 8
-4 25 9
-3 24 10
2 23 11
-6 22 12
-8 21 13
-3 20 14
-7 19 15
-3 17 17
1 16 18
6 15 19
-2 14 20
4 13 21
7 11 23
6 10 24
-5 9 25
6 8 26
-7 7 27
6 6 28
-7 5 29
-4 3 31
-4 2 32
-4 1 33
-1 0 34
6 33 0
-8 32 1
-5 31 2
-3 30 3
6 29 4
7 28 5
-5 27 6
-1 26 7
3 25 8
1 24 9
-5 23 10
8 22 11
4 21 12
8 20 13
8 19 14
-6 18 15
-8 17 16
-4 16 17
4 15 18
-1 14 19
-2 13 20
1 12 21
8 11 22
4 10 23
-3 9 24
-8 8 25
1 7 26
-8 6 27
-5 5 28
3 4 29
5 3 30
-3 2 31
6 1 32
8 0 33
-4 32 0
1 31 1
7 29 3
-2 28 4
7 27 5
1 26 6
-6 25 7
-3 24 8
-7 23 9
6 22 10
-4 21 11
-2 20 12
-1 19 13
-6 18 14
4 16 16
5 15 17
-8 14 18
-4 13 19
-5 12 20
-7 11 21
-7 10 22
-2 9 23
2 8 24
6 7 25
-1 6 26
2 5 27
1 4 28
3 3 29
7 1 31
-2 0 32
-5 31 0
4 30 1
-1 29 2
-4 28 3
3 27 4
-5 26 5
4 25 6
-7 24 7
4 23 8
-4 22 9
-8 21 10
-4 20 11
-2 19 12
-3 18 13
3 17 14
-2 16 15
4 14 17
5 13 18
1 12 19
-6 11 20
7 10 21
-6 8 23
-2 7 24
1 6 25
-7 5 26
-3 4 27
3 3 28
5 2 29
-5 1 30
-8 0 31
4 30 0
5 29 1
3 28 2
6 27 3
1 26 4
3 25 5
5 24 6
5 23 7
-8 22 8
1 21 9
-2 20 10
2 19 11
4 18 12
-2 17 13
-5 15 15
-8 14 16
5 12 18
5 11 19
-5 10 20
7 8 22
3 7 23
1 6 24
4 5 25
1 4 26
2 3 27
-3 2 28
1 0 30
-8 29 0
6 28 1
4 27 2
5 26 3
8 25 4
-2 24 5
-4 23 6
1 22 7
-1 21 8
-2 20 9
-4 19 10
-5 18 11
8 17 12
5 16 13
-4 15 14
-6 14 15
-5 13 16
-3 12 17
4 11 18
2 10 19
7 9 20
6 8 21
5 7 22
-6 6 23
-7 5 24
-4 4 25
3 3 26
7 2 27
4 1 28
8 0 29
-8 28 0
-1 27 1
4 26 2
-6 25 3
6 24 4
-8 23 5
6 22 6
7 21 7
-3 20 8
2 19 9
4 15 13
-4 13 15
-1 12 16
-3 10 18
4 9 19
2 8 20
-8 7 21
1 6 22
-3 5 23
-4 3 25
8 2 26
-8 1 27
7 0 28
1 27 0
-7 26 1
4 25 2
-7 24 3
-7 23 4
-4 22 5
2 21 6
4 20 7
2 19 8
-3 18 9
-1 17 10
1 16 11
1 15 12
-4 14 13
-7 13 14
-4 12 15
8 11 16
1 10 17
-2 9 18
1 8 19
-6 7 20
7 6 21
-1 4 23
-6 3 24
-7 2 25
2 0 27
3 26 0
7 25 1
-5 24 2
1 23 3
8 22 4
5 21 5
2 20 6
-3 19 7
-8 18 8
-1 17 9
-3 16 10
-5 14 12
-6 13 13
-2 12 14
1 11 15
7 10 16
5 8 18
-6 7 19
-2 6 20
-7 5 21
8 4 22
7 3 23
-7 2 24
4 1 25
3 0 26
-6 25 0
-2 24 1
2 23 2
7 22 3
-7 21 4
4 20 5
-7 19 6
1 18 7
-2 17 8
-5 15 10
-6 14 11
5 13 12
-5 12 13
-1 11 14
3 10 15
3 9 16
-7 8 17
5 7 18
-8 6 19
-1 5 20
-6 4 21
4 3 22
5 2 23
-8 1 24
3 0 25
7 24 0
-5 23 1
3 22 2
1 21 3
1 20 4
-7 19 5
-3 18 6
-7 17 7
-2 16 8
-3 15 9
-8 14 10
-6 13 11
-4 12 12
-1 11 13
-6 10 14
7 9 15
-1 8 16
-4 7 17
3 6 18
-2 5 19
4 4 20
4 3 21
7 2 22
-1 1 23
7 0 24
-5 23 0
2 22 1
-4 21 2
2 20 3
-5 19 4
-7 18 5
-4 17 6
3 16 7
6 15 8
-4 14 9
-8 13 10
1 12 11
7 11 12
-4 10 13
-2 9 14
-6 8 15
-8 7 16
4 6 17
-1 5 18
1 4 19
-2 3 20
5 2 21
2 1 22
-2 0 23
-7 22 0
-7 21 1
-1 20 2
1 19 3
7 18 4
6 17 5
-7 16 6
4 15 7
-3 14 8
-1 12 10
-4 11 11
-4 10 12
-2 9 13
2 8 14
4 7 15
-2 6 16
2 5 17
-5 4 18
-1 3 19
-7 2 20
-2 1 21
5 0 22
-4 21 0
-3 20 1
-6 19 2
8 18 3
3 17 4
8 16 5
6 15 6
8 12 9
-4 11 10
3 10 11
7 9 12
3 8 13
2 7 14
5 5 16
-3 4 17
2 3 18
7 2 19
-5 1 20
1 0 21
1 20 0
-5 19 1
-6 18 2
-4 17 3
3 16 4
-4 15 5
-5 14 6
5 13 7
8 12 8
-6 11 9
-3 10 10
6 9 11
1 8 12
5 7 13
-4 6 14
-2 5 15
6 4 16
-5 3 17
3 1 19
2 0 20
8 19 0
-6 18 1
-4 17 2
-1 16 3
7 15 4
-3 14 5
7 13 6
-1 12 7
-6 11 8
-2 10 9
5 9 10
-5 8 11
2 7 12
-5 6 13
-5 5 14
2 4 15
-2 3 16
-3 2 17
-8 1 18
-3 18 0
5 17 1
-6 16 2
-2 15 3
-4 14 4
2 13 5
7 12 6
-1 11 7
7 10 8
-6 9 9
5 8 10
3 7 11
-5 5 13
-7 4 14
-8 3 15
3 2 16
1 1 17
1 0 18
-8 17 0
1 16 1
-1 15 2
-5 14 3
-6 13 4
-8 12 5
-3 11 6
2 10 7
-1 9 8
2 8 9
-7 6 11
-2 5 12
4 4 13
1 3 14
-7 2 15
-2 1 16
-2 0 17
-3 16 0
-5 15 1
4 13 3
1 12 4
6 11 5
-4 10 6
-5 9 7
-1 8 8
-4 7 9
2 6 10
3 5 11
-2 4 12
-5 2 14
4 1 15
-2 0 16
-6 15 0
2 14 1
5 13 2
8 12 3
6 11 4
5 10 5
-8 8 7
1 7 8
-2 6 9
-1 5 10
-4 4 11
4 3 12
2 2 13
2 1 14
5 0 15
6 14 0
-3 13 1
-2 12 2
3 11 3
1 10 4
7 8 6
-4 7 7
-5 6 8
1 5 9
1 4 10
-5 3 11
1 2 12
5 0 14
-6 13 0
1 12 1
5 11 2
8 10 3
6 9 4
8 8 5
-5 7 6
7 6 7
6 5 8
-1 4 9
-4 3 10
2 2 11
-4 1 12
2 0 13
-8 12 0
4 11 1
3 10 2
-7 9 3
6 8 4
6 7 5
1 6 6
3 5 7
4 4 8
3 3 9
-7 2 10
-7 1 11
-7 0 12
-7 11 0
8 10 1
-4 9 2
8 8 3
1 7 4
-8 6 5
-5 5 6
3 4 7
4 3 8
-2 2 9
8 1 10
4 9 1
1 8 2
7 7 3
-3 6 4
8 5 5
-2 4 6
-3 3 7
2 2 8
2 0 10
7 9 0
6 8 1
1 7 2
-5 6 3
7 5 4
-7 4 5
-4 3 6
8 2 7
3 1 8
-5 0 9
8 8 0
4 7 1
-7 6 2
3 5 3
-4 4 4
-7 3 5
-6 2 6
7 1 7
-4 0 8
3 7 0
4 6 1
-1 5 2
-3 4 3
-1 3 4
-8 2 5
-4 1 6
4 0 7
4 6 0
3 5 1
-7 4 2
-5 3 3
7 2 4
1 1 5
7 0 6
-2 5 0
-2 4 1
-7 3 2
4 2 3
4 0 5
-8 4 0
2 3 1
-3 2 2
-8 1 3
-7 0 4
-3 3 0
8 2 1
-5 1 2
-6 0 3
-2 2 0
5 1 1
-1 0 2
-7 1 0
5 0 1
5 0 0
END
POLY M3_3
6 7 60
7 6 61
8 5 62
2 4 63
-5 3 64
-6 2 65
-1 7 59
5 6 60
-3 5 61
4 2 64
-5 1 65
4 17 48
6 16 49
-2 15 50
5 14 51
4 13 52
-5 12 53
-4 10 55
3 9 56
-8 8 57
-5 7 58
-3 6 59
-1 5 60
-6 4 61
-8 2 63
-3 1 64
-4 19 45
-1 18 46
-7 16 48
8 15 49
6 14 50
-4 13 51
3 12 52
2 11 53
3 10 54
4 9 55
-8 8 56
3 7 57
5 6 58
5 5 59
6 4 60
-1 3 61
-2 2 62
-4 1 63
6 0 64
-2 22 41
6 21 42
-4 20 43
-2 19 44
6 18 45
2 17 46
5 16 47
-7 15 48
-3 14 49
-2 13 50
-1 11 52
-5 10 53
-6 9 54
-2 8 55
2 7 56
3 6 57
-2 5 58
5 4 59
2 3 60
-1 2 61
-1 1 62
1 0 63
2 24 38
6 22 40
2 21 41
7 20 42
-5 19 43
-5 18 44
8 17 45
-8 16 46
-8 15 47
4 14 48
-1 13 49
-1 12 50
-6 11 51
8 10 52
5 9 53
5 8 54
-6 7 55
-7 6 56
-2 5 57
7 4 58
-4 3 59
1 2 60
-1 1 61
8 24 37
-7 23 38
5 22 39
-5 21 40
-8 19 42
4 18 43
-2 17 44
6 16 45
3 15 46
7 14 47
-1 13 48
-5 12 49
4 11 50
8 10 51
-5 9 52
-3 8 53
1 7 54
-1 6 55
-4 5 56
-2 4 57
8 3 58
4 1 60
-8 0 61
-5 24 36
2 23 37
-8 22 38
5 21 39
7 20 40
3 19 41
-3 18 42
-1 17 43
-2 16 44
-4 15 45
-4 14 46
-2 13 47
-7 12 48
-1 11 49
-5 10 50
1 9 51
-7 8 52
1 7 53
3 6 54
-8 5 55
5 4 56
-4 3 57
-6 2 58
-7 1 59
3 0 60
-2 23 36
-7 22 37
-7 21 38
-3 20 39
7 19 40
4 18 41
4 17 42
1 16 43
-2 15 44
5 14 45
4 13 46
3 12 47
-7 11 48
1 10 49
-1 9 50
2 8 51
-7 7 52
1 6 53
7 5 54
7 4 55
1 3 56
-6 2 57
3 0 59
3 23 35
-1 22 36
-6 21 37
-4 20 38
3 19 39
-1 18 40
-1 17 41
-8 16 42
-6 15 43
2 14 44
8 13 45
-8 12 46
-6 11 47
-5 10 48
7 8 50
-8 7 51
3 6 52
-3 5 53
-6 3 55
-8 1 57
4 0 58
-4 22 35
-5 21 36
6 20 37
5 19 38
-3 18 39
5 17 40
6 16 41
-2 15 42
-3 13 44
5 12 45
-5 11 46
-3 10 47
-7 9 48
-1 8 49
-7 7 50
8 6 51
-4 4 53
-6 3 54
-4 2 55
-7 1 56
5 0 57
-2 21 35
-3 20 36
7 19 37
3 18 38
-5 17 39
7 16 40
8 15 41
1 14 42
-3 13 43
-7 12 44
7 11 45
4 10 46
2 9 47
1 8 48
-5 7 49
7 6 50
-2 5 51
3 4 52
-2 3 53
4 2 54
7 1 55
2 0 56
-1 20 35
-5 19 36
3 18 37
-2 17 38
5 16 39
2 15 40
8 14 41
4 13 42
-7 12 43
-6 11 44
-6 10 45
-6 9 46
-7 8 47
2 7 48
-8 5 50
6 4 51
8 3 52
1 2 53
8 1 54
-4 19 35
-6 18 36
7 17 37
-1 16 38
-2 15 39
3 14 40
2 13 41
-8 10 44
3 9 45
-6 8 46
2 7 47
-6 6 48
2 5 49
-8 4 50
-1 3 51
-1 2 52
4 1 53
-8 0 54
-8 18 35
-2 17 36
4 16 37
-8 15 38
-5 14 39
-5 13 40
-3 12 41
3 11 42
-4 10 43
-2 9 44
-2 8 45
8 7 46
7 5 48
8 4 49
-6 3 50
-4 2 51
7 1 52
-5 0 53
7 17 35
-3 14 38
-6 13 39
-2 12 40
7 11 41
5 10 42
1 9 43
1 8 44
3 7 45
6 6 46
4 5 47
-1 4 48
1 3 49
5 2 50
-8 1 51
-8 0 52
4 16 35
4 15 36
8 14 37
-6 13 38
-2 12 39
7 11 40
7 10 41
-4 9 42
-1 8 43
8 7 44
2 6 45
-6 5 46
-6 4 47
6 3 48
4 2 49
-6 1 50
-4 0 51
-1 17 33
-1 16 34
-1 15 35
-1 14 36
2 13 37
3 11 39
-3 10 40
8 9 41
5 8 42
-5 7 43
1 6 44
6 5 45
1 4 46
6 3 47
-1 1 49
3 0 50
3 17 32
-7 16 33
-5 15 34
6 14 35
-1 13 36
6 12 37
-1 11 38
3 10 39
6 9 40
4 8 41
-3 7 42
2 6 43
8 5 44
4 4 45
-6 3 46
-2 1 48
-5 0 49
-6 30 18
4 29 19
2 28 20
7 27 21
3 26 22
-6 25 23
6 24 24
-4 17 31
-3 16 32
-7 15 33
6 14 34
-5 13 35
-8 12 36
-2 10 38
-1 9 39
7 8 40
5 7 41
-5 6 42
-8 5 43
-7 4 44
6 3 45
-3 2 46
5 1 47
1 0 48
2 29 18
8 28 19
-8 27 20
-1 26 21
-2 25 22
-4 24 23
-6 23 24
-2 19 28
8 18 29
5 17 30
1 16 31
1 15 32
5 14 33
6 13 34
-6 12 35
5 11 36
-3 10 37
1 9 38
5 8 39
-4 7 40
-7 6 41
-7 5 42
-6 4 43
3 3 44
-3 2 45
4 1 46
-6 0 47
-4 40 6
7 39 7
-4 38 8
-3 37 9
8 36 10
-2 35 11
-5 34 12
-2 33 13
-5 32 14
-7 31 15
7 30 16
1 29 17
1 28 18
-4 27 19
7 26 20
4 25 21
1 24 22
4 23 23
-3 22 24
3 21 25
-2 20 26
-1 19 27
3 18 28
4 17 29
3 16 30
6 15 31
8 14 32
-8 13 33
6 12 34
8 11 35
-6 10 36
-3 9 37
1 8 38
-8 7 39
-7 6 40
1 5 41
1 4 42
6 3 43
4 2 44
-6 1 45
-3 0 46
4 42 3
5 41 4
6 40 5
7 39 6
-6 38 7
7 37 8
2 36 9
3 35 10
2 34 11
1 33 12
2 32 13
-5 31 14
-3 30 15
2 29 16
3 28 17
1 27 18
6 26 19
2 25 20
4 24 21
4 23 22
-3 22 23
-3 21 24
-5 20 25
6 19 26
6 18 27
7 17 28
-4 16 29
2 15 30
-8 13 32
7 12 33
1 11 34
-6 10 35
-7 9 36
2 8 37
2 7 38
6 6 39
-4 5 40
6 4 41
-3 3 42
8 2 43
-4 1 44
4 0 45
-1 42 2
-5 41 3
-6 39 5
-6 38 6
-2 37 7
-2 36 8
2 35 9
3 34 10
8 33 11
8 32 12
7 31 13
4 30 14
1 29 15
1 28 16
8 27 17
6 26 18
-6 25 19
-5 24 20
-7 23 21
-2 22 22
2 21 23
3 20 24
-4 19 25
2 18 26
-3 17 27
5 16 28
-6 15 29
-7 14 30
2 13 31
1 12 32
-8 11 33
-1 10 34
-4 8 36
-1 7 37
-1 6 38
-6 5 39
-2 4 40
2 3 41
-1 2 42
2 1 43
5 0 44
7 42 1
7 41 2
-7 40 3
8 39 4
7 37 6
8 36 7
1 35 8
-2 34 9
2 33 10
6 32 11
-1 31 12
-4 30 13
-7 29 14
-2 28 15
7 27 16
-7 26 17
-5 25 18
-6 24 19
-5 23 20
-7 22 21
-5 21 22
-8 20 23
-3 19 24
7 18 25
-3 17 26
-3 16 27
-4 15 28
-1 14 29
-1 13 30
-8 12 31
-2 10 33
-3 9 34
-2 8 35
-4 7 36
-2 6 37
3 5 38
6 4 39
-8 3 40
5 2 41
3 1 42
3 0 43
-2 41 1
1 40 2
7 39 3
3 38 4
-3 37 5
-3 36 6
5 35 7
-6 34 8
4 33 9
7 32 10
-6 31 11
-6 30 12
2 29 13
-1 28 14
-4 27 15
2 26 16
7 25 17
-2 24 18
-3 23 19
3 22 20
2 21 21
-6 20 22
-5 19 23
7 18 24
-5 17 25
4 16 26
-2 15 27
7 14 28
-4 13 29
1 12 30
-3 11 31
6 10 32
4 9 33
-1 8 34
1 7 35
-4 6 36
-6 5 37
5 4 38
5 3 39
5 2 40
4 1 41
1 0 42
6 41 0
-8 40 1
2 39 2
-8 38 3
-6 37 4
-6 36 5
1 35 6
4 34 7
-6 33 8
8 32 9
8 31 10
-5 30 11
-3 29 12
2 28 13
-5 27 14
6 26 15
8 25 16
-3 24 17
-6 23 18
7 22 19
-3 21 20
7 20 21
-2 19 22
6 18 23
1 17 24
-7 16 25
-2 15 26
-2 14 27
-6 13 28
6 12 29
6 11 30
-5 10 31
-8 9 32
2 8 33
-5 7 34
4 6 35
1 5 36
1 4 37
-7 3 38
-8 2 39
6 1 40
1 0 41
1 40 0
7 39 1
4 38 2
5 37 3
2 36 4
3 35 5
7 33 7
-5 32 8
8 31 9
-7 29 11
-5 28 12
6 27 13
-2 26 14
3 25 15
1 24 16
7 23 17
1 22 18
5 21 19
8 20 20
-1 19 21
-2 18 22
7 17 23
-2 16 24
1 15 25
6 14 26
5 13 27
-8 12 28
7 11 29
4 10 30
-5 9 31
5 8 32
6 7 33
-8 6 34
-8 5 35
-2 4 36
5 2 38
8 1 39
8 0 40
-3 39 0
6 38 1
3 37 2
-1 36 3
-6 35 4
2 34 5
8 33 6
-1 32 7
4 31 8
-4 30 9
5 29 10
3 28 11
7 27 12
7 26 13
7 25 14
6 24 15
-4 23 16
7 22 17
2 21 18
-5 20 19
1 19 20
7 18 21
6 17 22
-3 16 23
-3 15 24
7 14 25
5 13 26
-1 12 27
-4 11 28
-1 10 29
3 9 30
8 8 31
-7 7 32
-2 6 33
-5 5 34
6 4 35
3 3 36
2 2 37
-6 1 38
5 0 39
-8 38 0
-8 37 1
1 36 2
5 35 3
7 34 4
-8 32 6
-6 31 7
8 30 8
-2 29 9
-1 28 10
4 27 11
3 26 12
4 25 13
-8 24 14
8 23 15
-5 22 16
-1 21 17
-8 20 18
8 19 19
-8 18 20
4 17 21
-7 16 22
-8 15 23
1 14 24
-4 13 25
4 12 26
1 11 27
6 10 28
3 9 29
-7 8 30
-6 7 31
1 6 32
4 5 33
6 4 34
-3 3 35
-4 2 36
3 1 37
-6 0 38
-8 37 0
-2 36 1
8 35 2
-7 34 3
-6 32 5
-6 31 6
2 30 7
4 28 9
-6 27 10
-7 26 11
4 25 12
3 24 13
1 23 14
4 22 15
6 21 16
-6 20 17
-7 19 18
6 18 19
3 17 20
2 16 21
-1 15 22
2 14 23
6 12 25
2 11 26
7 10 27
-6 9 28
3 8 29
4 7 30
-5 6 31
-1 4 33
-6 3 34
-4 2 35
1 1 36
3 0 37
3 35 1
6 34 2
-6 33 3
8 32 4
-5 31 5
-8 30 6
3 29 7
-4 28 8
8 27 9
6 26 10
3 25 11
3 24 12
6 23 13
-1 22 14
2 21 15
3 20 16
-7 19 17
6 17 19
8 16 20
-3 15 21
-6 14 22
-4 13 23
5 12 24
-4 11 25
-4 10 26
-7 9 27
-1 8 28
-3 7 29
-6 6 30
8 5 31
-5 4 32
-2 3 33
-3 2 34
-1 1 35
-3 0 36
3 35 0
5 34 1
8 33 2
4 32 3
-6 31 4
2 29 6
1 28 7
-8 27 8
1 26 9
-2 25 10
-7 24 11
-1 23 12
-7 22 13
4 21 14
-5 20 15
5 19 16
-7 18 17
-8 17 18
-3 16 19
-5 15 20
-6 13 22
-1 12 23
6 11 24
7 10 25
8 9 26
8 8 27
5 7 28
4 6 29
-2 5 30
-3 4 31
1 3 32
4 2 33
-4 1 34
5 0 35
1 34 0
7 33 1
5 32 2
-3 31 3
4 30 4
3 29 5
-2 28 6
6 27 7
5 26 8
1 25 9
-4 24 10
-1 23 11
-3 22 12
-5 21 13
-3 20 14
-5 19 15
5 18 16
7 17 17
-7 16 18
-1 15 19
5 14 20
5 13 21
1 12 22
-8 11 23
6 10 24
-8 9 25
1 8 26
1 7 27
7 6 28
-6 5 29
-1 4 30
-3 3 31
2 2 32
6 1 33
-6 0 34
7 33 0
6 32 1
-6 31 2
-8 30 3
7 29 4
-3 28 5
8 27 6
-3 26 7
-8 25 8
-2 23 10
-1 22 11
-5 21 12
-1 20 13
-5 19 14
7 18 15
4 17 16
-6 16 17
1 15 18
-6 14 19
-3 13 20
3 12 21
-3 11 22
-6 10 23
-3 9 24
5 8 25
6 6 27
1 5 28
6 4 29
-6 3 30
1 1 32
-4 0 33
5 32 0
-2 31 1
-6 30 2
-3 29 3
-8 28 4
8 27 5
6 26 6
-2 25 7
5 24 8
-1 23 9
-7 22 10
-2 21 11
3 20 12
-4 19 13
1 18 14
-2 16 16
-4 15 17
1 14 18
-7 13 19
-5 12 20
4 11 21
1 10 22
2 8 24
4 7 25
7 6 26
4 5 27
7 4 28
-7 3 29
-3 2 30
-6 1 31
-3 0 32
-3 30 1
-1 29 2
5 28 3
-6 27 4
1 26 5
2 25 6
-7 24 7
8 23 8
-7 22 9
4 21 10
4 20 11
-2 19 12
3 18 13
3 17 14
2 16 15
8 15 16
2 14 17
8 13 18
-5 12 19
-3 11 20
-3 10 21
-7 9 22
2 8 23
-2 7 24
-6 6 25
6 5 26
8 4 27
4 3 28
-6 2 29
3 1 30
-8 0 31
-5 30 0
-5 29 1
1 28 2
-6 27 3
3 26 4
7 25 5
2 24 6
-2 23 7
-2 21 9
6 20 10
3 19 11
-3 18 12
-1 17 13
-3 16 14
2 14 16
8 13 17
3 12 18
-1 11 19
-5 10 20
6 9 21
-6 8 22
-2 7 23
2 6 24
-1 5 25
7 4 26
2 3 27
-6 2 28
-6 1 29
-5 0 30
3 29 0
-5 28 1
4 27 2
-4 26 3
5 25 4
-5 24 5
8 23 6
-8 22 7
8 20 9
-3 19 10
-8 18 11
6 17 12
3 16 13
5 15 14
6 14 15
-7 13 16
-8 11 18
4 10 19
4 9 20
4 8 21
1 7 22
7 6 23
7 5 24
8 4 25
1 3 26
-4 2 27
5 1 28
-3 0 29
1 28 0
2 26 2
2 25 3
5 24 4
3 23 5
-7 22 6
-5 21 7
-2 20 8
-8 19 9
-5 18 10
3 17 11
-8 16 12
2 15 13
-4 14 14
5 13 15
8 12 16
-3 11 17
-1 10 18
5 9 19
7 8 20
8 7 21
5 6 22
-6 5 23
1 4 24
-1 3 25
2 2 26
3 1 27
-3 0 28
6 27 0
1 26 1
-6 25 2
7 24 3
-1 23 4
7 22 5
-6 21 6
8 20 7
-7 19 8
-4 18 9
-5 17 10
-3 16 11
-2 15 12
8 13 14
-3 12 15
2 11 16
4 10 17
4 9 18
6 7 20
2 6 21
8 5 22
-1 4 23
-4 3 24
-3 2 25
-8 0 27
-7 26 0
-3 25 1
8 24 2
-4 23 3
-1 22 4
8 21 5
3 20 6
-7 19 7
7 18 8
1 17 9
-4 16 10
3 15 11
2 14 12
-4 13 13
5 12 14
8 11 15
-7 10 16
2 8 18
-2 7 19
-4 6 20
2 5 21
-4 4 22
-6 3 23
4 2 24
4 0 26
5 25 0
2 24 1
7 23 2
2 22 3
8 21 4
3 20 5
1 19 6
-6 18 7
5 17 8
7 16 9
4 15 10
-1 14 11
1 13 12
6 12 13
4 11 14
-4 10 15
8 9 16
-1 8 17
4 7 18
8 6 19
8 5 20
-3 4 21
-5 3 22
1 2 23
-4 1 24
-1 22 2
8 21 3
6 20 4
5 19 5
8 18 6
-6 17 7
6 16 8
4 15 9
1 14 10
-8 13 11
7 12 12
-8 11 13
-8 10 14
-6 9 15
-6 8 16
5 7 17
-5 6 18
-5 5 19
-4 4 20
-2 3 21
-6 2 22
8 1 23
6 0 24
8 23 0
-7 22 1
6 21 2
2 20 3
-8 19 4
-1 18 5
-8 17 6
5 16 7
-1 15 8
4 14 9
3 13 10
-5 12 11
-1 11 12
8 10 13
-4 9 14
-1 8 15
-5 6 17
5 5 18
5 4 19
7 3 20
2 2 21
6 1 22
-2 0 23
6 22 0
-3 21 1
-3 20 2
-3 19 3
-4 18 4
-3 17 5
-2 16 6
-5 15 7
-6 14 8
-8 13 9
7 12 10
-3 11 11
-7 10 12
8 9 13
-1 8 14
8 7 15
1 6 16
-6 5 17
-2 4 18
1 3 19
-8 2 20
6 1 21
3 0 22
-3 21 0
2 20 1
3 19 2
7 18 3
4 17 4
3 16 5
4 15 6
-1 14 7
7 13 8
8 12 9
5 11 10
3 10 11
8 9 12
-1 8 13
7 7 14
5 6 15
-4 5 16
-3 4 17
-6 3 18
5 2 19
8 1 20
-8 0 21
4 20 0
4 19 1
-6 18 2
-4 17 3
2 15 5
3 13 7
-1 12 8
1 11 9
7 10 10
1 9 11
1 8 12
-4 7 13
-8 6 14
-3 5 15
-3 3 17
3 2 18
4 1 19
8 0 20
4 19 0
2 17 2
-7 16 3
4 15 4
-8 14 5
4 13 6
6 12 7
-7 11 8
-4 10 9
1 9 10
-5 8 11
-6 7 12
8 6 13
8 5 14
-3 4 15
6 3 16
-3 2 17
-8 1 18
-7 0 19
-3 18 0
-4 17 1
7 16 2
2 15 3
8 14 4
-2 13 5
1 12 6
5 11 7
7 10 8
-2 9 9
-3 8 10
5 7 11
6 6 12
1 5 13
-6 4 14
-3 3 15
-7 2 16
8 1 17
-4 0 18
-1 17 0
-8 16 1
2 15 2
2 13 4
-3 12 5
1 11 6
7 10 7
-1 9 8
3 8 9
7 7 10
-2 6 11
6 5 12
6 4 13
-8 3 14
-7 2 15
6 1 16
1 0 17
2 16 0
2 15 1
2 14 2
2 13 3
7 12 4
7 11 5
6 10 6
-7 9 7
8 8 8
7 7 9
7 6 10
4 5 11
6 4 12
-4 3 13
1 2 14
-2 1 15
3 0 16
-4 15 0
-5 14 1
-7 13 2
6 12 3
6 11 4
8 10 5
6 9 6
5 8 7
-7 7 8
7 6 9
3 5 10
-8 4 11
-4 3 12
-8 2 13
-7 1 14
3 0 15
3 14 0
2 13 1
-1 12 2
7 11 3
-1 10 4
5 9 5
-7 7 7
6 6 8
-1 5 9
1 4 10
-8 3 11
-3 2 12
4 1 13
-8 0 14
-2 13 0
2 12 1
-1 11 2
-7 10 3
-7 9 4
-1 8 5
-8 5 8
-5 4 9
-4 3 10
8 2 11
-8 1 12
-7 0 13
-7 12 0
7 11 1
-1 10 2
2 9 3
-1 8 4
1 7 5
1 6 6
2 5 7
-2 4 8
2 3 9
1 2 10
-2 1 11
3 0 12
7 11 0
8 10 1
-8 9 2
5 8 3
-8 7 4
7 6 5
8 5 6
2 4 7
-5 3 8
5 2 9
-2 1 10
7 0 11
8 9 1
-7 8 2
-5 7 3
5 6 4
8 5 5
8 4 6
3 2 8
8 1 9
1 0 10
2 9 0
8 8 1
2 7 2
-4 6 3
8 5 4
-1 4 5
7 3 6
8 2 7
8 1 8
6 0 9
-7 8 0
-8 7 1
1 6 2
-5 5 3
5 4 4
-7 3 5
1 1 7
-6 0 8
-1 7 0
-5 6 1
7 5 2
-7 4 3
3 3 4
5 2 5
-5 1 6
-4 0 7
6 6 0
4 5 1
4 4 2
-5 3 3
8 2 4
5 1 5
7 0 6
-8 5 0
2 4 1
2 2 3
6 1 4
-3 0 5
-8 4 0
-8 3 1
-3 2 2
6 1 3
6 0 4
-2 3 0
-7 2 1
-8 1 2
8 0 3
-3 2 0
-8 1 1
1 1 0
-7 0 1
END
DONE
